"PhabCode","SampleID","SampleDate","StationCode","SelectedSamples"
"000CAT228","000CAT2282010-08-10","8/10/2010","CAT08722-228","Selected"
"101WE1111","101WE11112002-08-06","8/6/2002","101WE1111","Selected"
"102PS0139","102PS01392010-08-09","8/9/2010","102PS0139","Selected"
"103CDCHHR","103CDCHHR2010-09-14","9/14/2010","103FS0405","Selected"
"103KLCMSR","103KLCMSR2010-09-14","9/14/2010","103FS0404","Selected"
"103RDCBCC","103RDCBCC2011-07-21","7/21/2011","103RDCBCC","Selected"
"103STCNSR","103STCNSR2011-08-09","8/9/2011","103STCNSR","Selected"
"103WE0585","103WE05852000-09-15","9/15/2000","103WE0585","Selected"
"103WE0817","103WE08172003-07-22","7/22/2003","103WE0817","NotSelected"
"103WE0817","103WE08172004-08-03","8/3/2004","103WE0817","Selected"
"103WE0817","103WE08172001-06-14","6/14/2001","103WE0817","NotSelected"
"103WE0817","103WE08172003-07-31","7/31/2003","103WE0817","NotSelected"
"103WE0817","103WE08172004-05-19","5/19/2004","103WE0817","NotSelected"
"103WE1072","103WE10722003-07-23","7/23/2003","103WE1072","Selected"
"103WE1072","103WE10722002-05-24","5/24/2002","103WE1072","NotSelected"
"103WER026","103WER0262012-08-15","8/15/2012","103WER026","Selected"
"103WER026","103WER0262003-07-29","7/29/2003","103WER026","NotSelected"
"103WER029","103WER0292003-07-30","7/30/2003","103WER029","Selected"
"103WER030","103WER0302011-08-10","8/10/2011","103WER030","Selected"
"103WER030","103WER0302003-07-31","7/31/2003","103WER030","NotSelected"
"105BVCAGC","105BVCAGC2010-09-21","9/21/2010","105FS0415","Selected"
"105CLCATC","105CLCATC2010-08-10","8/10/2010","105FS0424","Selected"
"105DLCDCC","105DLCDCC2009-10-20","10/20/2009","105FS0418","NotSelected"
"105DLCDCC","105DLCDCC2009-09-15","9/15/2009","105FS0418","NotSelected"
"105DLCDCC","105DLCDCC2009-06-23","6/23/2009","105FS0418","NotSelected"
"105DLCDCC","105DLCDCC2009-05-19","5/19/2009","105FS0418","Selected"
"105DLCDCC","105DLCDCC2009-08-05","8/5/2009","105FS0418","NotSelected"
"105FS0425","105FS04252011-08-10","8/10/2011","105FS0425","Selected"
"105FS0428","105FS04282011-08-03","8/3/2011","105FS0428","Selected"
"105PS0028","105PS00282008-08-26","8/26/2008","105PS0028","Selected"
"105PS0028","105PS00282008-08-12","8/12/2008","105PS0028","NotSelected"
"105PS0043","105PS00432008-09-17","9/17/2008","105PS0043","Selected"
"105PS0067","105PS00672009-08-24","8/24/2009","105PS0067","NotSelected"
"105PS0067","105PS00672009-09-15","9/15/2009","105PS0067","Selected"
"105PS0069","105PS00692009-08-18","8/18/2009","105PS0069","Selected"
"105PS0083","105PS00832009-09-08","9/8/2009","105PS0083","Selected"
"105PS0090","105PS00902012-08-07","8/7/2012","105PS0090","Selected"
"105PS0090","105PS00902009-08-25","8/25/2009","105PS0090","NotSelected"
"105PS0092","105PS00922008-08-11","8/11/2008","105PS0092","Selected"
"105PS0097","105PS00972009-09-08","9/8/2009","105PS0097","Selected"
"105PS0107","105PS01072009-09-14","9/14/2009","105PS0107","Selected"
"105PS0129","105PS01292010-08-11","8/11/2010","105PS0129","Selected"
"105PS0154","105PS01542011-08-09","8/9/2011","105PS0154","Selected"
"105PS0188","105PS01882008-08-26","8/26/2008","105PS0188","Selected"
"105PS0276","105PS02762009-09-22","9/22/2009","105PS0276","NotSelected"
"105PS0276","105PS02762009-09-01","9/1/2009","105PS0276","Selected"
"105PS0468","105PS04682009-09-01","9/1/2009","105PS0468","Selected"
"105PS0540","105PS05402010-08-05","8/5/2010","105PS0540","Selected"
"105PS0540","105PS05402010-09-15","9/15/2010","105PS0540","NotSelected"
"105PS0660","105PS06602010-08-03","8/3/2010","105PS0660","Selected"
"105TMCACC","105TMCACC2010-08-10","8/10/2010","105FS0423","Selected"
"105WE0579","105WE05792002-05-22","5/22/2002","105WE0579","Selected"
"105WE0579","105WE05792003-07-28","7/28/2003","105WE0579","NotSelected"
"105WE0583","105WE05832001-08-01","8/1/2001","105WE0583","Selected"
"105WE0591","105WE05912003-07-25","7/25/2003","105WE0591","NotSelected"
"105WE0591","105WE05912000-09-07","9/7/2000","105WE0591","Selected"
"105WE0592","105WE05922000-09-12","9/12/2000","105WE0592","Selected"
"105WE0598","105WE05982002-09-17","9/17/2002","105WE0598","Selected"
"105WE0601","105WE06012000-09-05","9/5/2000","105WE0601","Selected"
"105WE0603","105WE06032001-06-22","6/22/2001","105WE0603","NotSelected"
"105WE0603","105WE06032003-07-29","7/29/2003","105WE0603","Selected"
"105WE0604","105WE06042000-09-13","9/13/2000","105WE0604","Selected"
"105WE0613","105WE06132000-08-08","8/8/2000","105WE0613","Selected"
"105WE0630","105WE06302000-09-11","9/11/2000","105WE0630","Selected"
"105WE0630","105WE06302004-05-17","5/17/2004","105WE0630","NotSelected"
"105WE0756","105WE07562001-09-27","9/27/2001","105WE0756","Selected"
"105WE0756","105WE07562001-08-21","8/21/2001","105WE0756","NotSelected"
"105WE0756","105WE07562002-07-31","7/31/2002","105WE0756","NotSelected"
"105WE0756","105WE07562002-09-26","9/26/2002","105WE0756","NotSelected"
"105WE0761","105WE07612001-10-02","10/2/2001","105WE0761","Selected"
"105WE0811","105WE08112001-07-31","7/31/2001","105WE0811","Selected"
"105WE0833","105WE08332001-08-15","8/15/2001","105WE0833","Selected"
"105WE0845","105WE08452001-09-26","9/26/2001","105WE0845","Selected"
"105WE0857","105WE08572003-08-26","8/26/2003","105WE0857","Selected"
"105WE1000","105WE10002002-07-17","7/17/2002","105WE1000","Selected"
"105WE1005","105WE10052002-08-21","8/21/2002","105WE1005","Selected"
"105WE1060","105WE10602002-08-22","8/22/2002","105WE1060","Selected"
"105WE1064","105WE10642002-07-16","7/16/2002","105WE1064","Selected"
"105WE1067","105WE10672002-07-10","7/10/2002","105WE1067","Selected"
"105WE1091","105WE10912002-08-13","8/13/2002","105WE1091","Selected"
"105WER052","105WER0522003-08-27","8/27/2003","105WER052","Selected"
"105WLCABC","105WLCABC2011-08-03","8/3/2011","105WLCABC","Selected"
"106FS0040","106FS00402011-08-30","8/30/2011","106FS0040","Selected"
"106MNCAHC","106MNCAHC2008-10-01","10/1/2008","R5BIO-430","Selected"
"106PS0022","106PS00222008-09-30","9/30/2008","106PS0022","Selected"
"106PS0051","106PS00512008-09-16","9/16/2008","106PS0051","Selected"
"106PS0078","106PS00782009-08-26","8/26/2009","106PS0078","Selected"
"106PS0106","106PS01062009-09-08","9/8/2009","106PS0106","Selected"
"106PS0115","106PS01152010-09-21","9/21/2010","106PS0115","Selected"
"106PS0122","106PS01222010-09-20","9/20/2010","106PS0122","Selected"
"106PS0124","106PS01242010-08-16","8/16/2010","106PS0124","Selected"
"106PS0142","106PS01422010-07-19","7/19/2010","106PS0142","Selected"
"106PS0166","106PS01662011-08-02","8/2/2011","106PS0166","Selected"
"106PS0173","106PS01732011-08-04","8/4/2011","106PS0173","Selected"
"106PTCAHC","106PTCAHC2008-09-02","9/2/2008","106FS0045","Selected"
"106WE0505","106WE05052001-09-05","9/5/2001","106WE0505","Selected"
"106WE0505","106WE05052000-08-09","8/9/2000","106WE0505","NotSelected"
"106WE0505","106WE05052001-10-04","10/4/2001","106WE0505","NotSelected"
"106WE0505","106WE05052000-09-14","9/14/2000","106WE0505","NotSelected"
"106WE0574","106WE05742000-08-15","8/15/2000","106WE0574","Selected"
"106WE0580","106WE05802000-08-30","8/30/2000","106WE0580","Selected"
"106WE0581","106WE05812001-07-26","7/26/2001","106WE0581","Selected"
"106WE0587","106WE05872000-08-16","8/16/2000","106WE0587","Selected"
"106WE0593","106WE05932001-08-28","8/28/2001","106WE0593","Selected"
"106WE0768","106WE07682001-07-25","7/25/2001","106WE0768","Selected"
"106WE0812","106WE08122001-07-12","7/12/2001","106WE0812","Selected"
"106WE0824","106WE08242001-07-24","7/24/2001","106WE0824","Selected"
"106WE0831","106WE08312001-07-11","7/11/2001","106WE0831","Selected"
"106WE0843","106WE08432001-10-03","10/3/2001","106WE0843","Selected"
"106WE1055","106WE10552002-07-11","7/11/2002","106WE1055","Selected"
"106WE1062","106WE10622002-09-12","9/12/2002","106WE1062","Selected"
"106WE1066","106WE10662002-07-17","7/17/2002","106WE1066","Selected"
"106WE1079","106WE10792012-08-08","8/8/2012","106WE1079","NotSelected"
"106WE1079","106WE10792002-07-09","7/9/2002","106WE1079","Selected"
"106WE1080","106WE10802002-05-18","5/18/2002","106WE1080","Selected"
"106WER011","106WER0112003-09-25","9/25/2003","106WER011","Selected"
"106WER012","106WER0122003-09-17","9/17/2003","106WER012","Selected"
"106WER014","106WER0142003-09-18","9/18/2003","106WER014","Selected"
"106WER016","106WER0162009-09-16","9/16/2009","106WER016","NotSelected"
"106WER016","106WER0162009-06-22","6/22/2009","106WER016","NotSelected"
"106WER016","106WER0162003-09-16","9/16/2003","106WER016","NotSelected"
"106WER016","106WER0162009-08-04","8/4/2009","106WER016","NotSelected"
"106WER016","106WER0162009-05-18","5/18/2009","106WER016","NotSelected"
"106WER016","106WER0162009-10-20","10/20/2009","106WER016","Selected"
"106WER037","106WER0372003-08-14","8/14/2003","106WER037","Selected"
"106WER062","106WER0622003-08-28","8/28/2003","106WER062","Selected"
"107GWCAPC","107GWCAPC2010-09-15","9/15/2010","JonLee5","Selected"
"107LLM101","107LLM1012010-09-13","9/13/2010","JonLee6","Selected"
"107PS0021","107PS00212008-09-03","9/3/2008","107PS0021","Selected"
"107RWCBHW","107RWCBHW2011-08-03","8/3/2011","107RWCBHW","Selected"
"107WE0605","107WE06052000-09-19","9/19/2000","107WE0605","Selected"
"107WE0750","107WE07502001-08-07","8/7/2001","107WE0750","Selected"
"107WER092","107WER0922012-08-27","8/27/2012","107WER092","NotSelected"
"107WER092","107WER0922003-08-12","8/12/2003","107WER092","Selected"
"108WE1090","108WE10902002-08-20","8/20/2002","108WE1090","Selected"
"109PS0162","109PS01622011-07-20","7/20/2011","109PS0162","Selected"
"109WE1051","109WE10512002-07-16","7/16/2002","109WE1051","Selected"
"110ECSLSF","110ECSLSF2011-07-26","7/26/2011","110ECSLSF","Selected"
"110PS0114","110PS01142010-07-21","7/21/2010","110PS0114","Selected"
"110SMCATH","110SMCATH2011-07-27","7/27/2011","110SMCATH","Selected"
"110WE0838","110WE08382001-08-08","8/8/2001","110WE0838","Selected"
"111BBRBCC","111BBRBCC2009-09-23","9/23/2009","111BBRBCC","Selected"
"111BGCAER","111BGCAER2009-10-06","10/6/2009","111BGCAER","Selected"
"111CE0569","111CE05692010-05-11","5/11/2010","111CE0569","NotSelected"
"111CE0569","111CE05692010-10-11","10/11/2010","111CE0569","NotSelected"
"111CE0569","111CE05692010-06-15","6/15/2010","111CE0569","Selected"
"111CE0569","111CE05692010-09-01","9/1/2010","111CE0569","NotSelected"
"111CE0569","111CE05692010-07-20","7/20/2010","111CE0569","NotSelected"
"111FS0001","111FS00012011-07-05","7/5/2011","111FS0001","Selected"
"111FS0007","111FS00072011-07-11","7/11/2011","111FS0007","Selected"
"111FS0008","111FS00082012-07-19","7/19/2012","111FS0008","NotSelected"
"111FS0008","111FS00082012-05-02","5/2/2012","111FS0008","NotSelected"
"111FS0008","111FS00082011-07-06","7/6/2011","111FS0008","Selected"
"111FS0008","111FS00082012-06-07","6/7/2012","111FS0008","NotSelected"
"111HSCAER","111HSCAER2011-07-26","7/26/2011","111HSCAER","Selected"
"111PAL105","111PAL1052011-07-13","7/13/2011","111PAL105","Selected"
"111PS0008","111PS00082008-09-29","9/29/2008","111PS0008","NotSelected"
"111PS0008","111PS00082008-09-09","9/9/2008","111PS0008","Selected"
"111PS0013","111PS00132008-08-19","8/19/2008","111PS0013","Selected"
"111PS0057","111PS00572008-08-18","8/18/2008","111PS0057","Selected"
"111PS0060","111PS00602008-10-07","10/7/2008","111PS0060","Selected"
"111PS0095","111PS00952009-08-27","8/27/2009","111PS0095","Selected"
"111PS0110","111PS01102009-06-24","6/24/2009","111PS0110","Selected"
"111PS0121","111PS01212010-07-20","7/20/2010","111PS0121","Selected"
"111PS0144","111PS01442010-08-18","8/18/2010","111PS0144","Selected"
"111PS0159","111PS01592011-07-14","7/14/2011","111PS0159","Selected"
"111PS0160","111PS01602011-07-25","7/25/2011","111PS0160","Selected"
"111PS0169","111PS01692011-07-25","7/25/2011","111PS0169","Selected"
"111PS0204","111PS02042010-08-17","8/17/2010","111PS0204","Selected"
"111TGCAER","111TGCAER2012-07-24","7/24/2012","111FS0158","Selected"
"111TGCAER","111TGCAER2010-08-17","8/17/2010","111FS0158","NotSelected"
"111WE0600","111WE06002000-08-02","8/2/2000","111WE0600","Selected"
"111WE0606","111WE06062000-08-23","8/23/2000","111WE0606","Selected"
"111WE0618","111WE06182003-07-23","7/23/2003","111WE0618","Selected"
"111WE0813","111WE08132004-05-07","5/7/2004","111WE0813","Selected"
"111WE0814","111WE08142001-06-19","6/19/2001","111WE0814","NotSelected"
"111WE0814","111WE08142004-05-13","5/13/2004","111WE0814","Selected"
"111WE0816","111WE08162001-08-14","8/14/2001","111WE0816","Selected"
"111WE0825","111WE08252001-07-10","7/10/2001","111WE0825","Selected"
"111WE0832","111WE08322001-07-24","7/24/2001","111WE0832","Selected"
"111WE0837","111WE08372002-07-09","7/9/2002","111WE0837","Selected"
"111WE0844","111WE08442002-08-08","8/8/2002","111WE0844","Selected"
"111WE1050","111WE10502002-06-25","6/25/2002","111WE1050","Selected"
"111WE1056","111WE10562002-07-11","7/11/2002","111WE1056","Selected"
"111WE1057","111WE10572002-07-30","7/30/2002","111WE1057","Selected"
"111WE1065","111WE10652002-06-27","6/27/2002","111WE1065","Selected"
"111WE1071","111WE10712012-07-26","7/26/2012","111WE1071","NotSelected"
"111WE1071","111WE10712002-06-26","6/26/2002","111WE1071","Selected"
"111WE1074","111WE10742002-07-31","7/31/2002","111WE1074","Selected"
"111WE1075","111WE10752002-07-10","7/10/2002","111WE1075","Selected"
"111WE1092","111WE10922002-08-14","8/14/2002","111WE1092","Selected"
"111WE1106","111WE11062002-08-01","8/1/2002","111WE1106","Selected"
"111WER003","111WER0032003-08-06","8/6/2003","111WER003","Selected"
"111WER008","111WER0082012-07-23","7/23/2012","111WER008","NotSelected"
"111WER008","111WER0082003-08-07","8/7/2003","111WER008","Selected"
"111WER022","111WER0222003-08-05","8/5/2003","111WER022","Selected"
"111WER036","111WER0362003-09-30","9/30/2003","111WER036","Selected"
"111WER046","111WER0462003-10-01","10/1/2003","111WER046","Selected"
"111WER047","111WER0472003-10-01","10/1/2003","111WER047","Selected"
"111WER077","111WER0772003-07-22","7/22/2003","111WER077","Selected"
"111WER080","111WER0802003-07-22","7/22/2003","111WER080","Selected"
"111WER098","111WER0982003-09-24","9/24/2003","111WER098","Selected"
"111WER159","111WER1592009-06-24","6/24/2009","111WER159","NotSelected"
"111WER159","111WER1592009-05-21","5/21/2009","111WER159","NotSelected"
"111WER159","111WER1592004-06-29","6/29/2004","111WER159","NotSelected"
"111WER159","111WER1592009-09-16","9/16/2009","111WER159","NotSelected"
"111WER159","111WER1592009-10-19","10/19/2009","111WER159","NotSelected"
"111WER159","111WER1592009-08-03","8/3/2009","111WER159","Selected"
"112PS0157","112PS01572011-07-12","7/12/2011","112PS0157","Selected"
"112WE1063","112WE10632002-09-10","9/10/2002","112WE1063","Selected"
"112WER078","112WER0782003-07-22","7/22/2003","112WER078","Selected"
"113PS0012","113PS00122008-09-09","9/9/2008","113PS0012","Selected"
"113PS0084","113PS00842009-08-18","8/18/2009","113PS0084","Selected"
"113PS0100","113PS01002009-08-25","8/25/2009","113PS0100","Selected"
"113PS0120","113PS01202010-09-14","9/14/2010","113PS0120","Selected"
"113PS0132","113PS01322010-09-15","9/15/2010","113PS0132","Selected"
"113PS0168","113PS01682011-07-06","7/6/2011","113PS0168","Selected"
"113WE0590","113WE05902000-08-24","8/24/2000","113WE0590","Selected"
"113WE0619","113WE06192000-08-22","8/22/2000","113WE0619","Selected"
"113WER082","113WER0822003-09-03","9/3/2003","113WER082","Selected"
"113WER086","113WER0862003-09-04","9/4/2003","113WER086","Selected"
"113WER088","113WER0882003-08-18","8/18/2003","113WER088","Selected"
"114CE0131","114CE01312012-07-31","7/31/2012","114CE0131","Selected"
"114CE0567","114CE05672004-05-24","5/24/2004","114CE0567","Selected"
"114MRCURX","114MRCURX2008-06-24","6/24/2008","114MRCURX","Selected"
"114PS0088","114PS00882009-08-19","8/19/2009","114PS0088","Selected"
"114PS0145","114PS01452011-06-20","6/20/2011","114PS0145","Selected"
"114PS0152","114PS01522011-07-07","7/7/2011","114PS0152","Selected"
"114PS0152","114PS01522011-08-18","8/18/2011","114PS0152","NotSelected"
"114WE0614","114WE06142012-07-09","7/9/2012","114WE0614","NotSelected"
"114WE0614","114WE06142003-08-20","8/20/2003","114WE0614","Selected"
"114WE0810","114WE08102001-07-26","7/26/2001","114WE0810","Selected"
"114WE1048","114WE10482002-08-08","8/8/2002","114WE1048","Selected"
"114WER118","114WER1182008-08-20","8/20/2008","114WER118","NotSelected"
"114WER118","114WER1182003-08-19","8/19/2003","114WER118","Selected"
"115EBAG01","115EBAG012010-07-01","7/1/2010","115EBAG01","Selected"
"115WE0835","115WE08352001-09-19","9/19/2001","115WE0835","Selected"
"201CE0039","201CE00392004-05-26","5/26/2004","201CE0039","Selected"
"201LAG190","201LAG1902008-10-06","10/6/2008","201LAG190","Selected"
"201LAG335","201LAG3352009-07-15","7/15/2009","201LAG335","Selected"
"201LAG380","201LAG3802009-07-14","7/14/2009","201LAG380","Selected"
"201MRS020","201MRS0202010-09-13","9/13/2010","201MRS020","Selected"
"201RDW080","201RDW0802008-05-07","5/7/2008","201RDW080","NotSelected"
"201RDW080","201RDW0802009-06-03","6/3/2009","201RDW080","NotSelected"
"201RDW080","201RDW0802009-04-20","4/20/2009","201RDW080","NotSelected"
"201RDW080","201RDW0802010-06-02","6/2/2010","201RDW080","NotSelected"
"201RDW080","201RDW0802008-06-23","6/23/2008","201RDW080","NotSelected"
"201RDW080","201RDW0802008-08-12","8/12/2008","201RDW080","NotSelected"
"201RDW080","201RDW0802008-07-09","7/9/2008","201RDW080","NotSelected"
"201RDW080","201RDW0802009-08-11","8/11/2009","201RDW080","Selected"
"202BUT030","202BUT0302010-06-29","6/29/2010","304BUTCYN","Selected"
"202BUT030","202BUT0302010-06-29","6/29/2010","202BUT030","Selected"
"202BUT040","202BUT0402011-06-14","6/14/2011","202BUT040","Selected"
"202BUT050","202BUT0502009-06-16","6/16/2009","202BUT050","Selected"
"202PES162","202PES1622008-05-01","5/1/2008","202PES162","NotSelected"
"202PES162","202PES1622009-08-17","8/17/2009","202PES162","Selected"
"202PES162","202PES1622009-04-27","4/27/2009","202PES162","NotSelected"
"202PES162","202PES1622009-06-16","6/16/2009","202PES162","NotSelected"
"202PES162","202PES1622008-09-10","9/10/2008","202PES162","NotSelected"
"202PES162","202PES1622010-06-07","6/7/2010","202PES162","NotSelected"
"202PES162","202PES1622008-06-18","6/18/2008","202PES162","NotSelected"
"202PES162","202PES1622008-07-23","7/23/2008","202PES162","NotSelected"
"202PES162","202PES1622008-10-09","10/9/2008","202PES162","NotSelected"
"202PS0134","202PS01342011-05-31","5/31/2011","202PS0134","Selected"
"202SPE090","202SPE0902009-06-15","6/15/2009","202SPE090","Selected"
"203PS0070","203PS00702010-07-19","7/19/2010","203PS0070","NotSelected"
"203PS0070","203PS00702010-09-07","9/7/2010","203PS0070","Selected"
"204ALP040","204ALP0402011-10-03","10/3/2011","204ALP040","NotSelected"
"204ALP040","204ALP0402011-06-21","6/21/2011","204ALP040","Selected"
"204ALP040","204ALP0402011-04-16","4/16/2011","204ALP040","NotSelected"
"204IND200","204IND2002009-04-13","4/13/2009","204IND200","NotSelected"
"204IND200","204IND2002008-04-29","4/29/2008","204IND200","NotSelected"
"204IND200","204IND2002008-06-16","6/16/2008","204IND200","NotSelected"
"204IND200","204IND2002010-05-25","5/25/2010","204IND200","Selected"
"204IND200","204IND2002009-06-11","6/11/2009","204IND200","NotSelected"
"204IND200","204IND2002008-07-22","7/22/2008","204IND200","NotSelected"
"204PS0038","204PS00382008-06-19","6/19/2008","204PS0038","Selected"
"204PS0094","204PS00942010-07-14","7/14/2010","204PS0094","Selected"
"204PS0102","204PS01022011-08-10","8/10/2011","204PS0102","Selected"
"204PS0102","204PS01022011-06-15","6/15/2011","204PS0102","NotSelected"
"204PS0118","204PS01182011-06-15","6/15/2011","204PS0118","Selected"
"204WE0748","204WE07482001-08-20","8/20/2001","204WE0748","Selected"
"204WE0984","204WE09842002-06-19","6/19/2002","204WE0984","Selected"
"205COY140","205COY1402009-06-17","6/17/2009","205COY140","Selected"
"205COY610","205COY6102009-06-08","6/8/2009","205COY610","NotSelected"
"205COY610","205COY6102010-06-03","6/3/2010","205COY610","NotSelected"
"205COY610","205COY6102009-04-15","4/15/2009","205COY610","NotSelected"
"205COY610","205COY6102008-04-30","4/30/2008","205COY610","Selected"
"205COY610","205COY6102008-06-17","6/17/2008","205COY610","NotSelected"
"205COY610","205COY6102008-07-15","7/15/2008","205COY610","NotSelected"
"205CYCAHH","205CYCAHH2008-06-10","6/10/2008","205CYCAHH","Selected"
"205CYCBBC","205CYCBBC2010-06-28","6/28/2010","200COYCOI","Selected"
"205GCAxxx","205GCAxxx2010-07-15","7/15/2010","200GUAHIC","Selected"
"205PS0045","205PS00452009-06-17","6/17/2009","205PS0045","Selected"
"205PS0074","205PS00742010-07-14","7/14/2010","205PS0074","Selected"
"205PS0106","205PS01062011-06-21","6/21/2011","205PS0106","Selected"
"205PS0109","205PS01092011-06-21","6/21/2011","205PS0109","Selected"
"205PS0138","205PS01382011-06-01","6/1/2011","205PS0138","Selected"
"205SAR057","205SAR0572009-05-13","5/13/2009","205SAR057","Selected"
"205SAR060","205SAR0602009-05-13","5/13/2009","205SAR060","Selected"
"205SAR070","205SAR0702009-05-14","5/14/2009","205SAR070","Selected"
"205SAR080","205SAR0802009-05-14","5/14/2009","205SAR080","Selected"
"205STE110","205STE1102009-07-13","7/13/2009","205STE110","Selected"
"206CE0023","206CE00232004-05-25","5/25/2004","206CE0023","Selected"
"206PS0054","206PS00542009-06-15","6/15/2009","206PS0054","Selected"
"206PS0073","206PS00732010-07-20","7/20/2010","206PS0073","Selected"
"206RCCBDC","206RCCBDC2010-07-20","7/20/2010","206RED125","Selected"
"206RIC100","206RIC1002008-06-19","6/19/2008","206RIC100","NotSelected"
"206RIC100","206RIC1002009-08-12","8/12/2009","206RIC100","NotSelected"
"206RIC100","206RIC1002009-05-11","5/11/2009","206RIC100","NotSelected"
"206RIC100","206RIC1002009-06-17","6/17/2009","206RIC100","NotSelected"
"206RIC100","206RIC1002008-08-14","8/14/2008","206RIC100","Selected"
"206RIC100","206RIC1002008-05-02","5/2/2008","206RIC100","NotSelected"
"206RIC100","206RIC1002010-06-01","6/1/2010","206RIC100","NotSelected"
"206RIC100","206RIC1002011-08-02","8/2/2011","206RIC100","NotSelected"
"206RIC100","206RIC1002008-07-21","7/21/2008","206RIC100","NotSelected"
"206SON300","206SON3002009-07-14","7/14/2009","206SON300","NotSelected"
"206SON300","206SON3002011-08-10","8/10/2011","206SON300","Selected"
"206TUL120","206TUL1202011-06-13","6/13/2011","206TUL120","Selected"
"207CE0058","207CE00582004-05-19","5/19/2004","207CE0058","Selected"
"207MTD117","207MTD1172010-05-24","5/24/2010","207MTD117","NotSelected"
"207MTD117","207MTD1172009-04-22","4/22/2009","207MTD117","NotSelected"
"207MTD117","207MTD1172008-05-06","5/6/2008","207MTD117","Selected"
"207MTD117","207MTD1172009-01-08","1/8/2009","207MTD117","NotSelected"
"207PS0142","207PS01422011-06-01","6/1/2011","207PS0142","Selected"
"207WAL410","207WAL4102012-05-08","5/8/2012","207WAL410","Selected"
"207WE0867","207WE08672003-07-16","7/16/2003","207WE0867","Selected"
"304APSxxx","304APSxxx2011-07-06","7/6/2011","304APS","Selected"
"304APTxxx","304APTxxx2007-04-04","4/4/2007","304APT","Selected"
"304BEPxxx","304BEPxxx2011-07-07","7/7/2011","304BEP","Selected"
"304BH9xxx","304BH9xxx2011-06-10","6/10/2011","304BH9","Selected"
"304CE0036","304CE00362004-05-06","5/6/2004","304CE0036","Selected"
"304CE0532","304CE05322004-05-17","5/17/2004","304CE0532","Selected"
"304GAZxxx","304GAZxxx2007-04-10","4/10/2007","304GAZxxx","Selected"
"304PS0006","304PS00062008-06-04","6/4/2008","304PS0006","Selected"
"304PS0006","304PS00062008-06-17","6/17/2008","304PS0006","NotSelected"
"304PS0018","304PS00182008-06-04","6/4/2008","304PS0018","Selected"
"304SL9xxx","304SL9xxx2011-07-22","7/22/2011","304SL9","Selected"
"304SOKxxx","304SOKxxx2010-06-18","6/18/2010","304SOK","Selected"
"304SOKxxx","304SOKxxx2007-04-04","4/4/2007","304SOK","NotSelected"
"304SPC236","304SPC2362010-06-28","6/28/2010","304SEM236a","Selected"
"304WDCAH1","304WDCAH12010-06-29","6/29/2010","304WADRED","Selected"
"304WE1096","304WE10962002-06-18","6/18/2002","304WE1096","Selected"
"305CE0062","305CE00622004-05-18","5/18/2004","305CE0062","Selected"
"305CE0484","305CE04842004-05-18","5/18/2004","305CE0484","Selected"
"305CLCSBR","305CLCSBR2008-06-11","6/11/2008","305CLCSBR","Selected"
"305COR2xx","305COR2xx2011-06-08","6/8/2011","305COR2xx","Selected"
"305LGCACR","305LGCACR2008-07-16","7/16/2008","305LGCACR","Selected"
"305LGCBRC","305LGCBRC2010-06-30","6/30/2010","305LLAOSP","Selected"
"305PS0034","305PS00342008-06-17","6/17/2008","305PS0034","Selected"
"305PS0057","305PS00572009-06-16","6/16/2009","305PS0057","Selected"
"305PS0061","305PS00612009-06-17","6/17/2009","305PS0061","Selected"
"305SSCAUC","305SSCAUC2010-06-29","6/29/2010","305SWACRO","Selected"
"305UVCASC","305UVCASC2010-06-29","6/29/2010","305UVASWA","Selected"
"305WE0883","305WE08832001-06-28","6/28/2001","305WE0883","Selected"
"307CE0094","307CE00942012-06-12","6/12/2012","307CE0094","NotSelected"
"307CE0094","307CE00942004-05-04","5/4/2004","307CE0094","Selected"
"307CMRADC","307CMRADC2010-06-22","6/22/2010","307CARLOS","Selected"
"307CMUxxx","307CMUxxx2009-06-16","6/16/2009","307CMU","Selected"
"307PS0028","307PS00282008-06-03","6/3/2008","307PS0028","Selected"
"307PS0044","307PS00442009-06-08","6/8/2009","307PS0044","Selected"
"307SCCARR","307SCCARR2010-06-21","6/21/2010","307SANCLE","Selected"
"308BGCxxx","308BGCxxx2011-08-11","8/11/2011","308BGCxxx","Selected"
"308BGCxxx","308BGCxxx2009-09-02","9/2/2009","308BGCxxx","NotSelected"
"308BGCxxx","308BGCxxx2011-06-14","6/14/2011","308BGCxxx","NotSelected"
"308BSRxxx","308BSRxxx2007-04-11","4/11/2007","308BSR","Selected"
"308BSRxxx","308BSRxxx2009-08-05","8/5/2009","308BSR","NotSelected"
"308BSUxxx","308BSUxxx2010-08-05","8/5/2010","308BSU","NotSelected"
"308BSUxxx","308BSUxxx2010-07-13","7/13/2010","308BSU","NotSelected"
"308BSUxxx","308BSUxxx2009-08-05","8/5/2009","308BSU","Selected"
"308LSRASC","308LSRASC2011-07-18","7/18/2011","308LSRASC","NotSelected"
"308LSRASC","308LSRASC2011-06-13","6/13/2011","308LSRASC","Selected"
"308MWCAH1","308MWCAH12010-06-23","6/23/2010","308MCWJPB","Selected"
"308PWCAH1","308PWCAH12010-06-22","6/22/2010","R5BIO-324","Selected"
"308SAMxxx","308SAMxxx2010-06-23","6/23/2010","308SALHY1","Selected"
"308SBCAH1","308SBCAH12010-06-21","6/21/2010","308SOBHW1","Selected"
"308WER325","308WER3252004-05-05","5/5/2004","308WER325","Selected"
"308WLOxxx","308WLOxxx2007-04-11","4/11/2007","308WLOxxx","Selected"
"308WLOxxx","308WLOxxx2009-07-21","7/21/2009","308WLOxxx","NotSelected"
"309ARCBRC","309ARCBRC2008-08-25","8/25/2008","309ARCBRC","Selected"
"309ARSARC","309ARSARC2010-06-23","6/23/2010","309UASIND","Selected"
"309CLCBVC","309CLCBVC2008-07-15","7/15/2008","309CLCBVC","Selected"
"309PS0040","309PS00402008-06-03","6/3/2008","309PS0040","Selected"
"309PS0043","309PS00432009-06-10","6/10/2009","309PS0043","Selected"
"309PS0043","309PS00432009-07-08","7/8/2009","309PS0043","NotSelected"
"309PS0072","309PS00722010-06-23","6/23/2010","309PS0072","Selected"
"309PS0116","309PS01162011-06-16","6/16/2011","309PS0116","Selected"
"309PSOxxx","309PSOxxx2012-05-22","5/22/2012","309PSO","Selected"
"309SARANF","309SARANF2008-08-26","8/26/2008","309SARANF","Selected"
"309SATxxx","309SATxxx2012-05-23","5/23/2012","309SAT","Selected"
"309SDCMCC","309SDCMCC2008-07-14","7/14/2008","309SDCMCC","Selected"
"309SED071","309SED0712012-04-03","4/3/2012","SEDTMDL_71","NotSelected"
"309SED071","309SED0712012-05-03","5/3/2012","SEDTMDL_71","NotSelected"
"309SED071","309SED0712012-06-13","6/13/2012","SEDTMDL_71","Selected"
"309SED071","309SED0712012-08-30","8/30/2012","SEDTMDL_71","NotSelected"
"309SED071","309SED0712012-07-24","7/24/2012","SEDTMDL_71","NotSelected"
"309SETxxx","309SETxxx2012-05-31","5/31/2012","309SET","Selected"
"309WLCATC","309WLCATC2010-06-22","6/22/2010","R5BIO-326","Selected"
"310CE0084","310CE00842004-04-28","4/28/2004","310CE0084","Selected"
"310CE0596","310CE05962004-04-29","4/29/2004","310CE0596","Selected"
"310COOxxx","310COOxxx2010-06-24","6/24/2010","310COOxxx","Selected"
"310LPCBPC","310LPCBPC2009-06-09","6/9/2009","310LPCBPC","Selected"
"310OLDxxx","310OLDxxx2010-06-15","6/15/2010","310OLDxxx","Selected"
"310SLCxxx","310SLCxxx2009-04-14","4/14/2009","310SLC","Selected"
"310SLCxxx","310SLCxxx2010-06-07","6/7/2010","310SLC","NotSelected"
"310SRUxxx","310SRUxxx2010-06-02","6/2/2010","310SRU","NotSelected"
"310SRUxxx","310SRUxxx2009-04-23","4/23/2009","310SRU","Selected"
"310SSUxxx","310SSUxxx2011-08-11","8/11/2011","310SSUxxx","Selected"
"310SSUxxx","310SSUxxx2011-08-11","8/11/2011","310SSU","Selected"
"310SSUxxx","310SSUxxx2009-04-22","4/22/2009","310SSUxxx","NotSelected"
"310SSUxxx","310SSUxxx2009-04-22","4/22/2009","310SSU","NotSelected"
"310SSUxxx","310SSUxxx2011-06-15","6/15/2011","310SSUxxx","NotSelected"
"310SSUxxx","310SSUxxx2011-06-15","6/15/2011","310SSU","NotSelected"
"310SSUxxx","310SSUxxx2010-05-20","5/20/2010","310SSUxxx","Selected"
"310SSUxxx","310SSUxxx2010-05-20","5/20/2010","310SSU","Selected"
"312CUTxxx","312CUTxxx2007-04-02","4/2/2007","312CUT","Selected"
"312MZCDBC","312MZCDBC2010-06-14","6/14/2010","312MANNIR","Selected"
"312PS0099","312PS00992010-06-14","6/14/2010","312PS0099","Selected"
"312RYCALR","312RYCALR2010-06-16","6/16/2010","R5BIO-321","Selected"
"312SIVxxx","312SIVxxx2007-03-30","3/30/2007","312SIV","NotSelected"
"312SIVxxx","312SIVxxx2008-04-16","4/16/2008","312SIV","Selected"
"312WE1028","312WE10282002-05-29","5/29/2002","312WE1028","Selected"
"312WE1035","312WE10352002-05-30","5/30/2002","312WE1035","Selected"
"313WE0899","313WE08992001-06-26","6/26/2001","313WE0899","Selected"
"314SYPxxx","314SYPxxx2008-04-18","4/18/2008","314SYP","Selected"
"314WE0542","314WE05422000-07-11","7/11/2000","314WE0542","Selected"
"314WE0677","314WE06772002-05-09","5/9/2002","314WE0677","Selected"
"314WE0779","314WE07792001-07-11","7/11/2001","314WE0779","Selected"
"314WE0785","314WE07852001-05-24","5/24/2001","314WE0785","Selected"
"314WE0796","314WE07962001-07-10","7/10/2001","314WE0796","Selected"
"314WE0898","314WE08982001-05-23","5/23/2001","314WE0898","Selected"
"314WE1046","314WE10462002-06-12","6/12/2002","314WE1046","Selected"
"314WE1102","314WE11022003-05-07","5/7/2003","314WE1102","Selected"
"314WE1102","314WE11022012-06-12","6/12/2012","314WE1102","NotSelected"
"315ARH101","315ARH1012010-06-14","6/14/2010","AHAH1","Selected"
"315ATUxxx","315ATUxxx2010-06-04","6/4/2010","315ATUxxx","NotSelected"
"315ATUxxx","315ATUxxx2008-04-10","4/10/2008","315ATUxxx","Selected"
"315CAPxxx","315CAPxxx2008-05-08","5/8/2008","315CAP","Selected"
"315CAUxxx","315CAUxxx2008-04-08","4/8/2008","315CAUxxx","Selected"
"315CHCALS","315CHCALS2010-06-15","6/15/2010","315HONMIG","Selected"
"315CRPxxx","315CRPxxx2010-04-08","4/8/2010","315CRPxxx","NotSelected"
"315CRPxxx","315CRPxxx2008-04-09","4/9/2008","315CRPxxx","Selected"
"315GAIxxx","315GAIxxx2008-05-07","5/7/2008","315GAI","Selected"
"315GAVxxx","315GAVxxx2007-04-05","4/5/2007","315GAV","NotSelected"
"315GAVxxx","315GAVxxx2008-04-29","4/29/2008","315GAV","Selected"
"315JALxxx","315JALxxx2007-04-12","4/12/2007","315JAL","NotSelected"
"315JALxxx","315JALxxx2008-05-06","5/6/2008","315JAL","Selected"
"315MISxxx","315MISxxx2010-04-08","4/8/2010","315MISxxx","Selected"
"315MIUxxx","315MIUxxx2008-04-28","4/28/2008","315MIUxxx","Selected"
"315MTCxxx","315MTCxxx2008-04-10","4/10/2008","315MTCxxx","Selected"
"315RINxxx","315RINxxx2008-04-08","4/8/2008","315RINxxx","Selected"
"315RINxxx","315RINxxx2007-04-05","4/5/2007","315RINxxx","NotSelected"
"315RSBxxx","315RSBxxx2008-05-07","5/7/2008","315RSBxxx","Selected"
"315TORxxx","315TORxxx2008-04-09","4/9/2008","315TORxxx","Selected"
"402BA0031","402BA00312008-05-28","5/28/2008","402BA0031","Selected"
"402BA0079","402BA00792008-05-28","5/28/2008","402BA0079","Selected"
"402BA0095","402BA00952008-05-29","5/29/2008","402BA0095","Selected"
"402BA0143","402BA01432008-05-21","5/21/2008","402BA0143","Selected"
"402BA0287","402BA02872008-06-09","6/9/2008","402BA0287","Selected"
"402BA0335","402BA03352008-05-27","5/27/2008","402BA0335","Selected"
"402PS0048","402PS00482008-05-21","5/21/2008","402PS0048","Selected"
"402WE0536","402WE05362000-06-14","6/14/2000","402WE0536","Selected"
"402WE0803","402WE08032001-06-12","6/12/2001","402WE0803","Selected"
"402WER001","402WER0012003-06-04","6/4/2003","402WER001","Selected"
"403BA0015","403BA00152008-05-19","5/19/2008","403BA0015","Selected"
"403BA0027","403BA00272008-05-20","5/20/2008","403BA0027","Selected"
"403BA0047","403BA00472008-05-15","5/15/2008","403BA0047","Selected"
"403BA0064","403BA00642008-05-12","5/12/2008","403BA0064","Selected"
"403BA0068","403BA00682008-05-14","5/14/2008","403BA0068","Selected"
"403BA0136","403BA01362008-05-13","5/13/2008","403BA0136","Selected"
"403BA0140","403BA01402008-05-21","5/21/2008","403BA0140","Selected"
"403BA0171","403BA01712008-05-19","5/19/2008","403BA0171","Selected"
"403BA0191","403BA01912008-05-14","5/14/2008","403BA0191","Selected"
"403BA0960","403BA09602008-05-21","5/21/2008","403BA0960","Selected"
"403LNCASC","403LNCASC2010-06-15","6/15/2010","R5BIO-320","Selected"
"403PRCAGH","403PRCAGH2011-06-02","6/2/2011","403PRCAGH","Selected"
"403S00064","403S000642010-06-02","6/2/2010","SMC00064","Selected"
"403S00640","403S006402009-06-11","6/11/2009","SMC00640","Selected"
"403S00772","403S007722009-05-20","5/20/2009","SMC00772","Selected"
"403S00831","403S008312010-06-10","6/10/2010","SMC00831","Selected"
"403S00875","403S008752010-06-24","6/24/2010","SMC00875","Selected"
"403S00960","403S009602010-06-02","6/2/2010","SMC00960","Selected"
"403S01136","403S011362011-06-13","6/13/2011","403S01136","Selected"
"403S01163","403S011632009-06-08","6/8/2009","SMC01163","Selected"
"403S01195","403S011952009-06-10","6/10/2009","SMC01195","Selected"
"403S01272","403S012722009-06-09","6/9/2009","SMC01272","Selected"
"403S01536","403S015362011-07-12","7/12/2011","403S01536","Selected"
"403S01707","403S017072010-06-07","6/7/2010","SMC01707","Selected"
"403S01728","403S017282011-07-13","7/13/2011","403S01728","Selected"
"403S01784","403S017842009-06-09","6/9/2009","SMC01784","Selected"
"403S01883","403S018832010-06-21","6/21/2010","SMC01883","Selected"
"403S02363","403S023632011-06-16","6/16/2011","403S02363","Selected"
"403S02764","403S027642011-06-14","6/14/2011","403S02764","Selected"
"403S03320","403S033202010-06-08","6/8/2010","SMC03320","Selected"
"403S03643","403S036432010-06-24","6/24/2010","SMC03643","Selected"
"403S03832","403S038322009-06-08","6/8/2009","SMC03832","Selected"
"403S04600","403S046002010-06-08","6/8/2010","SMC04600","Selected"
"403S04868","403S048682011-06-15","6/15/2011","403S04868","Selected"
"403S05247","403S052472010-06-01","6/1/2010","SMC05247","Selected"
"403S05291","403S052912010-06-07","6/7/2010","SMC05291","Selected"
"403S06904","403S069042010-06-09","6/9/2010","SMC06904","Selected"
"403S11084","403S110842010-06-09","6/9/2010","SMC11084","Selected"
"403S14156","403S141562009-06-09","6/9/2009","SMC14156","Selected"
"403S15608","403S156082010-06-08","6/8/2010","SMC15608","Selected"
"403STC064","403STC0642011-06-08","6/8/2011","403STC064","Selected"
"403STC086","403STC0862011-06-21","6/21/2011","403STC086","Selected"
"403WE0501","403WE05012001-06-07","6/7/2001","403WE0501","Selected"
"403WE0534","403WE05342000-06-20","6/20/2000","403WE0534","Selected"
"403WE0535","403WE05352000-06-13","6/13/2000","403WE0535","Selected"
"403WE0540","403WE05402000-06-21","6/21/2000","403WE0540","Selected"
"403WE0558","403WE05582000-06-28","6/28/2000","403WE0558","Selected"
"403WE0560","403WE05602000-07-13","7/13/2000","403WE0560","Selected"
"403WE0682","403WE06822002-04-30","4/30/2002","403WE0682","Selected"
"403WE0683","403WE06832002-05-08","5/8/2002","403WE0683","Selected"
"403WE0746","403WE07462001-07-31","7/31/2001","403WE0746","Selected"
"403WE0795","403WE07952001-06-06","6/6/2001","403WE0795","Selected"
"403WE0809","403WE08092001-06-05","6/5/2001","403WE0809","Selected"
"403WE0891","403WE08912001-06-14","6/14/2001","403WE0891","Selected"
"403WE0905","403WE09052001-06-27","6/27/2001","403WE0905","Selected"
"403WE1021","403WE10212002-05-01","5/1/2002","403WE1021","Selected"
"403WE1027","403WE10272002-05-02","5/2/2002","403WE1027","Selected"
"404BA0084","404BA00842008-06-04","6/4/2008","404BA0084","Selected"
"404BA0104","404BA01042008-06-18","6/18/2008","404BA0104","Selected"
"404BA0142","404BA01422008-06-18","6/18/2008","404BA0142","Selected"
"404BA0376","404BA03762008-06-05","6/5/2008","404BA0376","Selected"
"404BA0526","404BA05262008-06-04","6/4/2008","404BA0526","Selected"
"404BA0616","404BA06162008-06-03","6/3/2008","404BA0616","Selected"
"404BA0808","404BA08082008-06-02","6/2/2008","404BA0808","Selected"
"404BA0852","404BA08522008-06-03","6/3/2008","404BA0852","Selected"
"404BA0964","404BA09642008-06-04","6/4/2008","404BA0964","Selected"
"404BA1128","404BA11282008-06-19","6/19/2008","404BA1128","Selected"
"404BA1144","404BA11442008-06-10","6/10/2008","404BA1144","Selected"
"404BA1166","404BA11662009-06-04","6/4/2009","404BA1166","NotSelected"
"404BA1166","404BA11662008-06-10","6/10/2008","404BA1166","Selected"
"404S00808","404S008082010-06-22","6/22/2010","SMC00808","Selected"
"404S01128","404S011282010-06-23","6/23/2010","SMC01128","Selected"
"404S02920","404S029202009-05-12","5/12/2009","SMC02920","Selected"
"404S03048","404S030482009-05-13","5/13/2009","SMC03048","Selected"
"404S05992","404S059922009-05-12","5/12/2009","SMC05992","Selected"
"404S06456","404S064562009-05-14","5/14/2009","SMC06456","Selected"
"404S08040","404S080402009-05-12","5/12/2009","SMC08040","Selected"
"404S08616","404S086162009-05-13","5/13/2009","SMC08616","Selected"
"404S08846","404S088462010-06-22","6/22/2010","SMC08846","Selected"
"404S11406","404S114062009-05-11","5/11/2009","SMC11406","Selected"
"404S11880","404S118802011-06-07","6/7/2011","404S11880","Selected"
"404S13160","404S131602010-06-21","6/21/2010","SMC13160","Selected"
"404S13416","404S134162011-06-08","6/8/2011","404S13416","Selected"
"404S13672","404S136722011-06-08","6/8/2011","404S13672","Selected"
"404S14952","404S149522011-06-15","6/15/2011","404S14952","Selected"
"404S16168","404S161682010-06-23","6/23/2010","SMC16168","Selected"
"404S16232","404S162322011-06-09","6/9/2011","404S16232","Selected"
"404S16516","404S165162009-05-18","5/18/2009","SMC16516","Selected"
"404S17266","404S172662009-05-19","5/19/2009","SMC17266","Selected"
"404S17664","404S176642009-05-20","5/20/2009","SMC17664","Selected"
"404S18666","404S186662011-06-15","6/15/2011","404S18666","Selected"
"404S22464","404S224642009-05-19","5/19/2009","SMC22464","Selected"
"404S25668","404S256682010-06-23","6/23/2010","SMC25668","Selected"
"405BRCAMS","405BRCAMS2011-06-07","6/7/2011","405BRCAMS","Selected"
"405BRCSGR","405BRCSGR2008-05-28","5/28/2008","R5BIO-319","Selected"
"405PS0030","405PS00302008-05-21","5/21/2008","405PS0030","Selected"
"405PS0036","405PS00362008-05-28","5/28/2008","405PS0036","Selected"
"405SGRAAG","405SGRAAG2008-05-28","5/28/2008","R5BIO-315","Selected"
"405WE0777","405WE07772001-06-20","6/20/2001","405WE0777","Selected"
"405WER318","405WER3182009-07-07","7/7/2009","405WER318","NotSelected"
"405WER318","405WER3182009-04-30","4/30/2009","405WER318","Selected"
"405WER318","405WER3182009-03-27","3/27/2009","405WER318","NotSelected"
"405WER318","405WER3182009-08-18","8/18/2009","405WER318","NotSelected"
"405WER318","405WER3182009-06-02","6/2/2009","405WER318","NotSelected"
"405WER318","405WER3182004-05-11","5/11/2004","405WER318","NotSelected"
"407CE0092","407CE00922004-04-27","4/27/2004","407CE0092","Selected"
"408BA0036","408BA00362008-05-05","5/5/2008","408BA0036","Selected"
"408BA0268","408BA02682008-05-06","5/6/2008","408BA0268","Selected"
"408BA0580","408BA05802008-05-07","5/7/2008","408BA0580","Selected"
"408BA0660","408BA06602008-05-06","5/6/2008","408BA0660","Selected"
"408BA0836","408BA08362008-05-07","5/7/2008","408BA0836","Selected"
"408BA0916","408BA09162008-05-08","5/8/2008","408BA0916","Selected"
"408PS0032","408PS00322008-05-21","5/21/2008","408PS0032","Selected"
"408WE0547","408WE05472000-07-12","7/12/2000","408WE0547","Selected"
"408WE0654","408WE06542001-06-13","6/13/2001","408WE0654","Selected"
"408WE1039","408WE10392002-05-07","5/7/2002","408WE1039","Selected"
"412PS0020","412PS00202008-05-14","5/14/2008","412PS0020","Selected"
"412PS0020","412PS00202008-05-22","5/22/2008","412PS0020","NotSelected"
"412PS0040","412PS00402008-05-20","5/20/2008","412PS0040","Selected"
"412PS0052","412PS00522008-05-20","5/20/2008","412PS0052","Selected"
"412WE0552","412WE05522000-07-25","7/25/2000","412WE0552","Selected"
"412WE0563","412WE05632001-06-21","6/21/2001","412WE0563","Selected"
"412WE0896","412WE08962001-06-19","6/19/2001","412WE0896","Selected"
"504DCFRxx","504DCFRxx2010-07-27","7/27/2010","504DCFRxx","Selected"
"504PS0019","504PS00192008-06-30","6/30/2008","504PS0019","Selected"
"504PS0051","504PS00512008-07-01","7/1/2008","504PS0051","Selected"
"504PS0083","504PS00832009-06-17","6/17/2009","504PS0083","Selected"
"504PS0147","504PS01472008-06-23","6/23/2008","504PS0147","Selected"
"504PS0227","504PS02272009-08-12","8/12/2009","504PS0227","Selected"
"504PS0238","504PS02382009-07-29","7/29/2009","504PS0238","Selected"
"504PS0243","504PS02432009-06-09","6/9/2009","504PS0243","Selected"
"504PS0295","504PS02952011-07-05","7/5/2011","504PS0295","Selected"
"504PS0371","504PS03712010-07-07","7/7/2010","504PS0371","Selected"
"504WE0527","504WE05272001-08-20","8/20/2001","504WE0527","Selected"
"505BMCMCR","505BMCMCR2010-08-04","8/4/2010","R5BIO-049","Selected"
"505PS0110","505PS01102010-09-16","9/16/2010","505PS0110","NotSelected"
"505PS0110","505PS01102010-08-03","8/3/2010","505PS0110","Selected"
"505PS0156","505PS01562008-08-13","8/13/2008","505PS0156","Selected"
"505PS0174","505PS01742011-09-27","9/27/2011","505PS0174","Selected"
"505PS0940","505PS09402011-09-26","9/26/2011","505PS0940","Selected"
"505WE1100","505WE11002002-07-30","7/30/2002","505WE1100","Selected"
"506PS0003","506PS00032010-09-14","9/14/2010","506PS0003","NotSelected"
"506PS0003","506PS00032008-07-02","7/2/2008","506PS0003","Selected"
"506PS0003","506PS00032008-07-29","7/29/2008","506PS0003","NotSelected"
"506PS0003","506PS00032009-07-28","7/28/2009","506PS0003","NotSelected"
"506PS0062","506PS00622008-09-15","9/15/2008","506PS0062","Selected"
"506WE0625","506WE06252001-09-11","9/11/2001","506WE0625","Selected"
"507BCSFBM","507BCSFBM2008-08-05","8/5/2008","507BCSFBM","Selected"
"507PS0122","507PS01222009-06-29","6/29/2009","577PS0122","Selected"
"507PS0142","507PS01422010-08-04","8/4/2010","507PS0142","Selected"
"507PS0286","507PS02862011-07-13","7/13/2011","507PS0286","Selected"
"507PS0314","507PS03142011-09-08","9/8/2011","507PS0314","Selected"
"507WE0988","507WE09882002-08-28","8/28/2002","507WE0988","Selected"
"508PS0042","508PS00422008-07-02","7/2/2008","508PS0042","Selected"
"508PS0298","508PS02982011-07-20","7/20/2011","508PS0298","Selected"
"509ACNFPP","509ACNFPP2008-07-30","7/30/2008","509ACNFPP","NotSelected"
"509ACNFPP","509ACNFPP2008-09-16","9/16/2008","509ACNFPP","Selected"
"509ACSFPP","509ACSFPP2008-07-16","7/16/2008","509ACSFPP","Selected"
"509ATCINC","509ATCINC2008-07-14","7/14/2008","509ATCINC","Selected"
"509BCCBPW","509BCCBPW2009-07-09","7/9/2009","509BCCBPW","Selected"
"509BCCBPW","509BCCBPW2009-08-10","8/10/2009","509BCCBPW","NotSelected"
"509BCCBPW","509BCCBPW2009-05-21","5/21/2009","509BCCBPW","NotSelected"
"509BCCBPW","509BCCBPW2009-09-10","9/10/2009","509BCCBPW","NotSelected"
"509BCCBPW","509BCCBPW2009-06-10","6/10/2009","509BCCBPW","NotSelected"
"509BCCH32","509BCCH322008-08-13","8/13/2008","509BCCH32","Selected"
"509BSCADC","509BSCADC2011-08-31","8/31/2011","509BSCADC","Selected"
"509CBCADC","509CBCADC2010-08-24","8/24/2010","R5BIO-116","Selected"
"509CWCPLR","509CWCPLR2008-07-07","7/7/2008","509CWCPLR","Selected"
"509DCPWxx","509DCPWxx2008-08-21","8/21/2008","509DCPWXX","Selected"
"509DRCBPC","509DRCBPC2011-08-29","8/29/2011","509DRCBPC","Selected"
"509ICPPCX","509ICPPCX2008-09-10","9/10/2008","509ICPPCX","Selected"
"509ICPPCX","509ICPPCX2008-07-30","7/30/2008","509ICPPCX","NotSelected"
"509PCDTWR","509PCDTWR2008-07-15","7/15/2008","509PCDTWR","NotSelected"
"509PCDTWR","509PCDTWR2008-09-03","9/3/2008","509PCDTWR","Selected"
"509PS0049","509PS00492010-08-26","8/26/2010","509PS0049","NotSelected"
"509PS0049","509PS00492010-09-13","9/13/2010","509PS0049","Selected"
"509PS0085","509PS00852011-09-07","9/7/2011","509PS0085","Selected"
"509PS0170","509PS01702010-07-26","7/26/2010","509PS0170","Selected"
"509PS0234","509PS02342011-08-15","8/15/2011","509PS0234","Selected"
"509PS0234","509PS02342011-07-21","7/21/2011","509PS0234","NotSelected"
"511CCC505","511CCC5052008-06-25","6/25/2008","511CCC505","Selected"
"511PS0081","511PS00812008-06-25","6/25/2008","511PS0081","Selected"
"511PS0145","511PS01452008-06-24","6/24/2008","511PS0145","Selected"
"511PS0209","511PS02092009-07-08","7/8/2009","511PS0209","Selected"
"511PS0401","511PS04012010-09-23","9/23/2010","511PS0401","Selected"
"513BTCACC","513BTCACC2008-09-10","9/10/2008","513BTCACC","Selected"
"513PS0008","513PS00082010-09-01","9/1/2010","513PS0008","NotSelected"
"513PS0008","513PS00082009-06-11","6/11/2009","513PS0008","Selected"
"513PS0008","513PS00082008-06-25","6/25/2008","513PS0008","NotSelected"
"513PS0008","513PS00082008-08-07","8/7/2008","513PS0008","NotSelected"
"513PS0024","513PS00242008-06-25","6/25/2008","513PS0024","Selected"
"513PS0088","513PS00882009-08-17","8/17/2009","513PS0088","Selected"
"513PS0248","513PS02482011-07-27","7/27/2011","513PS0248","Selected"
"513UNCAKC","513UNCAKC2009-05-20","5/20/2009","513UNCAKC","NotSelected"
"513UNCAKC","513UNCAKC2009-06-04","6/4/2009","513UNCAKC","NotSelected"
"513UNCAKC","513UNCAKC2009-08-13","8/13/2009","513UNCAKC","NotSelected"
"513UNCAKC","513UNCAKC2009-09-23","9/23/2009","513UNCAKC","NotSelected"
"513UNCAKC","513UNCAKC2008-09-10","9/10/2008","513UNCAKC","NotSelected"
"513UNCAKC","513UNCAKC2009-07-13","7/13/2009","513UNCAKC","Selected"
"514BMCARC","514BMCARC2011-09-27","9/27/2011","514BMCARC","Selected"
"514BRUUPX","514BRUUPX2008-10-09","10/9/2008","514BRUUPX","Selected"
"514DNCLDC","514DNCLDC2010-09-07","9/7/2010","R5BIO-053","NotSelected"
"514DNCLDC","514DNCLDC2010-07-22","7/22/2010","R5BIO-053","NotSelected"
"514DNCLDC","514DNCLDC2010-10-12","10/12/2010","R5BIO-053","Selected"
"514LNCASC","514LNCASC2011-08-30","8/30/2011","514LNCASC","Selected"
"514LNCASC","514LNCASC2011-08-18","8/18/2011","514LNCASC","NotSelected"
"514PS0019","514PS00192008-08-13","8/13/2008","514PS0019","Selected"
"514PS0084","514PS00842008-07-08","7/8/2008","514PS0084","Selected"
"514SBCAMR","514SBCAMR2011-08-17","8/17/2011","514SBCAMR","NotSelected"
"514SBCAMR","514SBCAMR2011-08-29","8/29/2011","514SBCAMR","Selected"
"514SCCAAR","514SCCAAR2008-07-24","7/24/2008","514SCCAAR","Selected"
"515PS0106","515PS01062008-09-24","9/24/2008","515PS0106","Selected"
"515PS0410","515PS04102011-09-07","9/7/2011","515PS0410","Selected"
"515PS0430","515PS04302011-07-07","7/7/2011","515PS0430","Selected"
"516PS0014","516PS00142008-08-11","8/11/2008","516PS0014","Selected"
"516PS0287","516PS02872011-09-21","9/21/2011","516PS0287","Selected"
"517LCCAYB","517LCCAYB2008-08-12","8/12/2008","R5BIO-128","Selected"
"517PS0030","517PS00302009-07-22","7/22/2009","517PS0030","Selected"
"517PS0039","517PS00392009-07-01","7/1/2009","517PS0039","Selected"
"517PS0054","517PS00542010-07-28","7/28/2010","517PS0054","Selected"
"517PS0061","517PS00612010-09-08","9/8/2010","517PS0061","Selected"
"517PS0074","517PS00742011-09-20","9/20/2011","517PS0074","Selected"
"517PS0078","517PS00782011-09-19","9/19/2011","517PS0078","Selected"
"517PS0132","517PS01322009-07-01","7/1/2009","517PS0132","Selected"
"517WE0515","517WE05152000-09-28","9/28/2000","517WE0515","Selected"
"518CPCRCR","518CPCRCR2008-08-14","8/14/2008","518CPCRCR","Selected"
"518GZCUPx","518GZCUPx2008-08-20","8/20/2008","518GZCUPX","Selected"
"518KNCAWC","518KNCAWC2011-08-15","8/15/2011","518KNCAWC","Selected"
"518PS0001","518PS00012008-07-28","7/28/2008","518PS0001","NotSelected"
"518PS0001","518PS00012008-08-19","8/19/2008","518PS0001","Selected"
"518PS0017","518PS00172008-08-19","8/19/2008","518PS0017","Selected"
"518PS0029","518PS00292009-06-30","6/30/2009","518PS0029","Selected"
"518PS0029","518PS00292009-07-22","7/22/2009","518PS0029","NotSelected"
"518PS0033","518PS00332009-06-29","6/29/2009","518PS0033","Selected"
"518PS0045","518PS00452009-07-21","7/21/2009","518PS0045","Selected"
"518PS0073","518PS00732011-08-16","8/16/2011","518PS0073","Selected"
"518RCNAPC","518RCNAPC2009-05-20","5/20/2009","518RCNAPC","NotSelected"
"518RCNAPC","518RCNAPC2009-06-16","6/16/2009","518RCNAPC","NotSelected"
"518RCNAPC","518RCNAPC2009-08-11","8/11/2009","518RCNAPC","NotSelected"
"518RCNAPC","518RCNAPC2009-09-09","9/9/2009","518RCNAPC","NotSelected"
"518RCNAPC","518RCNAPC2008-08-06","8/6/2008","518RCNAPC","Selected"
"518RCNAPC","518RCNAPC2009-10-21","10/21/2009","518RCNAPC","NotSelected"
"518SED086","518SED0862011-08-17","8/17/2011","SEDTMDL_86","Selected"
"518SED086","518SED0862011-08-17","8/17/2011","518SED086","Selected"
"518WE0521","518WE05212000-08-30","8/30/2000","518WE0521","Selected"
"518YLCAFR","518YLCAFR2011-08-17","8/17/2011","518YLCAFR","Selected"
"519MNRASR","519MNRASR2008-07-09","7/9/2008","519MNRASR","Selected"
"519PS0002","519PS00022008-07-17","7/17/2008","519PS0002","NotSelected"
"519PS0002","519PS00022009-07-22","7/22/2009","519PS0002","NotSelected"
"519PS0002","519PS00022010-08-05","8/5/2010","519PS0002","Selected"
"519PS0002","519PS00022008-06-26","6/26/2008","519PS0002","NotSelected"
"519PS0134","519PS01342008-07-07","7/7/2008","519PS0134","Selected"
"519PS0194","519PS01942009-09-10","9/10/2009","519PS0194","Selected"
"519PS0198","519PS01982009-07-15","7/15/2009","519PS0198","Selected"
"519PS0253","519PS02532009-07-23","7/23/2009","519PS0253","Selected"
"519PS0278","519PS02782010-08-05","8/5/2010","519PS0278","NotSelected"
"519PS0278","519PS02782010-07-07","7/7/2010","519PS0278","Selected"
"519PS0290","519PS02902010-07-28","7/28/2010","519PS0290","Selected"
"519PS0305","519PS03052010-07-21","7/21/2010","519PS0305","Selected"
"519PS0322","519PS03222010-07-08","7/8/2010","519PS0322","Selected"
"519PS0390","519PS03902010-07-28","7/28/2010","519PS0390","Selected"
"519PS0402","519PS04022010-09-28","9/28/2010","519PS0402","Selected"
"519PS0449","519PS04492011-09-06","9/6/2011","519PS0449","Selected"
"519PS0450","519PS04502011-07-18","7/18/2011","519PS0450","Selected"
"519SCRAMR","519SCRAMR2008-07-09","7/9/2008","519SCRAMR","NotSelected"
"519SCRAMR","519SCRAMR2008-09-22","9/22/2008","519SCRAMR","Selected"
"519WE0624","519WE06242001-08-22","8/22/2001","519WE0624","Selected"
"520PS0007","520PS00072008-07-08","7/8/2008","520PS0007","NotSelected"
"520PS0007","520PS00072008-06-26","6/26/2008","520PS0007","Selected"
"520PS0054","520PS00542008-06-30","6/30/2008","520PS0054","Selected"
"520PS0071","520PS00712008-07-31","7/31/2008","520PS0071","Selected"
"520PS0135","520PS01352009-07-29","7/29/2009","520PS0135","Selected"
"520PS0199","520PS01992010-08-23","8/23/2010","520PS0199","Selected"
"520PS0202","520PS02022009-06-18","6/18/2009","520PS0202","Selected"
"520WE0981","520WE09812002-09-03","9/3/2002","520WE0981","Selected"
"520WE1103","520WE11032002-05-14","5/14/2002","520WE1103","NotSelected"
"520WE1103","520WE11032004-08-06","8/6/2004","520WE1103","Selected"
"521BTCLBC","521BTCLBC2008-08-07","8/7/2008","521BTCLBC","Selected"
"521LCCBSR","521LCCBSR2010-07-06","7/6/2010","504LCCSRx","Selected"
"521WE0747","521WE07472001-09-07","9/7/2001","521WE0747","Selected"
"522GSCBSC","522GSCBSC2009-09-24","9/24/2009","522GSCBSC","Selected"
"522MFSCRB","522MFSCRB2008-09-18","9/18/2008","R5BIO-157","Selected"
"522WE0767","522WE07672001-10-10","10/10/2001","522WE0767","Selected"
"523PS0172","523PS01722011-08-10","8/10/2011","523PS0172","Selected"
"523PS0222","523PS02222010-09-09","9/9/2010","523PS0222","Selected"
"523TMCATG","523TMCATG2009-10-05","10/5/2009","523TMCATG","Selected"
"523WE0512","523WE05122001-08-29","8/29/2001","523WE0512","Selected"
"525WE0755","525WE07552001-08-22","8/22/2001","525WE0755","Selected"
"525WE0862","525WE08622001-08-23","8/23/2001","525WE0862","Selected"
"526PS0072","526PS00722009-09-21","9/21/2009","526PS0072","Selected"
"526PS0072","526PS00722008-08-27","8/27/2008","526PS0072","NotSelected"
"526PS0072","526PS00722010-09-15","9/15/2010","526PS0072","NotSelected"
"526PS0072","526PS00722008-09-23","9/23/2008","526PS0072","NotSelected"
"526PS0076","526PS00762008-08-26","8/26/2008","526PS0076","Selected"
"526PS0220","526PS02202008-08-25","8/25/2008","526PS0220","Selected"
"526PS0228","526PS02282008-08-28","8/28/2008","526PS0228","Selected"
"526PS0344","526PS03442009-09-02","9/2/2009","526PS0344","Selected"
"526PS0356","526PS03562009-08-11","8/11/2009","526PS0356","Selected"
"526PS0396","526PS03962009-09-01","9/1/2009","526PS0396","Selected"
"526PS0440","526PS04402009-09-02","9/2/2009","526PS0440","Selected"
"526PS0472","526PS04722009-09-01","9/1/2009","526PS0472","Selected"
"526PS0504","526PS05042009-09-02","9/2/2009","526PS0504","Selected"
"526PS0756","526PS07562010-08-03","8/3/2010","526PS0756","Selected"
"526PS0764","526PS07642010-08-25","8/25/2010","526PS0764","Selected"
"526PS0808","526PS08082010-08-02","8/2/2010","526PS0808","Selected"
"526PS0948","526PS09482011-07-12","7/12/2011","526PS0948","Selected"
"526PS1036","526PS10362011-07-13","7/13/2011","526PS1036","Selected"
"526PSCBBL","526PSCBBL2008-09-23","9/23/2008","526PSCBBL","Selected"
"526PSCBBL","526PSCBBL2008-08-27","8/27/2008","526PSCBBL","NotSelected"
"526WE0506","526WE05062000-08-29","8/29/2000","526WE0506","Selected"
"526WE0744","526WE07442001-09-12","9/12/2001","526WE0744","Selected"
"526WER123","526WER1232012-08-21","8/21/2012","526WER123","NotSelected"
"526WER123","526WER1232004-08-04","8/4/2004","526WER123","Selected"
"527PS0388","527PS03882009-09-02","9/2/2009","527PS0388","Selected"
"531PS0169","531PS01692009-06-11","6/11/2009","531PS0169","NotSelected"
"531PS0169","531PS01692009-07-06","7/6/2009","531PS0169","Selected"
"531PS0365","531PS03652010-09-16","9/16/2010","531PS0365","Selected"
"531PS0381","531PS03812010-07-12","7/12/2010","531PS0381","Selected"
"531PS0429","531PS04292011-06-20","6/20/2011","531PS0429","Selected"
"531WE0992","531WE09922002-05-09","5/9/2002","531WE0992","Selected"
"532PS0050","532PS00502010-08-31","8/31/2010","532PS0050","Selected"
"532PS0062","532PS00622010-09-08","9/8/2010","532PS0062","Selected"
"532PS0071","532PS00712011-10-12","10/12/2011","532PS0071","Selected"
"532PS0071","532PS00712011-09-21","9/21/2011","532PS0071","NotSelected"
"532TGRUPX","532TGRUPX2008-10-08","10/8/2008","532TGRUPX","Selected"
"532WE0760","532WE07602001-08-09","8/9/2001","532WE0760","Selected"
"532WER222","532WER2222004-07-28","7/28/2004","532WER222","Selected"
"533WE0885","533WE08852003-07-15","7/15/2003","533WE0885","Selected"
"534ANCACF","534ANCACF2010-08-31","8/31/2010","SEDTMDL_1","Selected"
"534CFSAIM","534CFSAIM2009-07-27","7/27/2009","R5BIO-038","Selected"
"534CYCANB","534CYCANB2009-05-05","5/5/2009","534CYCANB","Selected"
"534CYCANB","534CYCANB2009-06-02","6/2/2009","534CYCANB","NotSelected"
"534CYCANB","534CYCANB2009-08-17","8/17/2009","534CYCANB","NotSelected"
"534CYCANB","534CYCANB2009-07-14","7/14/2009","534CYCANB","NotSelected"
"534CYCANB","534CYCANB2009-04-01","4/1/2009","534CYCANB","NotSelected"
"534CYCANB","534CYCANB2008-06-19","6/19/2008","534CYCANB","NotSelected"
"534MLC108","534MLC1082011-09-14","9/14/2011","534MLC108","Selected"
"534PS0043","534PS00432009-07-29","7/29/2009","534PS0043","Selected"
"534RSCAGG","534RSCAGG2011-09-19","9/19/2011","534RSCAGG","Selected"
"534WER219","534WER2192012-08-29","8/29/2012","534WER219","NotSelected"
"534WER219","534WER2192004-08-24","8/24/2004","534WER219","Selected"
"535PS0191","535PS01912009-07-14","7/14/2009","535PS0191","Selected"
"535PS0221","535PS02212009-07-15","7/15/2009","535PS0221","Selected"
"535PS0265","535PS02652009-08-20","8/20/2009","535PS0265","Selected"
"535PS0431","535PS04312011-06-22","6/22/2011","535PS0431","Selected"
"536LLCACR","536LLCACR2011-09-22","9/22/2011","536LLCACR","Selected"
"536SED006","536SED0062011-09-20","9/20/2011","536SED006","Selected"
"536SED006","536SED0062011-09-20","9/20/2011","SEDTMDL_6","Selected"
"536SED108","536SED1082011-09-21","9/21/2011","SEDTMDL_108","Selected"
"536SED108","536SED1082011-09-21","9/21/2011","536SED108","Selected"
"536WE0742","536WE07422001-08-21","8/21/2001","536WE0742","Selected"
"536WER237","536WER2372004-08-10","8/10/2004","536WER237","Selected"
"537ADCH41","537ADCH412011-09-12","9/12/2011","537ADCH41","Selected"
"537BLCABG","537BLCABG2011-09-15","9/15/2011","537BLCABG","Selected"
"537BSCAWR","537BSCAWR2008-07-15","7/15/2008","R5BIO-207","Selected"
"537GZCAMR","537GZCAMR2008-08-07","8/7/2008","R5BIO-204","Selected"
"537TYCAML","537TYCAML2008-07-16","7/16/2008","R5BIO-232","Selected"
"537WE0503","537WE05032000-10-03","10/3/2000","537WE0503","Selected"
"537WER236","537WER2362004-08-11","8/11/2004","537WER236","Selected"
"538WE1104","538WE11042002-08-27","8/27/2002","538WE1104","Selected"
"539CCRARR","539CCRARR2008-06-12","6/12/2008","539CCRARR","NotSelected"
"539CCRARR","539CCRARR2010-05-06","5/6/2010","539CCRARR","NotSelected"
"539CCRARR","539CCRARR2010-07-21","7/21/2010","539CCRARR","Selected"
"539CCRARR","539CCRARR2010-08-31","8/31/2010","539CCRARR","NotSelected"
"539CCRARR","539CCRARR2010-06-30","6/30/2010","539CCRARR","NotSelected"
"539NDCACC","539NDCACC2009-05-05","5/5/2009","R5BIO-201","NotSelected"
"539NDCACC","539NDCACC2009-10-15","10/15/2009","R5BIO-201","NotSelected"
"539NDCACC","539NDCACC2009-06-15","6/15/2009","R5BIO-201","NotSelected"
"539NDCACC","539NDCACC2009-09-10","9/10/2009","R5BIO-201","Selected"
"539NDCACC","539NDCACC2009-10-08","10/8/2009","R5BIO-201","NotSelected"
"539PS0146","539PS01462010-07-27","7/27/2010","539PS0146","Selected"
"540CQCBBR","540CQCBBR2011-09-14","9/14/2011","540CQCBBR","Selected"
"540GNCBTC","540GNCBTC2011-09-13","9/13/2011","540GNCBTC","Selected"
"540MNCANF","540MNCANF2010-09-29","9/29/2010","R5BIO-221","Selected"
"540MNCASJ","540MNCASJ2010-08-24","8/24/2010","SEDTMDL_8","Selected"
"540PS0008","540PS00082008-08-06","8/6/2008","540PS0008","Selected"
"540PS0258","540PS02582011-08-31","8/31/2011","540PS0258","Selected"
"540SED003","540SED0032011-08-30","8/30/2011","540SED003","Selected"
"540SED003","540SED0032011-08-30","8/30/2011","SEDTMDL_3","Selected"
"541PS0055","541PS00552008-07-10","7/10/2008","541PS0055","Selected"
"542DPCDPC","542DPCDPC2008-06-18","6/18/2008","542DPCDPC","Selected"
"545PS0335","545PS03352010-07-26","7/26/2010","545PS0335","Selected"
"551PS0308","551PS03082010-07-27","7/27/2010","551PS0308","Selected"
"552KRSFBC","552KRSFBC2008-07-14","7/14/2008","R5BIO-228","Selected"
"552MFCAKR","552MFCAKR2008-06-11","6/11/2008","552MFCAKR","Selected"
"552PS0028","552PS00282008-06-18","6/18/2008","552PS0028","Selected"
"552PS0072","552PS00722011-08-30","8/30/2011","552PS0072","Selected"
"552PS0284","552PS02842011-08-29","8/29/2011","552PS0284","Selected"
"552SCCTSR","552SCCTSR2008-06-11","6/11/2008","552SCCTSR","Selected"
"552WE0509","552WE05092001-08-07","8/7/2001","552WE0509","Selected"
"553KRMAPC","553KRMAPC2011-08-22","8/22/2011","553KRMAPC","Selected"
"553KRNAYC","553KRNAYC2011-08-24","8/24/2011","553KRNAYC","Selected"
"553KRNAYC","553KRNAYC2011-10-13","10/13/2011","553KRNAYC","NotSelected"
"553TCCAKR","553TCCAKR2010-08-16","8/16/2010","R5BIO-209","Selected"
"553WER208","553WER2082004-07-08","7/8/2004","553WER208","Selected"
"553WER224","553WER2242004-07-07","7/7/2004","553WER224","Selected"
"553WER225","553WER2252004-07-08","7/8/2004","553WER225","Selected"
"554CLCALK","554CLCALK2011-08-23","8/23/2011","554CLCALK","Selected"
"554LCCADR","554LCCADR2008-06-10","6/10/2008","R5BIO-215","Selected"
"554NYCGWD","554NYCGWD2011-08-25","8/25/2011","554NYCGWD","Selected"
"554PMCGWD","554PMCGWD2011-08-23","8/23/2011","554PMCGWD","Selected"
"554PS0160","554PS01602008-08-05","8/5/2008","554PS0160","Selected"
"554PS0224","554PS02242008-06-17","6/17/2008","554PS0224","Selected"
"554PS0448","554PS04482009-07-07","7/7/2009","554PS0448","Selected"
"554PS0946","554PS09462011-08-23","8/23/2011","554PS0946","Selected"
"554SED027","554SED0272011-08-24","8/24/2011","554SED027","Selected"
"554SED027","554SED0272011-08-24","8/24/2011","SEDTMDL_27","Selected"
"554WE1002","554WE10022002-06-25","6/25/2002","554WE1002","Selected"
"555PS0064","555PS00642008-06-17","6/17/2008","555PS0064","Selected"
"558WE0764","558WE07642002-06-20","6/20/2002","558WE0764","Selected"
"601PS0057","601PS00572011-09-14","9/14/2011","601PS0057","Selected"
"601PS0065","601PS00652011-09-01","9/1/2011","601PS0065","Selected"
"601WRN001","601WRN0012010-08-03","8/3/2010","601WRN001","Selected"
"603CE0014","603CE00142004-05-12","5/12/2004","603CE0014","Selected"
"603CON001","603CON0012010-08-05","8/5/2010","603CON001","Selected"
"603DDM006","603DDM0062011-09-13","9/13/2011","603DDM006","Selected"
"603GLS001","603GLS0012010-08-01","8/1/2010","603GLS001","Selected"
"603GSCADC","603GSCADC2010-08-25","8/25/2010","R5BIO-240","Selected"
"603MAM003","603MAM0032010-08-02","8/2/2010","603MAM003","Selected"
"603MCG001","603MCG0012010-08-06","8/6/2010","603MCG001","Selected"
"603PNC001","603PNC0012010-08-07","8/7/2010","603PNC001","Selected"
"603PS0008","603PS00082008-07-30","7/30/2008","603PS0008","Selected"
"603PS0024","603PS00242010-08-23","8/23/2010","603PS0024","Selected"
"603PS0040","603PS00402010-08-31","8/31/2010","603PS0040","Selected"
"603PS0044","603PS00442011-08-30","8/30/2011","603PS0044","NotSelected"
"603PS0044","603PS00442011-09-14","9/14/2011","603PS0044","Selected"
"603PS0045","603PS00452011-08-29","8/29/2011","603PS0045","Selected"
"603PS0056","603PS00562011-08-31","8/31/2011","603PS0056","Selected"
"603PS0072","603PS00722011-09-12","9/12/2011","603PS0072","Selected"
"603PS0073","603PS00732011-09-13","9/13/2011","603PS0073","Selected"
"603PS0109","603PS01092008-07-29","7/29/2008","603PS0109","Selected"
"603PS0557","603PS05572010-08-18","8/18/2010","603PS0557","Selected"
"603PS0720","603PS07202010-08-19","8/19/2010","603PS0720","Selected"
"603RCK001","603RCK0012010-08-09","8/9/2010","603RCK001","Selected"
"603SPCBWC","603SPCBWC2008-07-22","7/22/2008","603WER246","Selected"
"603UOW001","603UOW0012010-08-08","8/8/2010","603UOW001","Selected"
"603WE0758","603WE07582001-07-02","7/2/2001","603WE0758","Selected"
"603WER242","603WER2422004-08-31","8/31/2004","603WER242","Selected"
"603WER245","603WER2452004-07-29","7/29/2004","603WER245","Selected"
"603WER246","603WER2462004-07-28","7/28/2004","603WER246","NotSelected"
"604WER244","604WER2442004-07-27","7/27/2004","604WER244","Selected"
"609PS0053","609PS00532008-05-14","5/14/2008","609PS0053","Selected"
"620PS0669","620PS06692010-08-17","8/17/2010","620PS0669","Selected"
"626PS0171","626PS01712008-05-15","5/15/2008","626PS0171","Selected"
"626PS0619","626PS06192010-06-03","6/3/2010","626PS0619","Selected"
"626PS0827","626PS08272010-06-03","6/3/2010","626PS0827","Selected"
"628CE0088","628CE00882004-05-12","5/12/2004","628CE0088","Selected"
"628PS0527","628PS05272009-06-03","6/3/2009","628PS0527","Selected"
"628PS0715","628PS07152010-06-09","6/9/2010","628PS0715","Selected"
"628PS1019","628PS10192011-06-08","6/8/2011","628PS1019","Selected"
"628PS1039","628PS10392011-06-09","6/9/2011","628PS1039","Selected"
"630PS0005","630PS00052008-07-31","7/31/2008","630PS0005","Selected"
"630SED034","630SED0342012-08-06","8/6/2012","SEDTMDL_34","Selected"
"630WE0860","630WE08602001-07-03","7/3/2001","630WE0860","Selected"
"631POR001","631POR0012010-07-30","7/30/2010","631POR001","Selected"
"631PS0001","631PS00012010-09-29","9/29/2010","631PS0001","NotSelected"
"631PS0001","631PS00012009-07-28","7/28/2009","631PS0001","Selected"
"631PS0001","631PS00012008-07-31","7/31/2008","631PS0001","NotSelected"
"631PS0001","631PS00012008-08-13","8/13/2008","631PS0001","NotSelected"
"631PS0011","631PS00112009-07-28","7/28/2009","631PS0011","Selected"
"631PS0023","631PS00232009-08-04","8/4/2009","631PS0023","Selected"
"631PS0033","631PS00332010-08-30","8/30/2010","631PS0033","Selected"
"631PS0051","631PS00512011-08-16","8/16/2011","631PS0051","Selected"
"631WWK005","631WWK0052010-07-29","7/29/2010","631WWK005","Selected"
"632CHV001","632CHV0012010-07-23","7/23/2010","632CHV001","Selected"
"632ELD001","632ELD0012011-09-08","9/8/2011","632ELD001","Selected"
"632HEN001","632HEN0012010-08-31","8/31/2010","632HEN001","Selected"
"632MRK001","632MRK0012010-07-22","7/22/2010","632MRK001","Selected"
"632MUR001","632MUR0012011-09-07","9/7/2011","632MUR001","Selected"
"632NOB001","632NOB0012010-07-25","7/25/2010","632NOB001","NotSelected"
"632NOB001","632NOB0012010-09-01","9/1/2010","632NOB001","Selected"
"632PS0007","632PS00072008-07-23","7/23/2008","632PS0007","Selected"
"632PS0014","632PS00142009-08-03","8/3/2009","632PS0014","Selected"
"632PS0046","632PS00462011-08-16","8/16/2011","632PS0046","Selected"
"632PS0058","632PS00582011-08-15","8/15/2011","632PS0058","Selected"
"632WE0629","632WE06292002-06-27","6/27/2002","632WE0629","Selected"
"633PS0003","633PS00032008-07-22","7/22/2008","633PS0003","Selected"
"633WCR001","633WCR0012010-07-27","7/27/2010","633WCR001","Selected"
"633WCR003","633WCR0032012-09-04","9/4/2012","633WCR003","Selected"
"633WE0991","633WE09912003-07-14","7/14/2003","633WE0991","NotSelected"
"633WE0991","633WE09912002-08-01","8/1/2002","633WE0991","NotSelected"
"633WE0991","633WE09912002-06-26","6/26/2002","633WE0991","NotSelected"
"633WE0991","633WE09912003-09-10","9/10/2003","633WE0991","Selected"
"633WIL001","633WIL0012009-06-25","6/25/2009","633WIL001","NotSelected"
"633WIL001","633WIL0012009-10-26","10/26/2009","633WIL001","NotSelected"
"633WIL001","633WIL0012009-10-01","10/1/2009","633WIL001","NotSelected"
"633WIL001","633WIL0012009-05-18","5/18/2009","633WIL001","Selected"
"633WIL001","633WIL0012009-08-05","8/5/2009","633WIL001","NotSelected"
"634CAT055","634CAT0552010-08-11","8/11/2010","634CAT055","NotSelected"
"634CAT055","634CAT0552011-10-04","10/4/2011","634CAT055","Selected"
"634EGL005","634EGL0052011-10-03","10/3/2011","634EGL005","Selected"
"634GRF001","634GRF0012011-10-03","10/3/2011","634GRF001","Selected"
"634HHCATC","634HHCATC2011-10-04","10/4/2011","634HHCATC","Selected"
"634HID001","634HID0012011-10-03","10/3/2011","634HID001","Selected"
"634PS0019","634PS00192009-08-05","8/5/2009","634PS0019","Selected"
"634PS0035","634PS00352010-09-01","9/1/2010","634PS0035","Selected"
"634PS0062","634PS00622011-10-12","10/12/2011","634PS0062","Selected"
"634R10BMW","634R10BMW2011-09-29","9/29/2011","634R10BMW","Selected"
"634R10GNL","634R10GNL2011-10-03","10/3/2011","634R10GNL","Selected"
"634R10UTR","634R10UTR2011-09-28","9/28/2011","634R10UTR","Selected"
"634SAX002","634SAX0022010-07-16","7/16/2010","634SAX002","Selected"
"634TAY001","634TAY0012010-07-19","7/19/2010","634TAY001","Selected"
"634TRT002","634TRT0022010-07-18","7/18/2010","634CE0146","Selected"
"634TRT002","634TRT0022010-07-18","7/18/2010","634TRT002","Selected"
"634TRT005","634TRT0052010-07-15","7/15/2010","634TRT005","Selected"
"634UTR005","634UTR0052010-07-20","7/20/2010","634UTR005","Selected"
"634WSN001","634WSN0012011-10-04","10/4/2011","634WSN001","Selected"
"635BER001","635BER0012010-07-08","7/8/2010","635BER001","Selected"
"635CLS001","635CLS0012010-07-09","7/9/2010","635CLS001","Selected"
"635PS0018","635PS00182009-07-20","7/20/2009","635PS0018","Selected"
"635PS0034","635PS00342010-09-08","9/8/2010","635PS0034","Selected"
"635PS0038","635PS00382010-08-09","8/9/2010","635PS0038","Selected"
"635WE0628","635WE06282000-08-24","8/24/2000","635WE0628","Selected"
"636PS0006","636PS00062008-07-21","7/21/2008","636PS0006","Selected"
"636PS0010","636PS00102009-07-21","7/21/2009","636PS0010","Selected"
"636PS0070","636PS00702011-09-21","9/21/2011","636PS0070","Selected"
"636SAG001","636SAG0012010-07-12","7/12/2010","636SAG001","Selected"
"637PS0018","637PS00182008-08-04","8/4/2008","637PS0018","Selected"
"637WE0759","637WE07592001-09-13","9/13/2001","637WE0759","Selected"
"719CE0696","719CE06962004-04-21","4/21/2004","719CE0696","Selected"
"719WE0864","719WE08642001-05-08","5/8/2001","719WE0864","Selected"
"719WWRAEF","719WWRAEF2010-06-09","6/9/2010","R5BIO-314","Selected"
"722PS0535","722PS05352009-05-26","5/26/2009","722PS0535","Selected"
"722PS0611","722PS06112010-06-08","6/8/2010","722PS0611","Selected"
"723WE0626","723WE06262002-05-14","5/14/2002","723WE0626","Selected"
"723WE0983","723WE09832002-05-14","5/14/2002","723WE0983","Selected"
"801CCCCTT","801CCCCTT2007-05-03","5/3/2007","R5BIO-308","Selected"
"801CCCCTT","801CCCCTT2005-06-13","6/13/2005","R5BIO-308","NotSelected"
"801CCWFAC","801CCWFAC2007-05-01","5/1/2007","801CCWFAC","NotSelected"
"801CCWFAC","801CCWFAC2011-06-07","6/7/2011","801CCWFAC","Selected"
"801CCWFAC","801CCWFAC2005-06-13","6/13/2005","801CCWFAC","NotSelected"
"801FDCCCR","801FDCCCR2007-05-01","5/1/2007","801FDCCCR","NotSelected"
"801FDCCCR","801FDCCCR2005-06-06","6/6/2005","801FDCCCR","Selected"
"801LCMFAS","801LCMFAS2005-06-14","6/14/2005","R5BIO-311","NotSelected"
"801LCMFAS","801LCMFAS2007-05-03","5/3/2007","R5BIO-311","Selected"
"801PS0019","801PS00192008-05-20","5/20/2008","801PS0019","Selected"
"801SBCATC","801SBCATC2007-05-02","5/2/2007","R5BIO-302","Selected"
"801SBCATC","801SBCATC2005-06-24","6/24/2005","R5BIO-302","NotSelected"
"801WE0550","801WE05502000-06-27","6/27/2000","801WE0550","Selected"
"801WE0669","801WE06692001-06-26","6/26/2001","801WE0669","Selected"
"801WE0674","801WE06742002-05-16","5/16/2002","801WE0674","Selected"
"801WE0787","801WE07872001-06-27","6/27/2001","801WE0787","Selected"
"801WE0806","801WE08062001-06-20","6/20/2001","801WE0806","Selected"
"801WE0895","801WE08952001-06-28","6/28/2001","801WE0895","Selected"
"801WE0989","801WE09892002-06-18","6/18/2002","801WE0989","Selected"
"801WE1008","801WE10082002-06-06","6/6/2002","801WE1008","Selected"
"801WE1013","801WE10132002-05-15","5/15/2002","801WE1013","Selected"
"801WE1020","801WE10202005-06-14","6/14/2005","801WE1020","Selected"
"801WE1020","801WE10202002-06-19","6/19/2002","801WE1020","NotSelected"
"801WE1032","801WE10322002-06-04","6/4/2002","801WE1032","Selected"
"801WE1043","801WE10432007-05-01","5/1/2007","801WE1043","NotSelected"
"801WE1043","801WE10432005-06-14","6/14/2005","801WE1043","Selected"
"801WE1043","801WE10432002-06-11","6/11/2002","801WE1043","NotSelected"
"801WE1127","801WE11272002-06-13","6/13/2002","801WE1127","Selected"
"801WE1132","801WE11322009-07-08","7/8/2009","801WE1132","Selected"
"801WE1132","801WE11322009-06-01","6/1/2009","801WE1132","NotSelected"
"801WE1132","801WE11322009-03-26","3/26/2009","801WE1132","NotSelected"
"801WE1132","801WE11322009-04-29","4/29/2009","801WE1132","NotSelected"
"801WE1132","801WE11322009-08-19","8/19/2009","801WE1132","NotSelected"
"801WE1132","801WE11322002-06-05","6/5/2002","801WE1132","NotSelected"
"802FMCAIP","802FMCAIP2005-06-14","6/14/2005","802FMCAIP","NotSelected"
"802FMCAIP","802FMCAIP2011-06-07","6/7/2011","802FMCAIP","Selected"
"802WE0539","802WE05392000-07-19","7/19/2000","802WE0539","Selected"
"802WE0658","802WE06582001-05-09","5/9/2001","802WE0658","Selected"
"802WE0794","802WE07942001-05-10","5/10/2001","802WE0794","Selected"
"845PS0011","845PS00112008-05-29","5/29/2008","845PS0011","Selected"
"845PS0011","845PS00112008-05-14","5/14/2008","845PS0011","NotSelected"
"901ATCAAS","901ATCAAS2008-06-05","6/5/2008","R5BIO-309","Selected"
"901CSCADC","901CSCADC2011-05-26","5/26/2011","901CSCADC","Selected"
"901DCCSMC","901DCCSMC2011-05-16","5/16/2011","901DCCSMC","Selected"
"901PS0057","901PS00572008-05-14","5/14/2008","901PS0057","Selected"
"901S00313","901S003132009-04-30","4/30/2009","SMC00313","Selected"
"901S00469","901S004692009-05-13","5/13/2009","SMC00469","Selected"
"901S00531","901S005312009-05-07","5/7/2009","SMC00531","Selected"
"901S00997","901S009972009-05-14","5/14/2009","SMC00997","Selected"
"901S01705","901S017052009-05-14","5/14/2009","SMC01705","Selected"
"901S01811","901S018112009-05-07","5/7/2009","SMC01811","Selected"
"901S01849","901S018492010-06-01","6/1/2010","901S01849","Selected"
"901S02702","901S027022010-06-02","6/2/2010","901S02702","Selected"
"901S02873","901S028732010-06-01","6/1/2010","901S02873","Selected"
"901S04309","901S043092011-05-16","5/16/2011","901S04309","Selected"
"901S04409","901S044092011-05-19","5/19/2011","901S04409","Selected"
"901S04565","901S045652011-05-26","5/26/2011","901S04565","Selected"
"901S06030","901S060302009-04-30","4/30/2009","SMC06030","Selected"
"901S06798","901S067982011-05-17","5/17/2011","901S06798","Selected"
"901S06851","901S068512011-05-19","5/19/2011","901S06851","Selected"
"901S39498","901S394982010-05-18","5/18/2010","901S39498","Selected"
"901S45253","901S452532010-05-18","5/18/2010","901S45253","Selected"
"901SCCA74","901SCCA742010-06-08","6/8/2010","901SCCA74","Selected"
"901SJC74x","901SJC74x2007-05-04","5/4/2007","901SJC74x","NotSelected"
"901SJC74x","901SJC74x2009-04-22","4/22/2009","901SJC74x","NotSelected"
"901SJC74x","901SJC74x2005-06-10","6/10/2005","901SJC74x","Selected"
"901SJSJC9","901SJSJC92008-05-05","5/5/2008","901SJSJC9","Selected"
"901SJSMT2","901SJSMT22008-05-05","5/5/2008","R5BIO-6496","Selected"
"902DLCDLM","902DLCDLM2008-04-16","4/16/2008","902DLCDLM","Selected"
"902RCWGRx","902RCWGRx2008-04-15","4/15/2008","902RCWGRx","NotSelected"
"902RCWGRx","902RCWGRx2007-04-28","4/28/2007","902RCWGRx","Selected"
"902RCWGRx","902RCWGRx2009-04-22","4/22/2009","902RCWGRx","NotSelected"
"902RCWGRx","902RCWGRx2005-06-17","6/17/2005","902RCWGRx","NotSelected"
"902S00117","902S001172010-05-25","5/25/2010","902S00117","Selected"
"902S00565","902S005652009-04-27","4/27/2009","SMC00565","Selected"
"902S01097","902S010972009-05-11","5/11/2009","SMC01097","Selected"
"902S02293","902S022932010-05-27","5/27/2010","902S02293","Selected"
"902S02357","902S023572010-05-25","5/25/2010","902S02357","Selected"
"902S05173","902S051732011-05-17","5/17/2011","902S05173","Selected"
"902SMROB8","902SMROB82007-04-28","4/28/2007","902SMROB8","NotSelected"
"902SMROB8","902SMROB82009-04-28","4/28/2009","902SMROB8","NotSelected"
"902SMROB8","902SMROB82005-06-07","6/7/2005","902SMROB8","Selected"
"902SMROB8","902SMROB82008-04-18","4/18/2008","902SMROB8","NotSelected"
"902SMRWGR","902SMRWGR2009-04-22","4/22/2009","R5BIO-6522","NotSelected"
"902SMRWGR","902SMRWGR2005-06-17","6/17/2005","R5BIO-6522","Selected"
"902SMRWGR","902SMRWGR2008-04-16","4/16/2008","R5BIO-6522","NotSelected"
"902SMRWGR","902SMRWGR2007-04-28","4/28/2007","R5BIO-6522","NotSelected"
"902SMSND3","902SMSND32008-05-06","5/6/2008","902SMSND3","Selected"
"902SMSTN1","902SMSTN12007-06-05","6/5/2007","SMST1","Selected"
"902SMSTN1","902SMSTN12008-05-06","5/6/2008","SMST1","NotSelected"
"902WE0888","902WE08882001-06-19","6/19/2001","902WE0888","Selected"
"903FCPSPx","903FCPSPx2007-04-29","4/29/2007","R5BIO-6528","Selected"
"903FCPSPx","903FCPSPx2008-04-17","4/17/2008","R5BIO-6528","NotSelected"
"903FCPSPx","903FCPSPx2009-04-22","4/22/2009","R5BIO-6528","NotSelected"
"903FCPSPx","903FCPSPx2005-06-22","6/22/2005","R5BIO-6528","NotSelected"
"903SLFRCx","903SLFRCx2009-04-22","4/22/2009","903SLFRCx","NotSelected"
"903SLFRCx","903SLFRCx2008-05-07","5/7/2008","903SLFRCx","NotSelected"
"903SLFRCx","903SLFRCx2005-06-09","6/9/2005","903SLFRCx","Selected"
"903SLGRD2","903SLGRD22008-05-09","5/9/2008","SLGD1","Selected"
"903SLKYS3","903SLKYS32008-05-07","5/7/2008","903SLKYS3","Selected"
"903SLMSA2","903SLMSA22008-05-09","5/9/2008","903SLMSA2","Selected"
"903SLSLR3","903SLSLR32009-04-23","4/23/2009","903SLSLR3","NotSelected"
"903SLSLR3","903SLSLR32007-04-29","4/29/2007","903SLSLR3","Selected"
"903SLSLR3","903SLSLR32008-04-17","4/17/2008","903SLSLR3","NotSelected"
"903SLSLR3","903SLSLR32005-06-23","6/23/2005","903SLSLR3","NotSelected"
"903WE0798","903WE07982005-06-22","6/22/2005","903WE0798","Selected"
"903WE0798","903WE07982009-04-28","4/28/2009","903WE0798","NotSelected"
"903WE0798","903WE07982001-05-17","5/17/2001","903WE0798","NotSelected"
"903WE0900","903WE09002002-05-22","5/22/2002","903WE0900","Selected"
"904CBAHC6","904CBAHC62008-05-06","5/6/2008","904CBAHC6","Selected"
"904CBESC6","904CBESC62005-06-16","6/16/2005","904CBESC6","Selected"
"904CBESC6","904CBESC62007-04-30","4/30/2007","904CBESC6","NotSelected"
"904CBESC6","904CBESC62008-04-15","4/15/2008","904CBESC6","NotSelected"
"904CBESC8","904CBESC82008-05-09","5/9/2008","904CBESC8","Selected"
"904PS0034","904PS00342008-05-13","5/13/2008","904PS0034","Selected"
"904S00537","904S005372009-05-04","5/4/2009","SMC00537","Selected"
"904S02201","904S022012010-05-19","5/19/2010","904S02201","Selected"
"904S02585","904S025852010-05-19","5/19/2010","904S02585","Selected"
"904S08089","904S080892010-05-20","5/20/2010","904S08089","Selected"
"904S12185","904S121852011-05-24","5/24/2011","904S12185","Selected"
"904WE1125","904WE11252002-05-23","5/23/2002","904WE1125","Selected"
"904WE1131","904WE11312002-05-21","5/21/2002","904WE1131","Selected"
"905BCN1xx","905BCN1xx2008-04-19","4/19/2008","R5BIO-6526","Selected"
"905BMCCGx","905BMCCGx2005-06-09","6/9/2005","R5BIO-6516","NotSelected"
"905BMCCGx","905BMCCGx2009-04-21","4/21/2009","R5BIO-6516","Selected"
"905BMCCGx","905BMCCGx2008-04-19","4/19/2008","R5BIO-6516","NotSelected"
"905CE0512","905CE05122004-04-20","4/20/2004","905CE0512","Selected"
"905KCCSDx","905KCCSDx2008-04-14","4/14/2008","905KCCSDx","Selected"
"905PS0026","905PS00262008-05-13","5/13/2008","905PS0026","Selected"
"905S01953","905S019532009-04-29","4/29/2009","SMC01953","Selected"
"905S02561","905S025612011-05-25","5/25/2011","905S02561","Selected"
"905SDBDN9","905SDBDN92009-04-21","4/21/2009","905SDBDN9","Selected"
"905SDGVC2","905SDGVC22009-04-27","4/27/2009","905SDGVC2","Selected"
"905SDGVC2","905SDGVC22008-04-14","4/14/2008","905SDGVC2","NotSelected"
"905SDISS2","905SDISS22008-05-08","5/8/2008","905SDISS2","Selected"
"905SDYSA7","905SDYSA72008-05-06","5/6/2008","R5BIO-6504","Selected"
"905WE0679","905WE06792005-06-16","6/16/2005","905WE0679","Selected"
"905WE0679","905WE06792002-04-24","4/24/2002","905WE0679","NotSelected"
"905WE1018","905WE10182002-04-25","4/25/2002","905WE1018","Selected"
"906CCECRx","906CCECRx2007-04-30","4/30/2007","906CCECRx","NotSelected"
"906CCECRx","906CCECRx2009-04-22","4/22/2009","906CCECRx","NotSelected"
"906CCECRx","906CCECRx2005-06-16","6/16/2005","906CCECRx","Selected"
"906LPLPC6","906LPLPC62008-05-07","5/7/2008","906LPLPC6","Selected"
"906LPRSC4","906LPRSC42008-05-07","5/7/2008","906LPRSC4","Selected"
"906S02246","906S022462010-05-26","5/26/2010","906S02246","Selected"
"907CCCR02","907CCCR022010-06-09","6/9/2010","R5BIO-6514","NotSelected"
"907CCCR02","907CCCR022010-07-13","7/13/2010","R5BIO-6514","Selected"
"907CCCR02","907CCCR022008-05-08","5/8/2008","R5BIO-6514","NotSelected"
"907CCCR02","907CCCR022010-05-05","5/5/2010","R5BIO-6514","NotSelected"
"907CCCR02","907CCCR022010-03-29","3/29/2010","R5BIO-6514","NotSelected"
"907CCCR02","907CCCR022009-04-21","4/21/2009","R5BIO-6514","NotSelected"
"907CCCR02","907CCCR022010-08-24","8/24/2010","R5BIO-6514","NotSelected"
"907CONECR","907CONECR2009-04-29","4/29/2009","907CONECR","NotSelected"
"907CONECR","907CONECR2007-05-03","5/3/2007","907CONECR","NotSelected"
"907CONECR","907CONECR2005-06-15","6/15/2005","907CONECR","NotSelected"
"907CONECR","907CONECR2008-04-17","4/17/2008","907CONECR","Selected"
"907S00577","907S005772009-05-12","5/12/2009","SMC00577","Selected"
"907S01418","907S014182009-05-12","5/12/2009","SMC01418","Selected"
"907S01434","907S014342009-05-13","5/13/2009","SMC01434","Selected"
"907S01610","907S016102010-05-31","5/31/2010","907S01610","Selected"
"907S02774","907S027742010-05-20","5/20/2010","907S02774","Selected"
"907S03210","907S032102011-05-18","5/18/2011","907S03210","Selected"
"907S05514","907S055142011-05-18","5/18/2011","907S05514","Selected"
"907S46499","907S464992010-06-02","6/2/2010","907S46499","Selected"
"907SDBOC2","907SDBOC22008-04-16","4/16/2008","R5BIO-6518","Selected"
"907SDBOC2","907SDBOC22009-04-24","4/24/2009","R5BIO-6518","NotSelected"
"907SDBOC2","907SDBOC22005-06-09","6/9/2005","R5BIO-6518","NotSelected"
"907SDBOC2","907SDBOC22007-05-01","5/1/2007","R5BIO-6518","NotSelected"
"907SDCHC3","907SDCHC32008-05-08","5/8/2008","907SDCHC3","Selected"
"907SDFRC2","907SDFRC22008-05-05","5/5/2008","907SDFRC2","Selected"
"907SDSVC3","907SDSVC32007-04-30","4/30/2007","907SDSVC3","NotSelected"
"907SDSVC3","907SDSVC32008-04-17","4/17/2008","907SDSVC3","NotSelected"
"907SDSVC3","907SDSVC32009-04-21","4/21/2009","907SDSVC3","Selected"
"907SDSVC3","907SDSVC32005-06-16","6/16/2005","907SDSVC3","NotSelected"
"907SSDR11","907SSDR112008-05-05","5/5/2008","907SSDR11","Selected"
"908CCTNFA","908CCTNFA2005-11-15","11/15/2005","CC-FB","Selected"
"909CCCSPx","909CCCSPx2005-06-09","6/9/2005","R5BIO-6490","Selected"
"909CCCSPx","909CCCSPx2007-05-03","5/3/2007","R5BIO-6490","NotSelected"
"909CCCSPx","909CCCSPx2009-04-20","4/20/2009","R5BIO-6490","NotSelected"
"909CCCSPx","909CCCSPx2005-11-16","11/16/2005","R5BIO-6490","NotSelected"
"909CCCSPx","909CCCSPx2008-04-16","4/16/2008","R5BIO-6490","NotSelected"
"909JPCH79","909JPCH792010-06-08","6/8/2010","SWJP1","Selected"
"909JQCASR","909JQCASR2011-06-01","6/1/2011","909JQCASR","Selected"
"909SHAR02","909SHAR022008-05-08","5/8/2008","909SHAR02","Selected"
"909SLAW02","909SLAW022008-05-06","5/6/2008","909SLAW02","NotSelected"
"909SLAW02","909SLAW022005-11-16","11/16/2005","909SLAW02","Selected"
"909SSWR01","909SSWR012008-04-16","4/16/2008","R5BIO-6466","NotSelected"
"909SSWR03","909SSWR032007-05-04","5/4/2007","909SSWR03","NotSelected"
"909SSWR03","909SSWR032008-04-20","4/20/2008","909SSWR03","NotSelected"
"909SSWR03","909SSWR032005-06-15","6/15/2005","909SSWR03","NotSelected"
"909SSWR03","909SSWR032009-04-20","4/20/2009","909SSWR03","Selected"
"909SSWR08","909SSWR082008-05-05","5/5/2008","909SSWR08","NotSelected"
"909SSWR08","909SSWR082005-11-15","11/15/2005","909SSWR08","Selected"
"909SSWR1a","909SSWR1a2007-05-03","5/3/2007","R5BIO-6466","NotSelected"
"909SSWR1a","909SSWR1a2009-04-20","4/20/2009","R5BIO-6466","Selected"
"909SSWR1a","909SSWR1a2005-06-15","6/15/2005","R5BIO-6466","NotSelected"
"909SWR94x","909SWR94x2005-11-17","11/17/2005","SWSW1","Selected"
"909WE0662","909WE06622005-06-15","6/15/2005","909WE0662","NotSelected"
"909WE0662","909WE06622001-05-16","5/16/2001","909WE0662","Selected"
"909WE0780","909WE07802001-05-15","5/15/2001","909WE0780","Selected"
"909WE1014","909WE10142002-04-23","4/23/2002","909WE1014","Selected"
"910DZRA03","910DZRA032008-05-06","5/6/2008","910DZRA03","Selected"
"910OTJMC4","910OTJMC42008-04-14","4/14/2008","R5BIO-6524","Selected"
"910OTJMC4","910OTJMC42009-04-24","4/24/2009","R5BIO-6524","NotSelected"
"910S06570","910S065702010-05-24","5/24/2010","910S06570","Selected"
"910S14762","910S147622010-05-26","5/26/2010","910S14762","Selected"
"911CCH80x","911CCH80x2005-06-14","6/14/2005","R5BIO-6502","NotSelected"
"911CCH80x","911CCH80x2009-04-23","4/23/2009","R5BIO-6502","NotSelected"
"911CCH80x","911CCH80x2007-05-04","5/4/2007","R5BIO-6502","Selected"
"911CCH80x","911CCH80x2008-04-15","4/15/2008","R5BIO-6502","NotSelected"
"911KCKCRx","911KCKCRx2011-05-31","5/31/2011","911KCKCRX","Selected"
"911KCKCRx","911KCKCRx2011-05-31","5/31/2011","R5BIO-6482","Selected"
"911NCPCR2","911NCPCR22009-04-28","4/28/2009","911NCPCR2","NotSelected"
"911NCPCR2","911NCPCR22009-03-25","3/25/2009","911NCPCR2","NotSelected"
"911NCPCR2","911NCPCR22009-05-27","5/27/2009","911NCPCR2","Selected"
"911NCPCRx","911NCPCRx2005-06-08","6/8/2005","R5BIO-6486","NotSelected"
"911NCPCRx","911NCPCRx2009-04-23","4/23/2009","R5BIO-6486","NotSelected"
"911NCPCRx","911NCPCRx2008-04-18","4/18/2008","R5BIO-6486","NotSelected"
"911NCPCRx","911NCPCRx2007-05-02","5/2/2007","R5BIO-6486","Selected"
"911NCPCRx","911NCPCRx2007-06-05","6/5/2007","R5BIO-6486","NotSelected"
"911PCH80x","911PCH80x2008-04-15","4/15/2008","R5BIO-6468","Selected"
"911PCH80x","911PCH80x2005-11-16","11/16/2005","R5BIO-6468","NotSelected"
"911S00538","911S005382009-05-05","5/5/2009","SMC00538","Selected"
"911S00858","911S008582010-05-31","5/31/2010","911S00858","Selected"
"911S01142","911S011422011-05-24","5/24/2011","911S01142","Selected"
"911S01818","911S018182009-05-06","5/6/2009","SMC01818","Selected"
"911S02058","911S020582009-05-05","5/5/2009","SMC02058","Selected"
"911S03354","911S033542009-05-05","5/5/2009","SMC03354","Selected"
"911S04086","911S040862009-05-06","5/6/2009","SMC04086","Selected"
"911S12262","911S122622010-05-24","5/24/2010","911S12262","Selected"
"911TCAM01","911TCAM012008-05-07","5/7/2008","911TCAM01","Selected"
"911TCCTCx","911TCCTCx2008-04-15","4/15/2008","911TCCTCX","NotSelected"
"911TCCTCx","911TCCTCx2007-05-02","5/2/2007","911TCCTCX","Selected"
"911TCCTCx","911TCCTCx2005-06-15","6/15/2005","911TCCTCX","NotSelected"
"911TCCTCx","911TCCTCx2007-06-06","6/6/2007","911TCCTCX","NotSelected"
"911TCCTCx","911TCCTCx2009-04-22","4/22/2009","911TCCTCX","NotSelected"
"911TCCTCx","911TCCTCx2011-05-31","5/31/2011","911TCCTCX","NotSelected"
"911TJIND2","911TJIND22008-05-08","5/8/2008","911TJIND2","NotSelected"
"911TJIND2","911TJIND22007-06-05","6/5/2007","911TJIND2","Selected"
"911TJKTC5","911TJKTC52008-05-07","5/7/2008","911TJKTC5","Selected"
"911TJLAP4","911TJLAP42007-05-02","5/2/2007","R5BIO-6478","NotSelected"
"911TJLAP4","911TJLAP42005-06-08","6/8/2005","R5BIO-6478","NotSelected"
"911TJLAP4","911TJLAP42005-11-16","11/16/2005","R5BIO-6478","Selected"
"911TJLAP4","911TJLAP42009-04-22","4/22/2009","R5BIO-6478","NotSelected"
"911TJLCC2","911TJLCC22008-05-07","5/7/2008","R5BIO-6474","NotSelected"
"911TJLCC2","911TJLCC22007-06-06","6/6/2007","R5BIO-6474","Selected"
"911TJNPC2","911TJNPC22007-05-02","5/2/2007","R5BIO-6476","NotSelected"
"911TJNPC2","911TJNPC22009-04-23","4/23/2009","R5BIO-6476","NotSelected"
"911TJNPC2","911TJNPC22005-06-08","6/8/2005","R5BIO-6476","Selected"
"911TJNPC2","911TJNPC22007-06-05","6/5/2007","R5BIO-6476","NotSelected"
"911TJNPC2","911TJNPC22008-04-18","4/18/2008","R5BIO-6476","NotSelected"
"911TJWIL3","911TJWIL32011-05-25","5/25/2011","911TJWIL3","Selected"
"911TJWIL3","911TJWIL32008-05-06","5/6/2008","911TJWIL3","NotSelected"
"911TTJR01","911TTJR012008-05-05","5/5/2008","911TTJR01","NotSelected"
"911TTJR01","911TTJR012005-11-17","11/17/2005","911TTJR01","Selected"
