StationCode,Variable,Result,SampleDate,SampleDate2
603CON001,PCT_CB,57,6/20/2001,6/19/2001
603CON001,SB_PP_D90,160,6/20/2001,6/19/2001
603CON001,PCT_FAST,51,6/20/2001,6/19/2001
603CON001,XCDENMID,24,6/20/2001,6/19/2001
603CON001,PBM_E,0,6/20/2001,6/19/2001
634TAY001,PCT_CB,59,7/30/2001,7/29/2001
634TAY001,SB_PP_D90,380,7/30/2001,7/29/2001
634TAY001,PCT_FAST,48,7/30/2001,7/29/2001
634TAY001,XCDENMID,30,7/30/2001,7/29/2001
634TAY001,PBM_E,0,7/30/2001,7/29/2001
635BER001,PCT_CB,72,7/9/2001,7/8/2001
635BER001,SB_PP_D90,195,7/9/2001,7/8/2001
635BER001,PCT_FAST,48,7/9/2001,7/8/2001
635BER001,XCDENMID,18,7/9/2001,7/8/2001
635BER001,PBM_E,0,7/9/2001,7/8/2001
636SAG001,PCT_CB,65,7/11/2001,7/10/2001
636SAG001,SB_PP_D90,160,7/11/2001,7/10/2001
636SAG001,PCT_FAST,37,7/11/2001,7/10/2001
636SAG001,XCDENMID,5,7/11/2001,7/10/2001
636SAG001,PBM_E,0,7/11/2001,7/10/2001
603UOW001,PCT_CB,15,8/17/2000,8/16/2000
603UOW001,SB_PP_D90,160,8/17/2000,8/16/2000
603UOW001,PCT_FAST,26,8/17/2000,8/16/2000
603UOW001,XCDENMID,0,8/17/2000,8/16/2000
603UOW001,PBM_E,33,8/17/2000,8/16/2000
634UTR005,PCT_CB,36,9/20/2000,9/19/2000
634UTR005,SB_PP_D90,160,9/20/2000,9/19/2000
634UTR005,PCT_FAST,23,9/20/2000,9/19/2000
634UTR005,XCDENMID,7,9/20/2000,9/19/2000
634UTR005,PBM_E,7,9/20/2000,9/19/2000
635BER001,PCT_CB,73,8/29/2000,8/28/2000
635BER001,SB_PP_D90,160,8/29/2000,8/28/2000
635BER001,PCT_FAST,47,8/29/2000,8/28/2000
635BER001,XCDENMID,31,8/29/2000,8/28/2000
635BER001,PBM_E,0,8/29/2000,8/28/2000
635CLS001,PCT_CB,33,8/31/2000,8/30/2000
635CLS001,SB_PP_D90,160,8/31/2000,8/30/2000
635CLS001,PCT_FAST,29,8/31/2000,8/30/2000
635CLS001,XCDENMID,4,8/31/2000,8/30/2000
635CLS001,PBM_E,20,8/31/2000,8/30/2000
636SAG001,PCT_CB,56,8/31/2000,8/30/2000
636SAG001,SB_PP_D90,160,8/31/2000,8/30/2000
636SAG001,PCT_FAST,44,8/31/2000,8/30/2000
636SAG001,XCDENMID,7,8/31/2000,8/30/2000
636SAG001,PBM_E,3,8/31/2000,8/30/2000
603CON001,PCT_CB,56,7/15/1999,7/14/1999
603CON001,SB_PP_D90,167.5,7/15/1999,7/14/1999
603CON001,PCT_FAST,55,7/15/1999,7/14/1999
603CON001,XCDENMID,35,7/15/1999,7/14/1999
603CON001,PBM_E,0,7/15/1999,7/14/1999
603GLS001,PCT_CB,51,6/23/1999,6/22/1999
603GLS001,SB_PP_D90,160,6/23/1999,6/22/1999
603GLS001,PCT_FAST,81,6/23/1999,6/22/1999
603GLS001,XCDENMID,19,6/23/1999,6/22/1999
603GLS001,PBM_E,0,6/23/1999,6/22/1999
603MCG001,PCT_CB,41,7/20/1999,7/19/1999
603MCG001,SB_PP_D90,335,7/20/1999,7/19/1999
603MCG001,PCT_FAST,77,7/20/1999,7/19/1999
603MCG001,XCDENMID,64,7/20/1999,7/19/1999
603MCG001,PBM_E,0,7/20/1999,7/19/1999
603RCK001,PCT_CB,37,6/21/1999,6/20/1999
603RCK001,SB_PP_D90,275,6/21/1999,6/20/1999
603RCK001,PCT_FAST,58,6/21/1999,6/20/1999
603RCK001,XCDENMID,49,6/21/1999,6/20/1999
603RCK001,PBM_E,0,6/21/1999,6/20/1999
603UOW001,PCT_CB,19,8/23/1999,8/22/1999
603UOW001,SB_PP_D90,160,8/23/1999,8/22/1999
603UOW001,PCT_FAST,28,8/23/1999,8/22/1999
603UOW001,XCDENMID,0,8/23/1999,8/22/1999
603UOW001,PBM_E,37,8/23/1999,8/22/1999
631POR001,PCT_CB,4,8/8/1999,8/7/1999
631POR001,SB_PP_D90,9,8/8/1999,8/7/1999
631POR001,PCT_FAST,50,8/8/1999,8/7/1999
631POR001,XCDENMID,0,8/8/1999,8/7/1999
631POR001,PBM_E,3,8/8/1999,8/7/1999
631WWK005,PCT_CB,51,8/19/1999,8/18/1999
631WWK005,SB_PP_D90,160,8/19/1999,8/18/1999
631WWK005,PCT_FAST,61,8/19/1999,8/18/1999
631WWK005,XCDENMID,0,8/19/1999,8/18/1999
631WWK005,PBM_E,47,8/19/1999,8/18/1999
632NOB001,PCT_CB,73,8/31/1999,8/30/1999
632NOB001,SB_PP_D90,210,8/31/1999,8/30/1999
632NOB001,PCT_FAST,55,8/31/1999,8/30/1999
632NOB001,XCDENMID,0,8/31/1999,8/30/1999
632NOB001,PBM_E,0,8/31/1999,8/30/1999
633WCR001,PCT_CB,27,8/25/1999,8/24/1999
633WCR001,SB_PP_D90,725,8/25/1999,8/24/1999
633WCR001,PCT_FAST,49,8/25/1999,8/24/1999
633WCR001,XCDENMID,0,8/25/1999,8/24/1999
633WCR001,PBM_E,7,8/25/1999,8/24/1999
634UTR005,PCT_CB,45,9/29/1999,9/28/1999
634UTR005,SB_PP_D90,160,9/29/1999,9/28/1999
634UTR005,PCT_FAST,30,9/29/1999,9/28/1999
634UTR005,XCDENMID,3,9/29/1999,9/28/1999
634UTR005,PBM_E,7,9/29/1999,9/28/1999
403BA0064,PCT_CB,14,5/11/2008,5/10/2008
403BA0064,SB_PP_D90,157,5/11/2008,5/10/2008
403BA0064,PCT_FAST,1,5/11/2008,5/10/2008
403BA0064,XCM,71,5/11/2008,5/10/2008
403BA0064,XCDENMID,44,5/11/2008,5/10/2008
403BA0064,PBM_E,91,5/11/2008,5/10/2008
403BA0064,CFC_ALG,10,5/11/2008,5/10/2008
404BA0526,PCT_CB,18,6/3/2008,6/2/2008
404BA0526,SB_PP_D90,625,6/3/2008,6/2/2008
404BA0526,PCT_FAST,20,6/3/2008,6/2/2008
404BA0526,XCM,111,6/3/2008,6/2/2008
404BA0526,XCDENMID,95,6/3/2008,6/2/2008
404BA0526,PBM_E,18,6/3/2008,6/2/2008
404BA0526,CFC_ALG,11,6/3/2008,6/2/2008
404BA0616,PCT_CB,12,6/2/2008,6/1/2008
404BA0616,SB_PP_D90,157,6/2/2008,6/1/2008
404BA0616,PCT_FAST,5,6/2/2008,6/1/2008
404BA0616,XCM,82,6/2/2008,6/1/2008
404BA0616,XCDENMID,82,6/2/2008,6/1/2008
404BA0616,PBM_E,36,6/2/2008,6/1/2008
404BA0616,CFC_ALG,11,6/2/2008,6/1/2008
404BA1144,PCT_CB,25,6/9/2008,6/8/2008
404BA1144,SB_PP_D90,2500,6/9/2008,6/8/2008
404BA1144,PCT_FAST,44,6/9/2008,6/8/2008
404BA1144,XCM,94,6/9/2008,6/8/2008
404BA1144,XCDENMID,80,6/9/2008,6/8/2008
404BA1144,PBM_E,59,6/9/2008,6/8/2008
404BA1144,CFC_ALG,11,6/9/2008,6/8/2008
404BA1166,PCT_CB,34,6/9/2008,6/8/2008
404BA1166,SB_PP_D90,157,6/9/2008,6/8/2008
404BA1166,PCT_FAST,64,6/9/2008,6/8/2008
404BA1166,XCM,129,6/9/2008,6/8/2008
404BA1166,XCDENMID,94,6/9/2008,6/8/2008
404BA1166,PBM_E,95,6/9/2008,6/8/2008
404BA1166,CFC_ALG,11,6/9/2008,6/8/2008
603CON001,PCT_CB,29,7/2/2008,7/1/2008
603CON001,SB_PP_D90,104,7/2/2008,7/1/2008
603CON001,PCT_FAST,63,7/2/2008,7/1/2008
603CON001,XCM,68,7/2/2008,7/1/2008
603CON001,XCDENMID,55,7/2/2008,7/1/2008
603CON001,PBM_E,5,7/2/2008,7/1/2008
603CON001,PCT_CB,25,9/29/2008,9/28/2008
603CON001,SB_PP_D90,95,9/29/2008,9/28/2008
603CON001,PCT_FAST,39,9/29/2008,9/28/2008
603CON001,XCM,75,9/29/2008,9/28/2008
603CON001,XCDENMID,47,9/29/2008,9/28/2008
603CON001,PBM_E,8,9/29/2008,9/28/2008
603RCK001,PCT_CB,18,7/30/2008,7/29/2008
603RCK001,SB_PP_D90,130,7/30/2008,7/29/2008
603RCK001,PCT_FAST,32,7/30/2008,7/29/2008
603RCK001,XCM,69,7/30/2008,7/29/2008
603RCK001,XCDENMID,57,7/30/2008,7/29/2008
603RCK001,PBM_E,0,7/30/2008,7/29/2008
603MAM003,PCT_CB,31,6/17/2007,6/16/2007
603MAM003,SB_PP_D90,610,6/17/2007,6/16/2007
603MAM003,PCT_FAST,38,6/17/2007,6/16/2007
603MAM003,XCM,110,6/17/2007,6/16/2007
603MAM003,XCDENMID,6,6/17/2007,6/16/2007
603MAM003,PBM_E,0,6/17/2007,6/16/2007
634SAX002,PCT_CB,0,9/11/2007,9/10/2007
634SAX002,SB_PP_D90,5,9/11/2007,9/10/2007
634SAX002,PCT_FAST,25,9/11/2007,9/10/2007
634SAX002,XCM,35,9/11/2007,9/10/2007
634SAX002,XCDENMID,61,9/11/2007,9/10/2007
634SAX002,PBM_E,0,9/11/2007,9/10/2007
634TRT005,PCT_CB,0,9/11/2007,9/10/2007
634TRT005,SB_PP_D90,7,9/11/2007,9/10/2007
634TRT005,PCT_FAST,15,9/11/2007,9/10/2007
634TRT005,XCM,7,9/11/2007,9/10/2007
634TRT005,XCDENMID,3,9/11/2007,9/10/2007
634TRT005,PBM_E,0,9/11/2007,9/10/2007
601WRN001,PCT_CB,53,7/26/2006,7/25/2006
601WRN001,SB_PP_D90,160,7/26/2006,7/25/2006
601WRN001,PCT_FAST,74,7/26/2006,7/25/2006
601WRN001,XCDENMID,28,7/26/2006,7/25/2006
601WRN001,PBM_E,10,7/26/2006,7/25/2006
603CON001,PCT_CB,27,9/5/2006,9/4/2006
603CON001,SB_PP_D90,100,9/5/2006,9/4/2006
603CON001,PCT_FAST,49,9/5/2006,9/4/2006
603CON001,XCM,69,9/5/2006,9/4/2006
603CON001,XCDENMID,29,9/5/2006,9/4/2006
603CON001,PBM_E,0,9/5/2006,9/4/2006
603GLS001,PCT_CB,35,9/6/2006,9/5/2006
603GLS001,SB_PP_D90,155,9/6/2006,9/5/2006
603GLS001,PCT_FAST,53,9/6/2006,9/5/2006
603GLS001,XCM,79,9/6/2006,9/5/2006
603GLS001,XCDENMID,37,9/6/2006,9/5/2006
603GLS001,PBM_E,0,9/6/2006,9/5/2006
603MAM003,PCT_CB,43,9/27/2006,9/26/2006
603MAM003,SB_PP_D90,350,9/27/2006,9/26/2006
603MAM003,PCT_FAST,42,9/27/2006,9/26/2006
603MAM003,XCM,90,9/27/2006,9/26/2006
603MAM003,XCDENMID,10,9/27/2006,9/26/2006
603MAM003,PBM_E,0,9/27/2006,9/26/2006
603PNC001,PCT_CB,48,9/14/2006,9/13/2006
603PNC001,SB_PP_D90,390,9/14/2006,9/13/2006
603PNC001,PCT_FAST,55,9/14/2006,9/13/2006
603PNC001,XCM,79,9/14/2006,9/13/2006
603PNC001,XCDENMID,95,9/14/2006,9/13/2006
603PNC001,PBM_E,0,9/14/2006,9/13/2006
632MRK001,PCT_CB,46,7/25/2006,7/24/2006
632MRK001,SB_PP_D90,400,7/25/2006,7/24/2006
632MRK001,PCT_FAST,52,7/25/2006,7/24/2006
632MRK001,XCDENMID,3,7/25/2006,7/24/2006
632MRK001,PBM_E,0,7/25/2006,7/24/2006
603CON001,PCT_CB,45,6/30/2004,6/29/2004
603CON001,SB_PP_D90,160,6/30/2004,6/29/2004
603CON001,PCT_FAST,43,6/30/2004,6/29/2004
603CON001,XCDENMID,30,6/30/2004,6/29/2004
603CON001,PBM_E,0,6/30/2004,6/29/2004
603CON001,PCT_CB,47,9/20/2004,9/19/2004
603CON001,SB_PP_D90,160,9/20/2004,9/19/2004
603CON001,PCT_FAST,31,9/20/2004,9/19/2004
603CON001,XCDENMID,26,9/20/2004,9/19/2004
603CON001,PBM_E,0,9/20/2004,9/19/2004
632CHV001,PCT_CB,16,8/18/2004,8/17/2004
632CHV001,SB_PP_D90,122.5,8/18/2004,8/17/2004
632CHV001,PCT_FAST,27,8/18/2004,8/17/2004
632CHV001,XCDENMID,15,8/18/2004,8/17/2004
632CHV001,PBM_E,47,8/18/2004,8/17/2004
631POR001,PCT_CB,0,7/17/2002,7/16/2002
631POR001,SB_PP_D90,9,7/17/2002,7/16/2002
631POR001,PCT_FAST,55,7/17/2002,7/16/2002
631POR001,XCDENMID,0,7/17/2002,7/16/2002
631POR001,PBM_E,33,7/17/2002,7/16/2002
631WWK005,PCT_CB,64,7/16/2002,7/15/2002
631WWK005,SB_PP_D90,160,7/16/2002,7/15/2002
631WWK005,PCT_FAST,74,7/16/2002,7/15/2002
631WWK005,XCDENMID,0,7/16/2002,7/15/2002
631WWK005,PBM_E,47,7/16/2002,7/15/2002
904S08089,PCT_CB,4,5/19/2010,5/18/2010
904S08089,SB_PP_D90,50,5/19/2010,5/18/2010
904S08089,PCT_FAST,81,5/19/2010,5/18/2010
904S08089,XCM,51,5/19/2010,5/18/2010
904S08089,XCDENMID,80,5/19/2010,5/18/2010
904S08089,PBM_E,0,5/19/2010,5/18/2010
904S08089,CFC_ALG,11,5/19/2010,5/18/2010
910S06570,PCT_CB,0,5/23/2010,5/22/2010
910S06570,SB_PP_D90,40,5/23/2010,5/22/2010
910S06570,PCT_FAST,40,5/23/2010,5/22/2010
910S06570,XCM,73,5/23/2010,5/22/2010
910S06570,XCDENMID,99,5/23/2010,5/22/2010
910S06570,PBM_E,0,5/23/2010,5/22/2010
910S06570,CFC_ALG,6,5/23/2010,5/22/2010
911S12262,PCT_CB,0,5/23/2010,5/22/2010
911S12262,SB_PP_D90,9,5/23/2010,5/22/2010
911S12262,PCT_FAST,17,5/23/2010,5/22/2010
911S12262,XCM,35,5/23/2010,5/22/2010
911S12262,XCDENMID,42,5/23/2010,5/22/2010
911S12262,PBM_E,0,5/23/2010,5/22/2010
911S12262,CFC_ALG,11,5/23/2010,5/22/2010
103WER030,PCT_CB,50,8/9/2011,8/8/2011
103WER030,SB_PP_D90,625,8/9/2011,8/8/2011
103WER030,PCT_FAST,34,8/9/2011,8/8/2011
103WER030,XCM,41,8/9/2011,8/8/2011
103WER030,XCDENMID,52,8/9/2011,8/8/2011
103WER030,PBM_E,0,8/9/2011,8/8/2011
103WER030,CFC_ALG,0,8/9/2011,8/8/2011
105FS0428,PCT_CB,25,8/2/2011,8/1/2011
105FS0428,SB_PP_D90,2500,8/2/2011,8/1/2011
105FS0428,PCT_FAST,87,8/2/2011,8/1/2011
105FS0428,XCM,66,8/2/2011,8/1/2011
105FS0428,XCDENMID,95,8/2/2011,8/1/2011
105FS0428,PBM_E,0,8/2/2011,8/1/2011
105FS0428,CFC_ALG,0,8/2/2011,8/1/2011
202BUT040,PCT_CB,34,6/13/2011,6/12/2011
202BUT040,SB_PP_D90,320,6/13/2011,6/12/2011
202BUT040,PCT_FAST,51,6/13/2011,6/12/2011
202BUT040,XCM,111,6/13/2011,6/12/2011
202BUT040,XCDENMID,88,6/13/2011,6/12/2011
202BUT040,PBM_E,35,6/13/2011,6/12/2011
202BUT040,CFC_ALG,3,6/13/2011,6/12/2011
111CE0569,PCT_CB,31,7/19/2010,7/18/2010
111CE0569,SB_PP_D90,130,7/19/2010,7/18/2010
111CE0569,PCT_FAST,32,7/19/2010,7/18/2010
111CE0569,XCM,85,7/19/2010,7/18/2010
111CE0569,XCDENMID,95,7/19/2010,7/18/2010
111CE0569,PBM_E,73,7/19/2010,7/18/2010
111CE0569,CFC_ALG,0,7/19/2010,7/18/2010
539CCRARR,PCT_CB,8,6/29/2010,6/28/2010
539CCRARR,SB_PP_D90,58,6/29/2010,6/28/2010
539CCRARR,PCT_FAST,26,6/29/2010,6/28/2010
539CCRARR,XCM,37,6/29/2010,6/28/2010
539CCRARR,XCDENMID,4,6/29/2010,6/28/2010
539CCRARR,PBM_E,5,6/29/2010,6/28/2010
539CCRARR,CFC_ALG,7,6/29/2010,6/28/2010
632NOB001,PCT_CB,30,8/31/2010,8/30/2010
632NOB001,SB_PP_D90,625,8/31/2010,8/30/2010
632NOB001,PCT_FAST,80,8/31/2010,8/30/2010
632NOB001,XCM,42,8/31/2010,8/30/2010
632NOB001,XCDENMID,18,8/31/2010,8/30/2010
632NOB001,PBM_E,0,8/31/2010,8/30/2010
632NOB001,CFC_ALG,7,8/31/2010,8/30/2010
106WER016,PCT_CB,23,8/3/2009,8/2/2009
106WER016,SB_PP_D90,240,8/3/2009,8/2/2009
106WER016,PCT_FAST,66,8/3/2009,8/2/2009
106WER016,XCM,78,8/3/2009,8/2/2009
106WER016,XCDENMID,89,8/3/2009,8/2/2009
106WER016,PBM_E,27,8/3/2009,8/2/2009
106WER016,CFC_ALG,0,8/3/2009,8/2/2009
111WER159,PCT_CB,25,8/2/2009,8/1/2009
111WER159,SB_PP_D90,410,8/2/2009,8/1/2009
111WER159,PCT_FAST,65,8/2/2009,8/1/2009
111WER159,XCM,56,8/2/2009,8/1/2009
111WER159,XCDENMID,93,8/2/2009,8/1/2009
111WER159,PBM_E,18,8/2/2009,8/1/2009
111WER159,CFC_ALG,6,8/2/2009,8/1/2009
404BA1166,PCT_CB,15,6/3/2009,6/2/2009
404BA1166,SB_PP_D90,280,6/3/2009,6/2/2009
404BA1166,PCT_FAST,52,6/3/2009,6/2/2009
404BA1166,XCM,72,6/3/2009,6/2/2009
404BA1166,XCDENMID,82,6/3/2009,6/2/2009
404BA1166,PBM_E,9,6/3/2009,6/2/2009
404BA1166,CFC_ALG,11,6/3/2009,6/2/2009
405WER318,PCT_CB,10,6/1/2009,5/31/2009
405WER318,SB_PP_D90,2500,6/1/2009,5/31/2009
405WER318,PCT_FAST,77,6/1/2009,5/31/2009
405WER318,XCM,77,6/1/2009,5/31/2009
405WER318,XCDENMID,71,6/1/2009,5/31/2009
405WER318,PBM_E,0,6/1/2009,5/31/2009
405WER318,CFC_ALG,11,6/1/2009,5/31/2009
513UNCAKC,PCT_CB,13,7/12/2009,7/11/2009
513UNCAKC,SB_PP_D90,180,7/12/2009,7/11/2009
513UNCAKC,PCT_FAST,22,7/12/2009,7/11/2009
513UNCAKC,XCM,19,7/12/2009,7/11/2009
513UNCAKC,XCDENMID,56,7/12/2009,7/11/2009
513UNCAKC,PBM_E,18,7/12/2009,7/11/2009
513UNCAKC,CFC_ALG,8,7/12/2009,7/11/2009
801WE1132,PCT_CB,25,5/31/2009,5/30/2009
801WE1132,SB_PP_D90,625,5/31/2009,5/30/2009
801WE1132,PCT_FAST,88,5/31/2009,5/30/2009
801WE1132,XCM,42,5/31/2009,5/30/2009
801WE1132,XCDENMID,68,5/31/2009,5/30/2009
801WE1132,PBM_E,0,5/31/2009,5/30/2009
801WE1132,CFC_ALG,2,5/31/2009,5/30/2009
114WER118,PCT_CB,28,8/19/2008,8/18/2008
114WER118,SB_PP_D90,625,8/19/2008,8/18/2008
114WER118,PCT_FAST,30,8/19/2008,8/18/2008
114WER118,XCM,57,8/19/2008,8/18/2008
114WER118,XCDENMID,50,8/19/2008,8/18/2008
114WER118,PBM_E,9,8/19/2008,8/18/2008
114WER118,CFC_ALG,10,8/19/2008,8/18/2008
205CYCAHH,PCT_CB,25,6/9/2008,6/8/2008
205CYCAHH,SB_PP_D90,157,6/9/2008,6/8/2008
205CYCAHH,PCT_FAST,22,6/9/2008,6/8/2008
205CYCAHH,XCM,54,6/9/2008,6/8/2008
205CYCAHH,XCDENMID,52,6/9/2008,6/8/2008
205CYCAHH,PBM_E,0,6/9/2008,6/8/2008
205CYCAHH,CFC_ALG,8,6/9/2008,6/8/2008
305LGCACR,PCT_CB,25,7/15/2008,7/14/2008
305LGCACR,SB_PP_D90,625,7/15/2008,7/14/2008
305LGCACR,PCT_FAST,36,7/15/2008,7/14/2008
305LGCACR,XCM,28,7/15/2008,7/14/2008
305LGCACR,XCDENMID,44,7/15/2008,7/14/2008
305LGCACR,PBM_E,0,7/15/2008,7/14/2008
305LGCACR,CFC_ALG,6,7/15/2008,7/14/2008
309ARCBRC,PCT_CB,23,8/24/2008,8/23/2008
309ARCBRC,SB_PP_D90,2500,8/24/2008,8/23/2008
309ARCBRC,PCT_FAST,39,8/24/2008,8/23/2008
309ARCBRC,XCM,55,8/24/2008,8/23/2008
309ARCBRC,XCDENMID,25,8/24/2008,8/23/2008
309ARCBRC,PBM_E,0,8/24/2008,8/23/2008
309ARCBRC,CFC_ALG,2,8/24/2008,8/23/2008
509ACNFPP,PCT_CB,21,7/29/2008,7/28/2008
509ACNFPP,SB_PP_D90,625,7/29/2008,7/28/2008
509ACNFPP,PCT_FAST,64,7/29/2008,7/28/2008
509ACNFPP,XCM,83,7/29/2008,7/28/2008
509ACNFPP,XCDENMID,79,7/29/2008,7/28/2008
509ACNFPP,PBM_E,32,7/29/2008,7/28/2008
509ACNFPP,CFC_ALG,11,7/29/2008,7/28/2008
509ACNFPP,PCT_CB,24,9/15/2008,9/14/2008
509ACNFPP,SB_PP_D90,625,9/15/2008,9/14/2008
509ACNFPP,PCT_FAST,75,9/15/2008,9/14/2008
509ACNFPP,XCM,78,9/15/2008,9/14/2008
509ACNFPP,XCDENMID,77,9/15/2008,9/14/2008
509ACNFPP,PBM_E,18,9/15/2008,9/14/2008
509ACNFPP,CFC_ALG,0,9/15/2008,9/14/2008
509BCCH32,PCT_CB,25,8/12/2008,8/11/2008
509BCCH32,SB_PP_D90,625,8/12/2008,8/11/2008
509BCCH32,PCT_FAST,71,8/12/2008,8/11/2008
509BCCH32,XCM,99,8/12/2008,8/11/2008
509BCCH32,XCDENMID,87,8/12/2008,8/11/2008
509BCCH32,PBM_E,0,8/12/2008,8/11/2008
509BCCH32,CFC_ALG,0,8/12/2008,8/11/2008
513UNCAKC,PCT_CB,10,9/9/2008,9/8/2008
513UNCAKC,SB_PP_D90,625,9/9/2008,9/8/2008
513UNCAKC,PCT_FAST,15,9/9/2008,9/8/2008
513UNCAKC,XCM,51,9/9/2008,9/8/2008
513UNCAKC,PBM_E,59,9/9/2008,9/8/2008
513UNCAKC,CFC_ALG,11,9/9/2008,9/8/2008
514BRUUPX,PCT_CB,7,10/8/2008,10/7/2008
514BRUUPX,SB_PP_D90,625,10/8/2008,10/7/2008
514BRUUPX,PCT_FAST,47,10/8/2008,10/7/2008
514BRUUPX,XCM,56,10/8/2008,10/7/2008
514BRUUPX,XCDENMID,79,10/8/2008,10/7/2008
514BRUUPX,PBM_E,0,10/8/2008,10/7/2008
514BRUUPX,CFC_ALG,0,10/8/2008,10/7/2008
519SCRAMR,PCT_CB,0,7/8/2008,7/7/2008
519SCRAMR,SB_PP_D90,5,7/8/2008,7/7/2008
519SCRAMR,PCT_FAST,0,7/8/2008,7/7/2008
519SCRAMR,XCM,42,7/8/2008,7/7/2008
519SCRAMR,XCDENMID,45,7/8/2008,7/7/2008
519SCRAMR,PBM_E,0,7/8/2008,7/7/2008
519SCRAMR,CFC_ALG,0,7/8/2008,7/7/2008
519SCRAMR,PCT_CB,15,9/21/2008,9/20/2008
519SCRAMR,SB_PP_D90,105,9/21/2008,9/20/2008
519SCRAMR,PCT_FAST,21,9/21/2008,9/20/2008
519SCRAMR,XCM,74,9/21/2008,9/20/2008
519SCRAMR,XCDENMID,55,9/21/2008,9/20/2008
519SCRAMR,PBM_E,5,9/21/2008,9/20/2008
519SCRAMR,CFC_ALG,1,9/21/2008,9/20/2008
539CCRARR,PCT_CB,2,6/11/2008,6/10/2008
539CCRARR,SB_PP_D90,50,6/11/2008,6/10/2008
539CCRARR,PCT_FAST,12,6/11/2008,6/10/2008
539CCRARR,XCM,8,6/11/2008,6/10/2008
539CCRARR,XCDENMID,6,6/11/2008,6/10/2008
539CCRARR,PBM_E,0,6/11/2008,6/10/2008
539CCRARR,CFC_ALG,6,6/11/2008,6/10/2008
205PS0074,PCT_CB,4,7/13/2010,7/12/2010
205PS0074,SB_PP_D90,21,7/13/2010,7/12/2010
205PS0074,PCT_FAST,0,7/13/2010,7/12/2010
205PS0074,XCM,50,7/13/2010,7/12/2010
205PS0074,XCDENMID,56,7/13/2010,7/12/2010
205PS0074,PBM_E,0,7/13/2010,7/12/2010
205PS0074,CFC_ALG,3,7/13/2010,7/12/2010
519PS0002,PCT_CB,0,8/4/2010,8/3/2010
519PS0002,SB_PP_D90,1.03,8/4/2010,8/3/2010
519PS0002,PCT_FAST,4,8/4/2010,8/3/2010
519PS0002,XCM,0,8/4/2010,8/3/2010
519PS0002,XCDENMID,17,8/4/2010,8/3/2010
519PS0002,PBM_E,0,8/4/2010,8/3/2010
519PS0002,CFC_ALG,11,8/4/2010,8/3/2010
105PS0107,PCT_CB,49,9/13/2009,9/12/2009
105PS0107,SB_PP_D90,370,9/13/2009,9/12/2009
105PS0107,PCT_FAST,31,9/13/2009,9/12/2009
105PS0107,XCM,47,9/13/2009,9/12/2009
105PS0107,XCDENMID,3,9/13/2009,9/12/2009
105PS0107,PBM_E,0,9/13/2009,9/12/2009
105PS0107,CFC_ALG,10,9/13/2009,9/12/2009
504PS0227,PCT_CB,48,8/11/2009,8/10/2009
504PS0227,SB_PP_D90,275,8/11/2009,8/10/2009
504PS0227,PCT_FAST,22,8/11/2009,8/10/2009
504PS0227,XCM,46,8/11/2009,8/10/2009
504PS0227,XCDENMID,5,8/11/2009,8/10/2009
504PS0227,PBM_E,0,8/11/2009,8/10/2009
504PS0227,CFC_ALG,11,8/11/2009,8/10/2009
519PS0002,PCT_CB,0,7/21/2009,7/20/2009
519PS0002,SB_PP_D90,1.03,7/21/2009,7/20/2009
519PS0002,PCT_FAST,10,7/21/2009,7/20/2009
519PS0002,XCM,0,7/21/2009,7/20/2009
519PS0002,XCDENMID,33,7/21/2009,7/20/2009
519PS0002,PBM_E,0,7/21/2009,7/20/2009
519PS0002,CFC_ALG,11,7/21/2009,7/20/2009
519PS0194,PCT_CB,0,9/9/2009,9/8/2009
519PS0194,SB_PP_D90,1.03,9/9/2009,9/8/2009
519PS0194,PCT_FAST,0,9/9/2009,9/8/2009
519PS0194,XCM,29,9/9/2009,9/8/2009
519PS0194,XCDENMID,29,9/9/2009,9/8/2009
519PS0194,PBM_E,33,9/9/2009,9/8/2009
519PS0194,CFC_ALG,0,9/9/2009,9/8/2009
405PS0036,PCT_CB,18,5/27/2008,5/26/2008
405PS0036,SB_PP_D90,2500,5/27/2008,5/26/2008
405PS0036,PCT_FAST,36,5/27/2008,5/26/2008
405PS0036,XCM,84,5/27/2008,5/26/2008
405PS0036,XCDENMID,85,5/27/2008,5/26/2008
405PS0036,PBM_E,0,5/27/2008,5/26/2008
405PS0036,CFC_ALG,11,5/27/2008,5/26/2008
412PS0020,PCT_CB,0,5/13/2008,5/12/2008
412PS0020,SB_PP_D90,0,5/13/2008,5/12/2008
412PS0020,PCT_FAST,0,5/13/2008,5/12/2008
412PS0020,XCM,4,5/13/2008,5/12/2008
412PS0020,XCDENMID,17,5/13/2008,5/12/2008
412PS0020,PBM_E,0,5/13/2008,5/12/2008
412PS0020,CFC_ALG,11,5/13/2008,5/12/2008
412PS0020,PCT_CB,0,5/21/2008,5/20/2008
412PS0020,PCT_FAST,100,5/21/2008,5/20/2008
412PS0020,XCM,15,5/21/2008,5/20/2008
412PS0020,XCDENMID,41,5/21/2008,5/20/2008
412PS0020,PBM_E,0,5/21/2008,5/20/2008
412PS0020,CFC_ALG,11,5/21/2008,5/20/2008
412PS0040,PCT_CB,0,5/19/2008,5/18/2008
412PS0040,PCT_FAST,90,5/19/2008,5/18/2008
412PS0040,XCM,3,5/19/2008,5/18/2008
412PS0040,XCDENMID,10,5/19/2008,5/18/2008
412PS0040,PBM_E,0,5/19/2008,5/18/2008
412PS0040,CFC_ALG,9,5/19/2008,5/18/2008
511PS0145,PCT_CB,0,6/23/2008,6/22/2008
511PS0145,SB_PP_D90,9,6/23/2008,6/22/2008
511PS0145,PCT_FAST,0,6/23/2008,6/22/2008
511PS0145,XCM,46,6/23/2008,6/22/2008
511PS0145,XCDENMID,87,6/23/2008,6/22/2008
511PS0145,PBM_E,0,6/23/2008,6/22/2008
511PS0145,CFC_ALG,1,6/23/2008,6/22/2008
519PS0002,PCT_CB,0,6/25/2008,6/24/2008
519PS0002,SB_PP_D90,1.03,6/25/2008,6/24/2008
519PS0002,PCT_FAST,79,6/25/2008,6/24/2008
519PS0002,XCM,2,6/25/2008,6/24/2008
519PS0002,XCDENMID,21,6/25/2008,6/24/2008
519PS0002,PBM_E,0,6/25/2008,6/24/2008
519PS0002,CFC_ALG,10,6/25/2008,6/24/2008
519PS0002,PCT_CB,0,7/16/2008,7/15/2008
519PS0002,PCT_FAST,12,7/16/2008,7/15/2008
519PS0002,XCM,6,7/16/2008,7/15/2008
519PS0002,XCDENMID,31,7/16/2008,7/15/2008
519PS0002,PBM_E,0,7/16/2008,7/15/2008
519PS0002,CFC_ALG,10,7/16/2008,7/15/2008
603PS0109,PCT_CB,19,7/28/2008,7/27/2008
603PS0109,SB_PP_D90,2500,7/28/2008,7/27/2008
603PS0109,PCT_FAST,99,7/28/2008,7/27/2008
603PS0109,XCM,41,7/28/2008,7/27/2008
603PS0109,XCDENMID,77,7/28/2008,7/27/2008
603PS0109,PBM_E,0,7/28/2008,7/27/2008
603PS0109,CFC_ALG,0,7/28/2008,7/27/2008
901PS0057,PCT_CB,6,5/13/2008,5/12/2008
901PS0057,SB_PP_D90,157,5/13/2008,5/12/2008
901PS0057,PCT_FAST,14,5/13/2008,5/12/2008
901PS0057,XCM,57,5/13/2008,5/12/2008
901PS0057,XCDENMID,69,5/13/2008,5/12/2008
901PS0057,PBM_E,33,5/13/2008,5/12/2008
901PS0057,CFC_ALG,11,5/13/2008,5/12/2008
111CE0569,PCT_CB,35,5/10/2010,5/9/2010
111CE0569,SB_PP_D90,157,5/10/2010,5/9/2010
111CE0569,PCT_FAST,30,5/10/2010,5/9/2010
111CE0569,XCM,117,5/10/2010,5/9/2010
111CE0569,XCDENMID,94,5/10/2010,5/9/2010
111CE0569,PBM_E,64,5/10/2010,5/9/2010
111CE0569,CFC_ALG,0,5/10/2010,5/9/2010
111CE0569,PCT_CB,27,6/14/2010,6/13/2010
111CE0569,SB_PP_D90,157,6/14/2010,6/13/2010
111CE0569,PCT_FAST,22,6/14/2010,6/13/2010
111CE0569,XCM,111,6/14/2010,6/13/2010
111CE0569,XCDENMID,96,6/14/2010,6/13/2010
111CE0569,PBM_E,0,6/14/2010,6/13/2010
111CE0569,CFC_ALG,2,6/14/2010,6/13/2010
111CE0569,PCT_CB,32,8/31/2010,8/30/2010
111CE0569,SB_PP_D90,157,8/31/2010,8/30/2010
111CE0569,PCT_FAST,17,8/31/2010,8/30/2010
111CE0569,XCM,100,8/31/2010,8/30/2010
111CE0569,XCDENMID,98,8/31/2010,8/30/2010
111CE0569,PBM_E,0,8/31/2010,8/30/2010
111CE0569,CFC_ALG,0,8/31/2010,8/30/2010
111CE0569,PCT_CB,26,10/10/2010,10/9/2010
111CE0569,SB_PP_D90,157,10/10/2010,10/9/2010
111CE0569,PCT_FAST,17,10/10/2010,10/9/2010
111CE0569,XCM,107,10/10/2010,10/9/2010
111CE0569,XCDENMID,96,10/10/2010,10/9/2010
111CE0569,PBM_E,0,10/10/2010,10/9/2010
111CE0569,CFC_ALG,0,10/10/2010,10/9/2010
539CCRARR,PCT_CB,8,5/5/2010,5/4/2010
539CCRARR,SB_PP_D90,40,5/5/2010,5/4/2010
539CCRARR,PCT_FAST,58,5/5/2010,5/4/2010
539CCRARR,XCM,25,5/5/2010,5/4/2010
539CCRARR,XCDENMID,19,5/5/2010,5/4/2010
539CCRARR,PBM_E,5,5/5/2010,5/4/2010
539CCRARR,CFC_ALG,0,5/5/2010,5/4/2010
539CCRARR,PCT_CB,4,7/20/2010,7/19/2010
539CCRARR,SB_PP_D90,40,7/20/2010,7/19/2010
539CCRARR,PCT_FAST,6,7/20/2010,7/19/2010
539CCRARR,XCM,29,7/20/2010,7/19/2010
539CCRARR,XCDENMID,5,7/20/2010,7/19/2010
539CCRARR,PBM_E,0,7/20/2010,7/19/2010
539CCRARR,CFC_ALG,10,7/20/2010,7/19/2010
539CCRARR,PCT_CB,5,8/30/2010,8/29/2010
539CCRARR,SB_PP_D90,40,8/30/2010,8/29/2010
539CCRARR,PCT_FAST,0,8/30/2010,8/29/2010
539CCRARR,XCM,49,8/30/2010,8/29/2010
539CCRARR,XCDENMID,18,8/30/2010,8/29/2010
539CCRARR,PBM_E,0,8/30/2010,8/29/2010
539CCRARR,CFC_ALG,9,8/30/2010,8/29/2010
106WER016,PCT_CB,30,5/17/2009,5/16/2009
106WER016,SB_PP_D90,295,5/17/2009,5/16/2009
106WER016,PCT_FAST,72,5/17/2009,5/16/2009
106WER016,XCM,91,5/17/2009,5/16/2009
106WER016,XCDENMID,91,5/17/2009,5/16/2009
106WER016,PBM_E,0,5/17/2009,5/16/2009
106WER016,CFC_ALG,8,5/17/2009,5/16/2009
106WER016,PCT_CB,34,6/21/2009,6/20/2009
106WER016,SB_PP_D90,320,6/21/2009,6/20/2009
106WER016,PCT_FAST,58,6/21/2009,6/20/2009
106WER016,XCM,92,6/21/2009,6/20/2009
106WER016,XCDENMID,92,6/21/2009,6/20/2009
106WER016,PBM_E,0,6/21/2009,6/20/2009
106WER016,CFC_ALG,2,6/21/2009,6/20/2009
106WER016,PCT_CB,42,9/15/2009,9/14/2009
106WER016,SB_PP_D90,355,9/15/2009,9/14/2009
106WER016,PCT_FAST,62,9/15/2009,9/14/2009
106WER016,XCM,81,9/15/2009,9/14/2009
106WER016,XCDENMID,92,9/15/2009,9/14/2009
106WER016,PBM_E,23,9/15/2009,9/14/2009
106WER016,CFC_ALG,2,9/15/2009,9/14/2009
106WER016,PCT_CB,21,10/19/2009,10/18/2009
106WER016,SB_PP_D90,625,10/19/2009,10/18/2009
106WER016,PCT_FAST,72,10/19/2009,10/18/2009
106WER016,XCM,67,10/19/2009,10/18/2009
106WER016,XCDENMID,86,10/19/2009,10/18/2009
106WER016,PBM_E,5,10/19/2009,10/18/2009
106WER016,CFC_ALG,0,10/19/2009,10/18/2009
111WER159,PCT_CB,15,5/20/2009,5/19/2009
111WER159,SB_PP_D90,625,5/20/2009,5/19/2009
111WER159,PCT_FAST,96,5/20/2009,5/19/2009
111WER159,XCM,54,5/20/2009,5/19/2009
111WER159,XCDENMID,88,5/20/2009,5/19/2009
111WER159,PBM_E,9,5/20/2009,5/19/2009
111WER159,CFC_ALG,9,5/20/2009,5/19/2009
111WER159,PCT_CB,16,6/23/2009,6/22/2009
111WER159,SB_PP_D90,625,6/23/2009,6/22/2009
111WER159,PCT_FAST,81,6/23/2009,6/22/2009
111WER159,XCM,37,6/23/2009,6/22/2009
111WER159,XCDENMID,87,6/23/2009,6/22/2009
111WER159,PBM_E,9,6/23/2009,6/22/2009
111WER159,CFC_ALG,9,6/23/2009,6/22/2009
111WER159,PCT_CB,17,9/15/2009,9/14/2009
111WER159,SB_PP_D90,625,9/15/2009,9/14/2009
111WER159,PCT_FAST,82,9/15/2009,9/14/2009
111WER159,XCM,53,9/15/2009,9/14/2009
111WER159,XCDENMID,83,9/15/2009,9/14/2009
111WER159,PBM_E,0,9/15/2009,9/14/2009
111WER159,CFC_ALG,4,9/15/2009,9/14/2009
111WER159,PCT_CB,20,10/18/2009,10/17/2009
111WER159,SB_PP_D90,625,10/18/2009,10/17/2009
111WER159,PCT_FAST,54,10/18/2009,10/17/2009
111WER159,XCM,32,10/18/2009,10/17/2009
111WER159,XCDENMID,85,10/18/2009,10/17/2009
111WER159,PBM_E,23,10/18/2009,10/17/2009
111WER159,CFC_ALG,0,10/18/2009,10/17/2009
405WER318,PCT_CB,13,3/26/2009,3/25/2009
405WER318,SB_PP_D90,2500,3/26/2009,3/25/2009
405WER318,PCT_FAST,82,3/26/2009,3/25/2009
405WER318,XCM,59,3/26/2009,3/25/2009
405WER318,XCDENMID,71,3/26/2009,3/25/2009
405WER318,PBM_E,0,3/26/2009,3/25/2009
405WER318,CFC_ALG,9,3/26/2009,3/25/2009
405WER318,PCT_CB,25,4/29/2009,4/28/2009
405WER318,SB_PP_D90,625,4/29/2009,4/28/2009
405WER318,PCT_FAST,82,4/29/2009,4/28/2009
405WER318,XCM,44,4/29/2009,4/28/2009
405WER318,XCDENMID,72,4/29/2009,4/28/2009
405WER318,PBM_E,0,4/29/2009,4/28/2009
405WER318,CFC_ALG,11,4/29/2009,4/28/2009
405WER318,PCT_CB,11,7/6/2009,7/5/2009
405WER318,SB_PP_D90,2500,7/6/2009,7/5/2009
405WER318,PCT_FAST,29,7/6/2009,7/5/2009
405WER318,XCM,55,7/6/2009,7/5/2009
405WER318,XCDENMID,57,7/6/2009,7/5/2009
405WER318,PBM_E,0,7/6/2009,7/5/2009
405WER318,CFC_ALG,10,7/6/2009,7/5/2009
405WER318,PCT_CB,10,8/17/2009,8/16/2009
405WER318,SB_PP_D90,625,8/17/2009,8/16/2009
405WER318,PCT_FAST,27,8/17/2009,8/16/2009
405WER318,XCM,44,8/17/2009,8/16/2009
405WER318,XCDENMID,64,8/17/2009,8/16/2009
405WER318,PBM_E,0,8/17/2009,8/16/2009
405WER318,CFC_ALG,8,8/17/2009,8/16/2009
513UNCAKC,PCT_CB,16,5/19/2009,5/18/2009
513UNCAKC,SB_PP_D90,155,5/19/2009,5/18/2009
513UNCAKC,PCT_FAST,26,5/19/2009,5/18/2009
513UNCAKC,XCM,41,5/19/2009,5/18/2009
513UNCAKC,XCDENMID,45,5/19/2009,5/18/2009
513UNCAKC,PBM_E,0,5/19/2009,5/18/2009
513UNCAKC,CFC_ALG,11,5/19/2009,5/18/2009
513UNCAKC,PCT_CB,5,6/3/2009,6/2/2009
513UNCAKC,SB_PP_D90,157,6/3/2009,6/2/2009
513UNCAKC,PCT_FAST,33,6/3/2009,6/2/2009
513UNCAKC,XCM,43,6/3/2009,6/2/2009
513UNCAKC,XCDENMID,63,6/3/2009,6/2/2009
513UNCAKC,PBM_E,40,6/3/2009,6/2/2009
513UNCAKC,CFC_ALG,4,6/3/2009,6/2/2009
513UNCAKC,PCT_CB,12,8/12/2009,8/11/2009
513UNCAKC,SB_PP_D90,157,8/12/2009,8/11/2009
513UNCAKC,PCT_FAST,27,8/12/2009,8/11/2009
513UNCAKC,XCM,27,8/12/2009,8/11/2009
513UNCAKC,XCDENMID,63,8/12/2009,8/11/2009
513UNCAKC,PBM_E,9,8/12/2009,8/11/2009
513UNCAKC,CFC_ALG,11,8/12/2009,8/11/2009
513UNCAKC,PCT_CB,14,9/22/2009,9/21/2009
513UNCAKC,SB_PP_D90,157,9/22/2009,9/21/2009
513UNCAKC,PCT_FAST,32,9/22/2009,9/21/2009
513UNCAKC,XCM,16,9/22/2009,9/21/2009
513UNCAKC,XCDENMID,49,9/22/2009,9/21/2009
513UNCAKC,PBM_E,36,9/22/2009,9/21/2009
513UNCAKC,CFC_ALG,5,9/22/2009,9/21/2009
801WE1132,PCT_CB,35,3/25/2009,3/24/2009
801WE1132,SB_PP_D90,625,3/25/2009,3/24/2009
801WE1132,PCT_FAST,100,3/25/2009,3/24/2009
801WE1132,XCM,38,3/25/2009,3/24/2009
801WE1132,XCDENMID,72,3/25/2009,3/24/2009
801WE1132,PBM_E,14,3/25/2009,3/24/2009
801WE1132,CFC_ALG,7,3/25/2009,3/24/2009
801WE1132,PCT_CB,11,4/28/2009,4/27/2009
801WE1132,SB_PP_D90,625,4/28/2009,4/27/2009
801WE1132,PCT_FAST,77,4/28/2009,4/27/2009
801WE1132,XCM,46,4/28/2009,4/27/2009
801WE1132,XCDENMID,68,4/28/2009,4/27/2009
801WE1132,PBM_E,0,4/28/2009,4/27/2009
801WE1132,CFC_ALG,0,4/28/2009,4/27/2009
801WE1132,PCT_CB,37,7/7/2009,7/6/2009
801WE1132,SB_PP_D90,625,7/7/2009,7/6/2009
801WE1132,PCT_FAST,70,7/7/2009,7/6/2009
801WE1132,XCM,70,7/7/2009,7/6/2009
801WE1132,XCDENMID,64,7/7/2009,7/6/2009
801WE1132,PBM_E,23,7/7/2009,7/6/2009
801WE1132,CFC_ALG,0,7/7/2009,7/6/2009
801WE1132,PCT_CB,23,8/18/2009,8/17/2009
801WE1132,SB_PP_D90,625,8/18/2009,8/17/2009
801WE1132,PCT_FAST,84,8/18/2009,8/17/2009
801WE1132,XCM,11,8/18/2009,8/17/2009
801WE1132,XCDENMID,55,8/18/2009,8/17/2009
801WE1132,PBM_E,5,8/18/2009,8/17/2009
801WE1132,CFC_ALG,0,8/18/2009,8/17/2009
