"","XMIAT.result","XMIAT.count","XMIAT.sd","XMIATP.result","XMIATP.count","XMIATP.sd","PCT_MIATP.result","PCT_MIAT1.result","PCT_MIAT1P.result","PCT_MAA.result","PCT_MCP.result","PCT_MAU.result","PCT_MAP.result","PCT_NSA.result"
"102PS0139 2010-07-15",NA,0,NA,0,0,NA,NA,NA,0,NA,NA,NA,NA,NA
"202PES162 2010-07-20",NA,0,NA,0,0,NA,NA,NA,0,NA,NA,NA,NA,NA
"403S00640 2009-06-11",0.0238095238095238,105,0.0737378536592371,0.25,10,0,9.52380952380952,0,0,1.98019801980198,0,0,2.06185567010309,2.06185567010309
"403S00772 2009-05-20",0.0238095238095238,105,0.0737378536592371,0.25,10,0,9.52380952380952,0,0,45.8333333333333,7.61904761904762,0,47.8260869565217,49.438202247191
"403S01163 2009-06-08",0.0666666666666667,105,0.111084398498365,0.25,28,0,26.6666666666667,0,0,23.0769230769231,16.1904761904762,0,25.609756097561,26.25
"403S01195 2009-06-10",0.0452380952380952,105,0.0967062884568849,0.25,19,0,18.0952380952381,0,0,22.3404255319149,20.952380952381,0,23.8636363636364,24.7058823529412
"403S01272 2009-06-09",0.00714285714285714,105,0.0418494160816328,0.25,3,0,2.85714285714286,0,0,57.6923076923077,49.5238095238095,2.88461538461538,59.2233009708738,59.2233009708738
"403S01784 2009-06-09",0.00952380952380952,105,0.0480860797141029,0.25,4,0,3.80952380952381,0,0,22.3300970873786,21.9047619047619,4.85436893203883,27.4509803921569,27.7227722772277
"403S03832 2009-06-08",0.126190476190476,105,0.125593827570504,0.25,53,0,50.4761904761905,0,0,27.1844660194175,2.85714285714286,0,27.7227722772277,27.7227722772277
"403S14156 2009-06-09",0,105,0,0,0,NA,0,0,0,60.3960396039604,50.4761904761905,2.97029702970297,63.6363636363636,64.9484536082474
"404S02920 2009-05-12",0.0752427184466019,103,0.13930390434258,0.298076923076923,26,0.100479619058563,25.2427184466019,0,0,23.4042553191489,50.4761904761905,0,25.2873563218391,26.1904761904762
"404S03048 2009-05-13",0.0452380952380952,105,0.0967062884568849,0.25,19,0,18.0952380952381,0,0,6.79611650485437,59.0476190476191,0,6.93069306930693,6.93069306930693
"404S05992 2009-05-12",0.0266990291262136,103,0.0775910388690192,0.25,11,0,10.6796116504854,0,0,1.92307692307692,45.7142857142857,0.952380952380952,2.88461538461538,2.88461538461538
"404S06456 2009-05-14",0.019047619047619,105,0.0666437689614861,0.25,8,0,7.61904761904762,0,0,40,8.57142857142857,0,41.7582417582418,44.7058823529412
"404S08040 2009-05-12",0.178571428571429,105,0.1134801623754,0.25,75,0,71.4285714285714,0,0,44.7619047619048,5.71428571428571,0,44.7619047619048,44.7619047619048
"404S08616 2009-05-13",0.00714285714285714,105,0.0418494160816328,0.25,3,0,2.85714285714286,0,0,74.7474747474748,15.2380952380952,0,75.5102040816327,78.7234042553192
"404S11406 2009-05-11",0.00238095238095238,105,0.0243975018237133,0.25,1,NA,0.952380952380952,0,0,70.1030927835051,67.6190476190476,0,72.3404255319149,76.4044943820225
"404S16516 2009-05-18",0.019047619047619,105,0.0666437689614861,0.25,8,0,7.61904761904762,0,0,63.8095238095238,5.71428571428571,30.4761904761905,73.3333333333333,73.3333333333333
"404S17266 2009-05-19",0.00476190476190476,105,0.0343369961416153,0.25,2,0,1.9047619047619,0,0,48.5714285714286,16.1904761904762,5.71428571428571,48.5714285714286,48.5714285714286
"404S17664 2009-05-20",0.00714285714285714,105,0.0418494160816328,0.25,3,0,2.85714285714286,0,0,20.2020202020202,1.9047619047619,0,21.2765957446809,21.505376344086
"404S22464 2009-05-19",0.00238095238095238,105,0.0243975018237133,0.25,1,NA,0.952380952380952,0,0,44.7619047619048,9.52380952380952,1.9047619047619,45.7142857142857,45.7142857142857
"901S00313 2009-04-30",0.669047619047619,105,0.854495491964437,0.716836734693878,98,0.865011288811118,93.3333333333333,11.4285714285714,12.2448979591837,38,2.85714285714286,24,51.4851485148515,60
"901S00469 2009-05-13",6.0703125,96,8.31166769675712,6.54775280898876,89,8.4508838635119,92.7083333333333,47.9166666666667,51.685393258427,7.21649484536082,39,14.4329896907216,22.8260869565217,74.0740740740741
"901S00531 2009-05-07",0.0795454545454545,44,0.140314506294014,0.291666666666667,12,0.0973123680201904,27.2727272727273,0,0,98.0952380952381,4.76190476190476,0,98.0952380952381,103
"901S00997 2009-05-14",3.00872093023256,86,5.57402690985539,3.75,69,6.00137851811124,80.2325581395349,23.2558139534884,28.9855072463768,29.7872340425532,12.8712871287129,66.3157894736842,82.1052631578947,102.469135802469
"901S01705 2009-05-14",1.0875,100,1.144472332209,1.09848484848485,99,1.14498584220493,99,26,26.2626262626263,51.4563106796116,16.1904761904762,0.970873786407767,52.9411764705882,67.6767676767677
"901S01811 2009-05-07",0.0922330097087379,103,0.318910313899443,0.431818181818182,22,0.583410631860584,21.3592233009709,0.970873786407767,4.54545454545455,15.5339805825243,36.1904761904762,10.6796116504854,25.7425742574257,27.2727272727273
"901S06030 2009-04-30",0.118421052631579,95,0.444891370411885,0.625,18,0.871315773110179,18.9473684210526,2.10526315789474,11.1111111111111,28.4210526315789,55.2380952380952,0,30.3370786516854,35.4430379746835
"901SJMS1x 2008-06-25",NA,0,NA,0,0,NA,NA,NA,0,NA,NA,NA,NA,NA
"901SJMS1x 2008-07-03",NA,0,NA,0,0,NA,NA,NA,0,NA,NA,NA,NA,NA
"901SJOF1x 2008-06-25",NA,0,NA,0,0,NA,NA,NA,0,NA,NA,NA,NA,NA
"901SJOF1x 2008-07-03",NA,0,NA,0,0,NA,NA,NA,0,NA,NA,NA,NA,NA
"901TCSMP1 2010-04-05",0.401315789473684,38,0.646036443841198,0.525862068965517,29,0.695472692497593,76.3157894736842,5.26315789473684,6.89655172413793,0,0,0,0,6.06060606060606
"901TCSMP1 2010-05-05",1.30693069306931,101,2.74838161199432,1.78378378378378,74,3.07979616061945,73.2673267326733,19.8019801980198,27.027027027027,24.2718446601942,2.9126213592233,0.970873786407767,25.4901960784314,46.3917525773196
"901TCSMP1 2010-05-25",0.0681818181818182,66,0.135486690699284,0.3,15,0.103509833901353,22.7272727272727,0,0,48.5294117647059,0,10.2941176470588,69.0909090909091,131.034482758621
"902S00565 2009-04-27",0.0288461538461538,104,0.0941730249372939,0.3,10,0.105409255338946,9.61538461538462,0,0,36.5384615384615,12.3809523809524,0,36.8932038834951,37.2549019607843
"902S01097 2009-05-11",0.00714285714285714,105,0.0418494160816328,0.25,3,0,2.85714285714286,0,0,17.1428571428571,6.66666666666667,0.952380952380952,18.0952380952381,18.0952380952381
"902SMAS1x 2008-06-02",NA,0,NA,0,0,NA,NA,NA,0,NA,NA,NA,NA,NA
"903ACPCT1 2010-05-11",0.0631313131313131,99,0.144382191681622,0.347222222222222,18,0.125407831426138,18.1818181818182,0,0,7.4468085106383,10,0,7.86516853932584,7.95454545454545
"903ACPCT1 2010-05-25",0.0126262626262626,99,0.0550247784367366,0.25,5,0,5.05050505050505,0,0,0.99009900990099,0,0.99009900990099,2.06185567010309,2.1505376344086
"903ACPCT1 2010-06-15",0.0144230769230769,104,0.0585724499186243,0.25,6,0,5.76923076923077,0,0,0,0.952380952380952,1.9047619047619,1.9047619047619,1.92307692307692
"903ACPCT1 2010-06-30",0.080952380952381,105,0.14501010448562,0.303571428571429,28,0.104463861754668,26.6666666666667,0,0,0.952380952380952,9.52380952380952,0,0.952380952380952,0.952380952380952
"903ACPCT1 2010-07-13",0.0375,60,0.0900211839475689,0.25,9,0,15,0,0,0,3.33333333333333,0,0,0
"903CVPCT1 2010-05-10",0.139473684210526,95,0.339578488470673,0.401515151515151,33,0.479824975981615,34.7368421052632,1.05263157894737,3.03030303030303,34.3434343434343,48,2.02020202020202,36.3636363636364,38.5416666666667
"903CVPCT1 2010-06-01",0.0642857142857143,105,0.143063038437721,0.3375,20,0.122340121232398,19.047619047619,0,0,19.047619047619,25.7142857142857,0,19.047619047619,19.047619047619
"903CVPCT1 2010-06-15",0.00952380952380952,105,0.0480860797141029,0.25,4,0,3.80952380952381,0,0,1.9047619047619,25.7142857142857,1.9047619047619,3.80952380952381,3.80952380952381
"903CVPCT1 2010-06-30",0.216666666666667,105,0.130027117487281,0.274096385542169,83,0.0742283251533339,79.0476190476191,0,0,1.9047619047619,38.0952380952381,0,1.9047619047619,1.9047619047619
"903CVPCT1 2010-07-13",NA,0,NA,0,0,NA,NA,NA,0,NA,NA,NA,NA,NA
"904S00537 2009-05-04",0.09375,104,0.135762410257166,0.270833333333333,36,0.0700764888226735,34.6153846153846,0,0,13.4615384615385,15.3846153846154,4.80769230769231,17.4757281553398,17.4757281553398
"905DGCC1 2010-05-12",0.0572916666666667,96,0.117423920872122,0.275,20,0.0769483764063866,20.8333333333333,0,0,15.0537634408602,11.2244897959184,1.0752688172043,17.0454545454545,18.0722891566265
"905DGCC1 2010-06-02",0.0212765957446809,94,0.0701340351556301,0.25,8,0,8.51063829787234,0,0,8.42105263157895,7.61904761904762,0,9.19540229885057,10.3896103896104
"905DGCC1 2010-06-16",0.0238095238095238,105,0.0737378536592371,0.25,10,0,9.52380952380952,0,0,4.76190476190476,9.52380952380952,1.9047619047619,6.66666666666667,6.66666666666667
"905DGCC1 2010-06-29",0.222222222222222,90,0.619718634557231,0.645161290322581,31,0.925954897993568,34.4444444444444,4.44444444444444,12.9032258064516,2.22222222222222,13.3333333333333,0,2.56410256410256,8.69565217391304
"905DGCC1 2010-07-13",NA,0,NA,0,0,NA,NA,NA,0,NA,NA,NA,NA,NA
"905DGSY1x 2008-07-09",NA,0,NA,0,0,NA,NA,NA,0,NA,NA,NA,NA,NA
"905DGSY1x 2008-07-16",NA,0,NA,0,0,NA,NA,NA,0,NA,NA,NA,NA,NA
"905DGSY1x 2010-05-03",0.522959183673469,98,0.908923923850495,0.899122807017544,57,1.0424683631749,58.1632653061224,11.2244897959184,19.2982456140351,20.2020202020202,35.7142857142857,1.01010101010101,21.4285714285714,30.9278350515464
"905DGSY1x 2010-06-01",0.0461165048543689,103,0.109295722336227,0.279411764705882,17,0.0830263955193839,16.504854368932,0,0,7.76699029126214,27.6190476190476,0,7.84313725490196,8
"905DGSY1x 2010-06-14",0.0558252427184466,103,0.104623735467746,0.25,23,0,22.3300970873786,0,0,0.952380952380952,21.9047619047619,0,0.952380952380952,0.970873786407767
"905DGSY1x 2010-06-29",0.120192307692308,104,0.130257256803461,0.255102040816327,49,0.0357142857142857,47.1153846153846,0,0,0,27.8846153846154,0,0,0
"905DGSY1x 2010-07-20",0.0192307692307692,104,0.0669399427641421,0.25,8,0,7.69230769230769,0,0,0.952380952380952,20,0,0.952380952380952,0.961538461538462
"905DGSY1x 2010-08-19",0.0714285714285714,105,0.1134801623754,0.25,30,0,28.5714285714286,0,0,6.93069306930693,33.3333333333333,0,7.21649484536082,7.21649484536082
"905DGSY1x 2010-09-15",0.227040816326531,98,0.336918140456104,0.370833333333333,60,0.363864808507303,61.2244897959184,1.02040816326531,1.66666666666667,53.921568627451,41.9047619047619,0.980392156862745,54.4554455445545,57.2916666666667
"905DGUT1 2010-05-13",0.235294117647059,85,0.3605405605453,0.4,50,0.394477179185259,58.8235294117647,1.17647058823529,2,34.8837209302326,15.1515151515152,0,37.5,50.8196721311475
"905DGUT1 2010-06-02",0.053125,80,0.110334287795278,0.265625,16,0.0625,20,0,0,13.4146341463415,10.4761904761905,1.21951219512195,18.75,24
"905DGUT1 2010-06-16",0.0833333333333333,105,0.118416366678918,0.25,35,0,33.3333333333333,0,0,7.61904761904762,12.3809523809524,0,7.61904761904762,7.61904761904762
"905DGUT1 2010-06-29",0.129411764705882,85,0.170833760332868,0.314285714285714,35,0.11085989340779,41.1764705882353,0,0,5.88235294117647,15.2941176470588,0,7.14285714285714,9.09090909090909
"905DGUT1 2010-07-13",0.170833333333333,60,0.117275449576825,0.25,41,0,68.3333333333333,0,0,1.66666666666667,20,3.33333333333333,9.375,17.6470588235294
"905S01953 2009-04-29",0.330952380952381,105,0.559549138231164,0.457236842105263,76,0.612900424069491,72.3809523809524,3.80952380952381,5.26315789473684,26,1.9047619047619,64,71.7171717171717,75.7894736842105
"907S00577 2009-05-12",1.41019417475728,103,3.60977267780894,2.04577464788732,71,4.20338083722813,68.9320388349515,16.504854368932,23.943661971831,8.82352941176471,41.9047619047619,8.82352941176471,16.1616161616162,30.9278350515464
"907S01418 2009-05-12",0.893564356435644,101,1.06145332837428,0.95,95,1.06977329075698,94.059405940594,19.8019801980198,21.0526315789474,23.3009708737864,20,0,23.7623762376238,38.3838383838384
"907S01434 2009-05-13",0.808673469387755,98,2.65615435435033,0.921511627906977,86,2.81886022750617,87.7551020408163,6.12244897959184,6.97674418604651,23.3009708737864,12.3809523809524,13.5922330097087,33.6633663366337,40.4040404040404
"907SRSD1x 2008-07-02",NA,0,NA,0,0,NA,NA,NA,0,NA,NA,NA,NA,NA
"907SRSD1x 2008-07-09",NA,0,NA,0,0,NA,NA,NA,0,NA,NA,NA,NA,NA
"907SRSD1x 2010-05-04",0.192708333333333,96,0.532470862393658,0.578125,32,0.799287737361693,33.3333333333333,3.125,9.375,55.1020408163265,46.4646464646465,0,56.25,61.1111111111111
"907SRSD1x 2010-06-01",0.0214285714285714,105,0.0784026659111667,0.28125,8,0.0883883476483184,7.61904761904762,0,0,28.5714285714286,23.8095238095238,0.952380952380952,29.5238095238095,29.5238095238095
"907SRSD1x 2010-06-15",0.0785714285714286,105,0.116614326302136,0.25,33,0,31.4285714285714,0,0,10.4761904761905,25.7142857142857,4.76190476190476,14.2857142857143,14.2857142857143
"907SRSD1x 2010-06-29",0.195238095238095,105,0.124908391339838,0.262820512820513,78,0.0555000277500208,74.2857142857143,0,0,1.9047619047619,45.7142857142857,3.80952380952381,5.71428571428571,5.71428571428571
"907SRSD1x 2010-07-13",0.214285714285714,105,0.100650357701771,0.255681818181818,88,0.0374716890693986,83.8095238095238,0,0,13.3333333333333,31.4285714285714,5.71428571428571,18.0952380952381,18.0952380952381
"911NCPCR2 2010-04-28",0.355,100,0.753091272454053,0.739583333333333,48,0.950865134257272,48,7,14.5833333333333,20.952380952381,47.5247524752475,0,21.5686274509804,29
"911NCPCR2 2010-05-24",0.111111111111111,99,0.160604018609905,0.305555555555556,36,0.105409255338946,36.3636363636364,0,0,4.85436893203883,27.6190476190476,0.970873786407767,5.94059405940594,6.06060606060606
"911NCPCR2 2010-06-14",0.274509803921569,102,1.23856642414997,0.651162790697674,43,1.85416161172429,42.156862745098,0.980392156862745,2.32558139534884,12.3809523809524,20.952380952381,3.80952380952381,16.1904761904762,17.6470588235294
"911NCPCR2 2010-06-30",0.271428571428571,105,0.199501439031963,0.375,76,0.125830573921179,72.3809523809524,0,0,0.952380952380952,32.3809523809524,5.71428571428571,6.66666666666667,6.66666666666667
"911NCPCR2 2010-07-20",0.0528846153846154,104,0.108347455083872,0.261904761904762,21,0.0545544725589981,20.1923076923077,0,0,15.9090909090909,23.8095238095238,1.13636363636364,20,20.5479452054795
"911NCPCR2 2010-08-19",0.0333333333333333,105,0.0853912563829966,0.25,14,0,13.3333333333333,0,0,18.2795698924731,29.5238095238095,0,20.2380952380952,20.7317073170732
"911NCPCR2 2010-09-14",0.886363636363636,88,1.23752922344984,1.32203389830508,59,1.30817295553368,67.0454545454545,25,37.2881355932203,40,50,2.10526315789474,42.3913043478261,74.025974025974
"911S00538 2009-05-05",1.39851485148515,101,2.93666013904865,1.83441558441558,77,3.24610353205294,76.2376237623762,23.7623762376238,31.1688311688312,43.1372549019608,28.7128712871287,0,45.360824742268,59.5744680851064
"911S01818 2009-05-06",0.510869565217391,92,2.13934654302464,0.796610169491525,59,2.63615224441929,64.1304347826087,5.43478260869565,8.47457627118644,15.8415841584158,37.5,29.7029702970297,41.4141414141414,47.3118279569892
"911S02058 2009-05-05",0.484567901234568,81,0.849030401962609,0.633064516129032,62,0.921863025829968,76.5432098765432,9.87654320987654,12.9032258064516,4,16.6666666666667,9,13.6842105263158,23.5955056179775
"911S03354 2009-05-05",0.224489795918367,98,0.440375009939642,0.423076923076923,52,0.532148948858061,53.0612244897959,2.04081632653061,3.84615384615385,2.04081632653061,38.0952380952381,2.04081632653061,4.34782608695652,6.97674418604651
"911S04086 2009-05-06",0.03125,8,0.0883883476483184,0.25,1,NA,12.5,0,0,0,80.9523809523809,0,0,0
"911TJPC2 2010-04-27",0.202020202020202,99,0.191252476563823,0.338983050847458,59,0.120726177992185,59.5959595959596,0,0,29,37.3737373737374,4.04040404040404,33.3333333333333,33.3333333333333
"911TJPC2 2010-05-24",0.0641025641025641,78,0.130159102414668,0.294117647058824,17,0.098238155999172,21.7948717948718,0,0,0.952380952380952,25.7142857142857,2.85714285714286,3.80952380952381,3.80952380952381
"911TJPC2 2010-06-14",0.640776699029126,103,3.37171588635153,2.75,24,6.66064039224327,23.3009708737864,2.9126213592233,12.5,17.1428571428571,14.2857142857143,7.61904761904762,23.8095238095238,27.1844660194175
"911TJPC2 2010-07-01",0.25952380952381,105,0.0686739922832306,0.264563106796116,103,0.0588413736498247,98.0952380952381,0,0,46.6666666666667,37.1428571428571,0,46.6666666666667,46.6666666666667
"911TJPC2 2010-07-19",NA,0,NA,0,0,NA,NA,NA,0,NA,NA,NA,NA,NA
"LALT-501 2009-06-22",0.161904761904762,105,0.124908391339838,0.253731343283582,67,0.0305423610890763,63.8095238095238,0,0,61.9047619047619,0,0,61.9047619047619,61.9047619047619
"LALT500 2009-06-22",0.880952380952381,105,0.902783647956871,0.880952380952381,105,0.902783647956871,100,15.2380952380952,15.2380952380952,6.66666666666667,0,0,6.66666666666667,20.952380952381
"LALT500 2010-07-15",1.02403846153846,104,1.55580623698777,1.03398058252427,103,1.56009070865354,99.0384615384615,21.1538461538462,21.3592233009709,0,6.66666666666667,8.57142857142857,8.57142857142857,28.5714285714286
"LALT501 2010-07-15",0.188118811881188,101,0.114050101896378,0.253333333333333,75,0.0288675134594813,74.2574257425743,0,0,25.7142857142857,3.80952380952381,5.71428571428571,28.5714285714286,28.5714285714286
"LALT502 2009-06-22",0.117021276595745,47,0.179454667808711,0.34375,16,0.125,34.0425531914894,0,0,2.85714285714286,41.9047619047619,0.952380952380952,3.80952380952381,3.96039603960396
"LALT502 2010-07-15",0.319078947368421,76,0.180733156017955,0.37890625,64,0.125926624988334,84.2105263157895,0,0,0,59.0476190476191,0,0,0
"LALT503 2010-07-15",0.870192307692308,104,0.985317435193143,0.878640776699029,103,0.986343066180988,99.0384615384615,17.3076923076923,17.4757281553398,0,0,0,0,17.1428571428571
"LAR0052 2010-07-08",0,102,0,0,0,NA,0,0,0,0.980392156862745,5.71428571428571,0,1,1.04166666666667
"LAR0080 2010-07-08",0.180952380952381,105,0.238925977471314,0.487179487179487,39,0.0558639662577397,37.1428571428571,0,0,46.6666666666667,0,0,46.6666666666667,46.6666666666667
"LAR0092 2010-07-27",0,103,0,0,0,NA,0,0,0,19.4174757281553,0,0.970873786407767,20.5882352941176,21.2121212121212
"ME-CC 2010-07-12",0.0523809523809524,105,0.123526109117464,0.305555555555556,18,0.106948157986625,17.1428571428571,0,0,21.9047619047619,13.3333333333333,0,21.9047619047619,21.9047619047619
"ME-CC 2011-07-07",0.0264423076923077,104,0.0772578367436739,0.25,11,0,10.5769230769231,0,0,24.0384615384615,30.7692307692308,0,24.2718446601942,24.5098039215686
"ME-SCR 2011-07-13",0.00476190476190476,105,0.0343369961416153,0.25,2,0,1.9047619047619,0,0,14.2857142857143,5.71428571428571,10.4761904761905,22.8571428571429,22.8571428571429
"ME-VR2 2010-07-07",0.010752688172043,93,0.0509952376109724,0.25,4,0,4.3010752688172,0,0,9,2,0,9.47368421052632,10
"ME-VR2 2011-07-06",0,104,0,0,0,NA,0,0,0,67.3076923076923,4.80769230769231,4.80769230769231,69.9029126213592,70.5882352941177
"MO2_Mont 2010-06-30",0,13,0,0,0,NA,0,0,0,20,20,1.53846153846154,31.8181818181818,48.2758620689655
"REF-TCAS 2009-04-30",NA,0,NA,0,0,NA,NA,NA,0,NA,NA,NA,NA,NA
"SA_RB 2010-06-02",0.0892857142857143,84,0.188697410063159,0.46875,16,0.0853912563829966,19.047619047619,0,0,3.57142857142857,5.95238095238095,0,4.47761194029851,5.45454545454545
"SGLT506 2010-07-06",0.705445544554455,101,0.856881000784211,0.727040816326531,98,0.860866512855523,97.029702970297,11.8811881188119,12.2448979591837,46.1538461538462,20,16.3461538461538,54.8076923076923,62.7450980392157
"SGUR010 2010-06-18",0,104,0,0,0,NA,0,0,0,82.8571428571429,0.952380952380952,1.9047619047619,82.8571428571429,83.6538461538462
"SGUR010 2011-06-27",0.0157894736842105,95,0.0879020120236457,0.5,3,0,3.15789473684211,0,0,41.0526315789474,0,0,43.8202247191011,49.3670886075949
"SGUR103 2010-07-22",0,105,0,0,0,NA,0,0,0,0,0.952380952380952,0,0,0
"SGUR103 2011-08-03",0.0222772277227723,101,0.0873141590822337,0.321428571428571,7,0.121987509118567,6.93069306930693,0,0,0,0,0,0,0
"SGUT 503 2009-05-08",0.0537634408602151,93,0.115682417386479,0.277777777777778,18,0.0808452083454443,19.3548387096774,0,0,1.9047619047619,0.952380952380952,0.952380952380952,2.85714285714286,2.97029702970297
"SGUT 503 2010-05-27",0.00238095238095238,105,0.0243975018237133,0.25,1,NA,0.952380952380952,0,0,4.76190476190476,3.80952380952381,0,4.76190476190476,4.76190476190476
"SGUT501 2010-07-07",0.788659793814433,97,0.920923029793546,0.805263157894737,95,0.923380516876639,97.9381443298969,14.4329896907216,14.7368421052632,18.3673469387755,9.52380952380952,0,19.5652173913043,35.2941176470588
"SGUT502 2010-05-27",0.00476190476190476,105,0.0343369961416153,0.25,2,0,1.9047619047619,0,0,4.76190476190476,1.9047619047619,0,4.76190476190476,4.76190476190476
"SGUT502 2011-06-28",0.0461165048543689,103,0.0974401073934171,0.25,19,0,18.4466019417476,0,0,5.8252427184466,0,0,5.94059405940594,6.06060606060606
"SGUT503 2011-07-27",0.0196078431372549,102,0.067544214615133,0.25,8,0,7.84313725490196,0,0,0,0,0,0,0
"SGUT504 2010-07-07",0.973557692307692,104,1.09273764896009,1.0125,100,1.09658273142918,96.1538461538462,22.1153846153846,23,8.65384615384615,6.66666666666667,0,8.7378640776699,29.4117647058824
"SGUT505 2010-07-08",0.511538461538461,65,0.460194356933944,0.511538461538461,65,0.460194356933944,100,3.07692307692308,3.07692307692308,2.88461538461538,30.4761904761905,0,2.88461538461538,4.90196078431373
"Site 19 2010-07-10",0.266666666666667,105,0.23066236842001,0.4375,64,0.109108945117996,60.952380952381,0,0,38.0952380952381,0.952380952380952,0,38.0952380952381,38.0952380952381
"Site 6 2010-07-08",0.207070707070707,99,0.171430074548485,0.310606060606061,66,0.107958379271883,66.6666666666667,0,0,0,0,0,0,0
"Site 7 2010-07-06",0.418367346938776,98,0.151349216431861,0.450549450549451,91,0.100137268424261,92.8571428571429,0,0,0.99009900990099,3.80952380952381,0,1.03092783505155,1.0752688172043
"SMC00080 2011-06-13",0.0690476190476191,105,0.112314152556429,0.25,29,0,27.6190476190476,0,0,9.52380952380952,11.4285714285714,14.2857142857143,22.8571428571429,22.8571428571429
"SMC00105 2009-05-12",0.102272727272727,66,0.180689239852852,0.375,18,0.128623938856882,27.2727272727273,0,0,22.7272727272727,1.42857142857143,1.51515151515152,34.0425531914894,55.1724137931034
"SMC00135 2010-06-07",0.135714285714286,105,0.321558276638505,0.365384615384615,39,0.443691726515311,37.1428571428571,0.952380952380952,2.56410256410256,1.9047619047619,0,0,1.9047619047619,2.85714285714286
"SMC00153 2009-06-08",0.417682926829268,82,0.141938073616437,0.439102564102564,78,0.108006564223745,95.1219512195122,0,0,32.3809523809524,15.2380952380952,0,32.3809523809524,32.3809523809524
"SMC00180 2010-06-18",5.4375,52,5.80121585464262,5.4375,52,5.80121585464262,100,88.4615384615385,88.4615384615385,0,27.2727272727273,50,80,2800
"SMC00191 2010-07-12",0.0921052631578947,57,0.180720155035597,0.403846153846154,13,0.126592420885458,22.8070175438596,0,0,27.1844660194175,0,0,27.7227722772277,28.5714285714286
"SMC00198 2009-05-20",0.276442307692308,104,0.29336983607207,0.309139784946237,93,0.29349341120661,89.4230769230769,0.961538461538462,1.0752688172043,68.5714285714286,12.3809523809524,0,68.5714285714286,69.5238095238095
"SMC00206 2009-05-18",0,105,0,0,0,NA,0,0,0,11.4285714285714,0,0.952380952380952,11.4285714285714,11.4285714285714
"SMC00271 2009-06-04",0.414285714285714,105,1.99904681956506,1.14473684210526,38,3.22083146629588,36.1904761904762,3.80952380952381,10.5263157894737,17.1428571428571,5.71428571428571,0.952380952380952,18.0952380952381,21.9047619047619
"SMC00282 2009-06-09",0.451456310679612,103,0.464497214510718,0.465,100,0.464687360958251,97.0873786407767,2.9126213592233,3,9.52380952380952,42.8571428571429,0,9.52380952380952,12.621359223301
"SMC00288 2009-06-18",0.408602150537634,93,0.305708696943069,0.422222222222222,90,0.301318368260526,96.7741935483871,1.0752688172043,1.11111111111111,5.71428571428571,0,0,5.71428571428571,7.4468085106383
"SMC00318 2010-06-15",0.228571428571429,105,0.0703210846407743,0.25,96,0,91.4285714285714,0,0,37.1428571428571,0,0,37.1428571428571,37.1428571428571
"SMC00324 2010-06-21",0.0642857142857143,105,0.162716466135571,0.45,15,0.103509833901353,14.2857142857143,0,0,27.6190476190476,22.8571428571429,2.85714285714286,29.5238095238095,29.5238095238095
"SMC00345 2011-07-19",0.831683168316832,101,0.952043139050884,0.84,100,0.953144715394702,99.009900990099,15.8415841584158,16,0,0.952380952380952,0,0,15.2380952380952
"SMC00375 2010-06-08",0.114285714285714,105,0.125137287246211,0.25,48,0,45.7142857142857,0,0,0.952380952380952,0.952380952380952,0,0.952380952380952,0.952380952380952
"SMC00382 2009-06-23",0.554761904761905,105,0.768193554383488,0.613157894736842,95,0.785310973989197,90.4761904761905,8.57142857142857,9.47368421052632,0,2.85714285714286,0,0,8.57142857142857
"SMC00428 2010-07-22",0.0142857142857143,105,0.0583071631510681,0.25,6,0,5.71428571428571,0,0,0,0,6.66666666666667,6.66666666666667,6.66666666666667
"SMC00428 2011-08-03",0.025,100,0.0753778361444409,0.25,10,0,10,0,0,0,0,0,0,0
"SMC00436 2009-05-26",0.214285714285714,105,0.14473355588046,0.284810126582278,79,0.0871023677074291,75.2380952380952,0,0,71.4285714285714,0.952380952380952,0.952380952380952,72.3809523809524,72.3809523809524
"SMC00440 2009-05-20",0,105,0,0,0,NA,0,0,0,0.952380952380952,0,0,0.952380952380952,0.952380952380952
"SMC00446 2010-07-01",0.0535714285714286,28,0.104463861754668,0.25,6,0,21.4285714285714,0,0,0,0,0,0,0
"SMC00457 2009-06-04",0.555,100,0.63621751569155,0.578125,96,0.638988201027712,96,6,6.25,58,3.80952380952381,2,59.1836734693878,67.032967032967
"SMC00464 2009-05-08",0.0771276595744681,94,0.127140785064123,0.268518518518519,27,0.066720064085453,28.7234042553192,0,0,35.3535353535354,0,1.01010101010101,37.5,41.8604651162791
"SMC00473 2009-06-03",0.346774193548387,93,0.180700095584312,0.403125,80,0.122563274797608,86.0215053763441,0,0,1.96078431372549,79.0476190476191,0,2.02020202020202,2.04081632653061
"SMC00476 2009-06-08",0.019047619047619,105,0.0666437689614861,0.25,8,0,7.61904761904762,0,0,0,0,0,0,0
"SMC00479 2011-07-13",0,105,0,0,0,NA,0,0,0,65.7142857142857,0,2.85714285714286,67.6190476190476,67.6190476190476
"SMC00480 2009-05-13",0.115,100,0.175594229214212,0.338235294117647,34,0.121267812518166,34,0,0,1.01010101010101,0.952380952380952,1.01010101010101,2.1505376344086,2.22222222222222
"SMC00520 2009-05-19",0.0364077669902913,103,0.0886152110269842,0.25,15,0,14.5631067961165,0,0,6.79611650485437,5.71428571428571,2.9126213592233,9.9009900990099,10.1010101010101
"SMC00520 2011-08-05",0.0514705882352941,102,0.113114303520981,0.276315789473684,19,0.0788254419105764,18.6274509803922,0,0,25.4901960784314,0,0,25.7425742574257,27.0833333333333
"SMC00531 2009-05-18",0,105,0,0,0,NA,0,0,0,83.8095238095238,0,0,83.8095238095238,83.8095238095238
"SMC00544 2011-06-22",0,104,0,0,0,NA,0,0,0,7.69230769230769,0,0,7.76699029126214,7.84313725490196
"SMC00608 2011-06-27",0.0745192307692308,104,0.134380128903282,0.287037037037037,27,0.0905034982245614,25.9615384615385,0,0,45.1923076923077,0,0,45.6310679611651,46.078431372549
"SMC00632 2011-06-13",0,105,0,0,0,NA,0,0,0,6.66666666666667,18.0952380952381,13.3333333333333,18.0952380952381,18.0952380952381
"SMC00665 2011-07-27",0.242718446601942,103,0.24115812961606,0.462962962962963,54,0.0896456257996868,52.4271844660194,0,0,0,1.9047619047619,0,0,0
"SMC00670 2009-05-21",0,105,0,0,0,NA,0,0,0,62.8571428571429,0,23.8095238095238,70.4761904761905,70.4761904761905
"SMC00684 2011-06-27",0.302380952380952,105,0.182448748385802,0.369186046511628,86,0.125597069245304,81.9047619047619,0,0,3.80952380952381,0,0,3.80952380952381,3.80952380952381
"SMC00686 2011-06-27",0.0404761904761905,105,0.120714068968312,0.354166666666667,12,0.128732162636109,11.4285714285714,0,0,15.2380952380952,9.52380952380952,29.5238095238095,40.9523809523809,40.9523809523809
"SMC00693 2010-05-31",0.271428571428571,105,0.147553305696545,0.313186813186813,91,0.109248738826986,86.6666666666667,0,0,31.4285714285714,35.2380952380952,0.952380952380952,32.3809523809524,32.3809523809524
"SMC00702 2011-07-19",0.0142857142857143,105,0.0583071631510681,0.25,6,0,5.71428571428571,0,0,98.0952380952381,0,0,98.0952380952381,98.0952380952381
"SMC00710 2009-05-20",0.314516129032258,93,0.176404402790812,0.370253164556962,79,0.125707991745056,84.9462365591398,0,0,66.9902912621359,3.80952380952381,0,67.6470588235294,69.6969696969697
"SMC00729 2009-06-03",0.253333333333333,75,0.150972821371241,0.306451612903226,62,0.105381380353575,82.6666666666667,0,0,5,1,0,5,5
"SMC00748 2011-06-21",0.20952380952381,105,0.120714068968312,0.265060240963855,83,0.059844788961069,79.0476190476191,0,0,4.76190476190476,0,11.4285714285714,16.1904761904762,16.1904761904762
"SMC00756 2009-06-23",0.442857142857143,105,0.105481626961161,0.442857142857143,105,0.105481626961161,100,0,0,0,0,0,0,0
"SMC00766 2011-07-11",0.00245098039215686,102,0.0247536885744169,0.25,1,NA,0.980392156862745,0,0,0,9.80392156862745,8.82352941176471,9.09090909090909,9.375
"SMC00791 2011-06-22",0,100,0,0,0,NA,0,0,0,0,0,0,0,0
"SMC00827 2009-06-15",0.3,80,0.367595677720075,0.428571428571429,56,0.371466032076976,70,1.25,1.78571428571429,21.0526315789474,19.047619047619,4.21052631578947,24.7191011235955,29.4871794871795
"SMC00830 2011-06-21",0.0457317073170732,82,0.0972464158824753,0.25,15,0,18.2926829268293,0,0,17.0731707317073,1.21951219512195,65.8536585365854,74.0740740740741,120
"SMC00857 2011-07-13",0.419270833333333,96,0.160159425781521,0.46264367816092,87,0.0896434769169273,90.625,0,0,59.0476190476191,15.2380952380952,0,59.0476190476191,59.0476190476191
"SMC00873 2009-05-19",0.192307692307692,104,1.96116135138184,20,1,NA,0.961538461538462,0.961538461538462,100,35.5769230769231,0.952380952380952,19.2307692307692,50,50.9803921568627
"SMC00899 2011-07-12",0.107142857142857,105,0.124311289524712,0.25,45,0,42.8571428571429,0,0,71.4285714285714,0,3.80952380952381,72.3809523809524,72.3809523809524
"SMC00903 2011-07-06",0.145604395604396,91,0.139771311562922,0.265,50,0.0599744843705238,54.9450549450549,0,0,9.78260869565217,20.6521739130435,1.08695652173913,11.1111111111111,11.7647058823529
"SMC00910 2009-04-30",0.0357142857142857,105,0.117201807734624,0.375,10,0.131761569173682,9.52380952380952,0,0,20.952380952381,0,5.71428571428571,26.6666666666667,26.6666666666667
"SMC00911 2009-06-04",0.19047619047619,105,0.357817586080429,0.526315789473684,38,0.422306543284273,36.1904761904762,0.952380952380952,2.63157894736842,20.1923076923077,3.80952380952381,0,20.1923076923077,21.1538461538462
"SMC00921 2010-06-02",1.01442307692308,104,1.06740482572759,1.02427184466019,103,1.06786538215057,99.0384615384615,22.1153846153846,22.3300970873786,25.7142857142857,19.047619047619,4.76190476190476,28.5714285714286,47.1153846153846
"SMC00924 2009-06-09",0.169047619047619,105,0.20064570674126,0.362244897959184,49,0.125636136423842,46.6666666666667,0,0,12.3809523809524,0,0,12.3809523809524,12.3809523809524
"SMC00924 2011-06-20",0.1175,100,0.135097233969695,0.261111111111111,45,0.0521022692849982,45,0,0,49,0,10,55.1020408163265,60
"SMC00926 2010-06-28",0.0833333333333333,36,0.119522860933439,0.25,12,0,33.3333333333333,0,0,33.0097087378641,29.5238095238095,1.94174757281553,35.2941176470588,36.3636363636364
"SMC00957 2010-06-21",0.166666666666667,105,0.331928127839871,0.388888888888889,45,0.414768403187644,42.8571428571429,0.952380952380952,2.22222222222222,10.4761904761905,39.0476190476191,0.952380952380952,10.4761904761905,11.4285714285714
"SMC00958 2011-07-19",0.00961538461538462,104,0.0483097424680195,0.25,4,0,3.84615384615385,0,0,56.7307692307692,3.84615384615385,42.3076923076923,76.1904761904762,78.4313725490196
"SMC00963 2010-06-17",0,105,0,0,0,NA,0,0,0,57.1428571428571,2.85714285714286,0.952380952380952,58.0952380952381,58.0952380952381
"SMC01004 2009-05-26",0.0625,104,0.108777406991731,0.25,26,0,25,0,0,47.6190476190476,0.952380952380952,0,47.6190476190476,48.0769230769231
"SMC01013 2010-06-24",0.176470588235294,85,0.176032369063145,0.3125,48,0.109398743623421,56.4705882352941,0,0,71.5789473684211,22.3300970873786,13.3333333333333,76.6666666666667,89.6103896103896
"SMC01040 2009-06-09",0.338095238095238,105,0.831313945184294,0.959459459459459,37,1.17631946233898,35.2380952380952,8.57142857142857,24.3243243243243,1.9047619047619,0.952380952380952,0,1.9047619047619,10.4761904761905
"SMC01046 2009-05-21",0.328571428571429,105,0.392713510206742,0.352040816326531,98,0.39623995433277,93.3333333333333,1.9047619047619,2.04081632653061,47.6190476190476,13.3333333333333,0,47.6190476190476,49.5238095238095
"SMC01049 2010-06-01",0.45952380952381,105,0.098813936968396,0.463942307692308,104,0.0882562274733446,99.0476190476191,0,0,20,0.952380952380952,5.71428571428571,23.8095238095238,23.8095238095238
"SMC01096 2010-06-07",0.0679611650485437,103,0.111771468730436,0.25,28,0,27.1844660194175,0,0,10.6796116504854,0,0,10.6796116504854,10.8910891089109
"SMC01151 2009-06-17",0.155913978494624,93,0.460260409652821,0.630434782608696,23,0.757048564917911,24.7311827956989,2.1505376344086,8.69565217391304,85.1485148514851,18.2692307692308,7.92079207920792,85.2941176470588,91.5789473684211
"SMC01155 2009-05-12",0,104,0,0,0,NA,0,0,0,47.5728155339806,2.85714285714286,0,47.5728155339806,49
"SMC01158 2009-05-20",0.260135135135135,74,0.167777521011698,0.326271186440678,59,0.116098921927406,79.7297297297297,0,0,28.5714285714286,22.8571428571429,0,28.5714285714286,28.5714285714286
"SMC01161 2010-05-27",0.377403846153846,104,0.125582102431369,0.377403846153846,104,0.125582102431369,100,0,0,46.1538461538462,13.3333333333333,3.84615384615385,47.1153846153846,48.0392156862745
"SMC01172 2009-06-24",0.398989898989899,99,0.298634630868678,0.411458333333333,96,0.294643331814002,96.969696969697,1.01010101010101,1.04166666666667,15.2380952380952,0,0,15.2380952380952,16.504854368932
"SMC01174 2011-07-20",1.83894230769231,104,1.63803334500789,1.83894230769231,104,1.63803334500789,100,50,50,0,30.4761904761905,0,0,49.5238095238095
"SMC01196 2010-07-14",0.133333333333333,105,0.13896365508973,0.264150943396226,53,0.058323829483594,50.4761904761905,0,0,0.952380952380952,2.85714285714286,6.66666666666667,7.61904761904762,7.61904761904762
"SMC01201 2010-06-02",0.407142857142857,105,0.130904503402247,0.41504854368932,103,0.118989814907747,98.0952380952381,0,0,20.952380952381,5.71428571428571,0,20.952380952381,20.952380952381
"SMC01208 2010-06-08",0.133333333333333,105,0.125320102956901,0.25,56,0,53.3333333333333,0,0,74.2857142857143,0,0,74.2857142857143,74.2857142857143
"SMC01215 2011-07-13",0.0294117647058824,102,0.0809452024570658,0.25,12,0,11.7647058823529,0,0,51.9607843137255,0.980392156862745,11.7647058823529,59.4059405940594,61.8556701030928
"SMC01248 2011-07-26",0.0142857142857143,70,0.0723031345878001,0.333333333333333,3,0.144337567297406,4.28571428571429,0,0,5.71428571428571,0,0,7.84313725490196,13.3333333333333
"SMC01257 2011-06-16",0.00252525252525253,99,0.0251259453814803,0.25,1,NA,1.01010101010101,0,0,41.4141414141414,2.02020202020202,4.04040404040404,44.3298969072165,49.4252873563218
"SMC01258 2009-05-27",0.223684210526316,76,0.175968497978194,0.320754716981132,53,0.113694074275659,69.7368421052632,0,0,0,73.469387755102,0,0,0
"SMC01278 2009-06-17",0.397619047619048,105,0.149900760822746,0.421717171717172,99,0.116531859566215,94.2857142857143,0,0,49.5238095238095,0,0,49.5238095238095,49.5238095238095
"SMC01320 2010-06-07",0.0285714285714286,105,0.0799209774550001,0.25,12,0,11.4285714285714,0,0,41.9047619047619,0.952380952380952,1.9047619047619,42.8571428571429,42.8571428571429
"SMC01341 2009-06-22",0.25,1,NA,0.25,1,NA,100,0,0,8.57142857142857,32.3809523809524,9.52380952380952,17.1428571428571,17.1428571428571
"SMC01358 2011-06-21",0.0571428571428571,105,0.126230210069008,0.3,20,0.102597835208515,19.047619047619,0,0,54.2857142857143,0,20,61.9047619047619,61.9047619047619
"SMC01367 2011-06-23",0.0463917525773196,97,0.0976940970475604,0.25,18,0,18.5567010309278,0,0,7.21649484536082,0,0,7.36842105263158,7.69230769230769
"SMC01372 2010-07-13",0.46875,104,0.594970322340551,0.524193548387097,93,0.605751998652062,89.4230769230769,4.80769230769231,5.37634408602151,35.2380952380952,29.5238095238095,16.1904761904762,43.8095238095238,46.6666666666667
"SMC01383 2010-06-01",0.728571428571429,105,0.942527727169613,0.772727272727273,99,0.953036841249708,94.2857142857143,14.2857142857143,15.1515151515152,0.952380952380952,0,0,0.952380952380952,15.2380952380952
"SMC01384 2009-06-29",0.545454545454545,99,0.644208536282254,0.580645161290323,93,0.649164691456599,93.9393939393939,6.06060606060606,6.45161290322581,29.5238095238095,0.952380952380952,0,29.5238095238095,33.9805825242718
"SMC01424 2009-07-01",0.137931034482759,87,0.181877405241249,0.333333333333333,36,0.119522860933439,41.3793103448276,0,0,4.65116279069767,6.66666666666667,0,5.55555555555556,6.89655172413793
"SMC01452 2010-07-15",0.1875,68,0.180044563306198,0.31875,40,0.113050646694076,58.8235294117647,0,0,21.1111111111111,0.952380952380952,6.66666666666667,29.6296296296296,36.3636363636364
"SMC01504 2011-06-28",0,97,0,0,0,NA,0,0,0,0,0,0,0,0
"SMC01512 2010-06-23",0.0238095238095238,105,0.0885500830949199,0.3125,8,0.115727512471569,7.61904761904762,0,0,89.5238095238095,0.952380952380952,3.80952380952381,89.5238095238095,89.5238095238095
"SMC01523 2011-07-07",0.152061855670103,97,0.122669424881212,0.25,59,0,60.8247422680412,0,0,3.09278350515464,0,0,3.33333333333333,3.57142857142857
"SMC01544 2010-07-14",0.107843137254902,102,0.177683818922523,0.354838709677419,31,0.125402577531775,30.3921568627451,0,0,5.76923076923077,0,1.92307692307692,7.76699029126214,7.84313725490196
"SMC01550 2009-06-25",0.455,100,0.384976714499813,0.455,100,0.384976714499813,100,2,2,18.0952380952381,3.80952380952381,0,18.0952380952381,20.7920792079208
"SMC01555 2011-06-23",0,105,0,0,0,NA,0,0,0,47.6190476190476,0,0.952380952380952,48.5714285714286,48.5714285714286
"SMC01559 2011-06-21",0.137019230769231,104,0.14312652972137,0.268867924528302,53,0.0666696903039527,50.9615384615385,0,0,14.4230769230769,0,0.961538461538462,15.5339805825243,15.3846153846154
"SMC01567 2010-06-09",0.121212121212121,99,0.148820345926829,0.27906976744186,43,0.081088251556072,43.4343434343434,0,0,40.4040404040404,0,7.07070707070707,46.875,51.7241379310345
"SMC01606 2009-05-26",0.255747126436782,87,0.147542915979047,0.304794520547945,73,0.104138123943383,83.9080459770115,0,0,40.3846153846154,66.6666666666667,0.961538461538462,41.747572815534,42.156862745098
"SMC01640 2009-06-29",0.628571428571429,105,0.824879278546761,0.640776699029126,103,0.828172674663675,98.0952380952381,10.4761904761905,10.6796116504854,14.2857142857143,0,0,14.2857142857143,22.8571428571429
"SMC01655 2011-07-06",0.0412621359223301,103,0.0996137600902339,0.265625,16,0.0625,15.5339805825243,0,0,0,0,0,0,0
"SMC01676 2010-07-03",0.757281553398058,103,0.94028593291444,0.787878787878788,99,0.94650514270008,96.1165048543689,14.5631067961165,15.1515151515152,19.047619047619,22.8571428571429,21.9047619047619,33.3333333333333,42.8571428571429
"SMC01684 2009-06-03",0.630952380952381,105,0.873002691653181,0.74438202247191,89,0.902944621094807,84.7619047619048,11.4285714285714,13.4831460674157,0,0.952380952380952,0,0,11.4285714285714
"SMC01692 2011-06-20",0.0742574257425743,101,0.114807199553455,0.25,30,0,29.7029702970297,0,0,15.8415841584158,0,7.92079207920792,22.2222222222222,23.6559139784946
"SMC01694 2010-06-28",0,98,0,0,0,NA,0,0,0,18.0952380952381,19.047619047619,16.1904761904762,31.4285714285714,31.4285714285714
"SMC01716 2010-06-08",0.238095238095238,105,0.0534950615638641,0.25,100,0,95.2380952380952,0,0,45.7142857142857,0,0,45.7142857142857,45.7142857142857
"SMC01717 2009-05-28",0.759615384615385,104,0.858229067433748,0.774509803921569,102,0.859937399806579,98.0769230769231,12.5,12.7450980392157,5.8252427184466,59.0476190476191,0,5.94059405940594,18
"SMC01726 2010-06-30",0.157142857142857,105,0.121376039056903,0.25,66,0,62.8571428571429,0,0,0.952380952380952,0,1.9047619047619,2.85714285714286,2.85714285714286
"SMC01748 2009-06-03",0.276960784313726,102,0.529929547373589,0.627777777777778,45,0.647596566645711,44.1176470588235,2.94117647058824,6.66666666666667,4.90196078431373,12.7450980392157,0,5.05050505050505,8.33333333333333
"SMC01808 2011-06-13",0.0970873786407767,103,0.122439509418286,0.25,40,0,38.8349514563107,0,0,0.970873786407767,6.79611650485437,8.7378640776699,8.91089108910891,9.09090909090909
"SMC01814 2010-06-09",0.846938775510204,98,0.924071457230764,0.846938775510204,98,0.924071457230764,100,15.3061224489796,15.3061224489796,12.3809523809524,31.4285714285714,15.2380952380952,24.7619047619048,38.0952380952381
"SMC01860 2009-05-28",0.221428571428571,105,0.360812194306733,0.516666666666667,45,0.389492677023003,42.8571428571429,0.952380952380952,2.22222222222222,14.2857142857143,8.57142857142857,6.66666666666667,19.047619047619,19.047619047619
"SMC01909 2009-06-09",0.39047619047619,105,0.487738858549526,0.482352941176471,85,0.499684774582516,80.9523809523809,2.85714285714286,3.52941176470588,3.80952380952381,29.5238095238095,0,3.80952380952381,6.66666666666667
"SMC01923 2011-07-12",0,105,0,0,0,NA,0,0,0,25.7142857142857,0,4.76190476190476,29.5238095238095,29.5238095238095
"SMC01960 2010-06-23",0.0218446601941748,103,0.0933236784867858,0.375,6,0.136930639376292,5.8252427184466,0,0,36.8932038834951,24.7619047619048,7.76699029126214,43.5643564356436,44.4444444444444
"SMC01962 2010-06-08",0.514423076923077,104,0.250792247302315,0.514423076923077,104,0.250792247302315,100,0.961538461538462,0.961538461538462,0.952380952380952,84.7619047619048,0,0.952380952380952,1.92307692307692
"SMC01972 2010-06-07",0.25,105,0,0.25,105,0,100,0,0,37.1428571428571,0,0,37.1428571428571,37.1428571428571
"SMC01979 2011-07-14",0.00520833333333333,96,0.035893971540949,0.25,2,0,2.08333333333333,0,0,2.10526315789474,0,0,2.29885057471264,2.5974025974026
"SMC01990 2009-05-21",0.385416666666667,96,0.157766761002415,0.415730337078652,89,0.118847568916596,92.7083333333333,0,0,85.4368932038835,18.0952380952381,2.9126213592233,85.4368932038835,88.8888888888889
"SMC02006 2009-05-26",1.74047619047619,105,1.33099325328607,1.77427184466019,103,1.32126024357744,98.0952380952381,52.3809523809524,53.3980582524272,7.61904761904762,0,0,7.61904761904762,58.0952380952381
"SMC02059 2010-06-03",1.80952380952381,105,1.71584940893401,2.2093023255814,86,1.64578805775633,81.9047619047619,52.3809523809524,63.953488372093,0,0,0,0,52.3809523809524
"SMC02088 2011-06-14",0.0952380952380952,105,0.131471664379814,0.263157894736842,38,0.0565735714803536,36.1904761904762,0,0,48.5714285714286,0,4.76190476190476,51.4285714285714,51.4285714285714
"SMC02092 2011-06-14",0.0412621359223301,103,0.0932599110188094,0.25,17,0,16.504854368932,0,0,40.3846153846154,0,0,40.7766990291262,41.1764705882353
"SMC02123 2011-07-05",0.116504854368932,103,0.147759135863425,0.27906976744186,43,0.081088251556072,41.747572815534,0,0,36.8932038834951,0,19.4174757281553,50.4950495049505,51.5151515151515
"SMC02127 2009-06-04",0.623809523809524,105,2.06100581352163,1.23584905660377,53,2.7793084598942,50.4761904761905,8.57142857142857,16.9811320754717,20.952380952381,40.9523809523809,0,20.952380952381,27.6190476190476
"SMC02145 2011-07-19",0.252450980392157,102,0.20054103194628,0.367857142857143,70,0.125696815556297,68.6274509803922,0,0,14.4230769230769,8.65384615384615,0,14.5631067961165,14.7058823529412
"SMC02152 2010-07-14",1.09803921568627,102,1.56230221035071,1.09803921568627,102,1.56230221035071,100,22.5490196078431,22.5490196078431,29.5238095238095,3.80952380952381,13.3333333333333,35.2380952380952,45.7142857142857
"SMC02167 2010-06-07",0.133333333333333,105,0.130027117487281,0.254545454545455,55,0.0337099931231621,52.3809523809524,0,0,1.9047619047619,2.85714285714286,0,1.9047619047619,1.9047619047619
"SMC02206 2011-07-19",0.0328282828282828,99,0.0848653243295037,0.25,13,0,13.1313131313131,0,0,3.03030303030303,6.06060606060606,0,3.2258064516129,3.40909090909091
"SMC02228 2009-06-23",0.328571428571429,105,0.560428113436211,0.46,75,0.616550999622201,71.4285714285714,3.80952380952381,5.33333333333333,38.0952380952381,0,0,38.0952380952381,40.9523809523809
"SMC02270 2010-06-30",0.10952380952381,105,0.124633161351323,0.25,46,0,43.8095238095238,0,0,60,0,0,60,60
"SMC02417 2011-07-20",1.67857142857143,105,2.90695334452632,1.93681318681319,91,3.0428863779572,86.6666666666667,29.5238095238095,34.0659340659341,38.0952380952381,1.9047619047619,0.952380952380952,38.0952380952381,56.1904761904762
"SMC02436 2009-05-28",0.0214285714285714,105,0.0924706665695894,0.375,6,0.136930639376292,5.71428571428571,0,0,42.8571428571429,7.61904761904762,2.85714285714286,43.8095238095238,43.8095238095238
"SMC02452 2011-06-30",0.0202020202020202,99,0.0684817836344432,0.25,8,0,8.08080808080808,0,0,15.1515151515152,23.2323232323232,0,15.7894736842105,16.8539325842697
"SMC02457 2010-05-31",0.281862745098039,102,0.120187398164443,0.299479166666667,96,0.100130123672483,94.1176470588235,0,0,0,57.1428571428571,0,0,0
"SMC02464 2011-06-22",0.154040404040404,99,0.158545166370429,0.287735849056604,53,0.0903548881108003,53.5353535353535,0,0,9.52380952380952,0,0,9.52380952380952,10.1010101010101
"SMC02536 2011-06-29",0.00714285714285714,105,0.054344242595667,0.375,2,0.176776695296637,1.9047619047619,0,0,20.952380952381,0,40.9523809523809,52.3809523809524,52.3809523809524
"SMC02548 2010-07-09",0.330097087378641,103,0.16866543717465,0.373626373626374,91,0.125684936634043,88.3495145631068,0,0,1.94174757281553,2.85714285714286,0,1.96078431372549,2
"SMC02563 2010-06-24",0.0860215053763441,93,0.182430092536639,0.444444444444444,18,0.106948157986625,19.3548387096774,0,0,37.1428571428571,19.047619047619,0.952380952380952,38.0952380952381,39.2156862745098
"SMC02573 2010-06-09",0.0666666666666667,105,0.167226623447774,0.466666666666667,15,0.0879664438186246,14.2857142857143,0,0,4.76190476190476,9.52380952380952,1.9047619047619,6.66666666666667,6.66666666666667
"SMC02591 2011-07-21",0.017156862745098,102,0.072608777406019,0.291666666666667,6,0.102062072615966,5.88235294117647,0,0,11.7647058823529,0,0,12.1212121212121,12.5
"SMC02622 2010-06-15",0.238095238095238,105,0.0534950615638641,0.25,100,0,95.2380952380952,0,0,60.952380952381,1.9047619047619,0.952380952380952,60.952380952381,60.952380952381
"SMC02644 2011-06-30",0.025,70,0.0755415232778002,0.25,7,0,10,0,0,39.5833333333333,3.125,2.08333333333333,42.8571428571429,49.3670886075949
"SMC02656 2009-06-23",1.25721153846154,104,1.22645630236594,1.3075,100,1.22415452167171,96.1538461538462,32.6923076923077,34,3.80952380952381,0,0,3.80952380952381,35.2380952380952
"SMC02749 2011-06-27",0.0168269230769231,104,0.0799303631758978,0.35,5,0.136930639376292,4.80769230769231,0,0,8.65384615384615,42.3076923076923,6.73076923076923,15.5339805825243,15.6862745098039
"SMC02804 2011-06-20",0,104,0,0,0,NA,0,0,0,58.6538461538462,0,0,58.6538461538462,59.8039215686275
"SMC02884 2010-06-23",0.209134615384615,104,0.228732728996997,0.426470588235294,51,0.115044748327106,49.0384615384615,0,0,33.3333333333333,1.9047619047619,1.9047619047619,34.2857142857143,34.2857142857143
"SMC02902 2011-08-02",1.38068181818182,88,1.26739464451803,1.44642857142857,84,1.25994324107878,95.4545454545455,37.5,39.2857142857143,0,9.52380952380952,0,0,31.4285714285714
"SMC02933 2010-06-01",0.680693069306931,101,0.734947967444965,0.680693069306931,101,0.734947967444965,100,8.91089108910891,8.91089108910891,4.76190476190476,21.9047619047619,0,4.76190476190476,13.3333333333333
"SMC02947 2011-07-12",0,104,0,0,0,NA,0,0,0,15.3846153846154,18.2692307692308,28.8461538461538,36.8932038834951,37.2549019607843
"SMC02976 2010-07-27",0.133333333333333,105,0.177003186991444,0.325581395348837,43,0.116175202779525,40.9523809523809,0,0,0,1.9047619047619,0,0,0
"SMC02984 2010-06-23",0.00714285714285714,105,0.054344242595667,0.375,2,0.176776695296637,1.9047619047619,0,0,30.4761904761905,21.9047619047619,14.2857142857143,40.9523809523809,40.9523809523809
"SMC03110 2011-07-26",1.96534653465347,101,3.08849269526623,1.96534653465347,101,3.08849269526623,100,32.6732673267327,32.6732673267327,20,36.1904761904762,0,20,45.7142857142857
"SMC03133 2010-06-02",1.33809523809524,105,1.65939232113984,1.49468085106383,94,1.68603479736005,89.5238095238095,33.3333333333333,37.2340425531915,42.8571428571429,0,1.9047619047619,43.8095238095238,63.8095238095238
"SMC03216 2011-07-27",0.0343137254901961,102,0.0864539000823482,0.25,14,0,13.7254901960784,0,0,2.94117647058824,0,0,3.03030303030303,3.125
"SMC03234 2011-06-28",0.0710526315789474,95,0.139638390778365,0.306818181818182,22,0.107233006807222,23.1578947368421,0,0,18.9473684210526,45.2631578947368,5.26315789473684,22.1052631578947,22.1052631578947
"SMC03268 2009-05-28",0,105,0,0,0,NA,0,0,0,20,34.2857142857143,5.71428571428571,24.7619047619048,24.7619047619048
"SMC03280 2011-08-11",0.0264423076923077,104,0.0772578367436739,0.25,11,0,10.5769230769231,0,0,1.92307692307692,0.961538461538462,0,1.94174757281553,1.96078431372549
"SMC03304 2011-06-29",0.0120192307692308,104,0.0537411958504961,0.25,5,0,4.80769230769231,0,0,60,0,0,60,60
"SMC03510 2011-07-21",0.280952380952381,105,0.182448748385802,0.355421686746988,83,0.124207744984737,79.0476190476191,0,0,44.7619047619048,36.1904761904762,0,44.7619047619048,44.7619047619048
"SMC03533 2010-06-01",0.376190476190476,105,0.875085029882131,1.2741935483871,31,1.21338857253437,29.5238095238095,9.52380952380952,32.258064516129,8.57142857142857,16.1904761904762,1.9047619047619,10.4761904761905,19.047619047619
"SMC03687 2010-06-02",0.538095238095238,105,0.348038722530917,0.538095238095238,105,0.348038722530917,100,1.9047619047619,1.9047619047619,0,0,0,0,1.9047619047619
"SMC03944 2010-07-12",3.48571428571429,105,4.16152659145999,3.55339805825243,103,4.17312986256121,98.0952380952381,60,61.1650485436893,0,0,4.76190476190476,4.76190476190476,61.9047619047619
"SMC03971 2011-07-11",0,105,0,0,0,NA,0,0,0,5.71428571428571,0.952380952380952,40,44.7619047619048,44.7619047619048
"SMC03988 2011-06-29",0,100,0,0,0,NA,0,0,0,41.747572815534,4.85436893203883,9.70873786407767,48.5436893203884,50.5050505050505
"SMC04047 2009-05-14",0,95,0,0,0,NA,0,0,0,87.1287128712871,2.85714285714286,5.94059405940594,88,100
"SMC04054 2009-05-27",0.337209302325581,86,0.170498584867618,0.381578947368421,76,0.125656172487509,88.3720930232558,0,0,1.9047619047619,0,0,1.9047619047619,1.9047619047619
"SMC04134 2011-07-26",2.62376237623762,101,3.33084519348623,2.62376237623762,101,3.33084519348623,100,51.4851485148515,51.4851485148515,11.5384615384615,15.3846153846154,0,11.6504854368932,56.4356435643564
"SMC04175 2009-06-11",0.0732323232323232,99,0.327818479770805,0.725,10,0.803205384001433,10.1010101010101,1.01010101010101,10,34.2857142857143,58.0952380952381,2.85714285714286,36.1904761904762,37.2549019607843
"SMC04239 2009-06-11",0.0153061224489796,98,0.0865752051553803,0.5,3,0,3.06122448979592,0,0,62.3762376237624,21.9047619047619,18.8118811881188,73,79.3478260869565
"SMC04264 2010-07-09",0.891826923076923,104,1.04205525487834,0.9275,100,1.04705877137201,96.1538461538462,19.2307692307692,20,35.5769230769231,2.85714285714286,23.0769230769231,49.0384615384615,57.843137254902
"SMC04308 2009-06-17",1.97979797979798,99,2.78426628293373,2.64864864864865,74,2.93447823852817,74.7474747474748,45.4545454545455,60.8108108108108,37.8640776699029,12.3809523809524,1.94174757281553,39.2156862745098,69.6969696969697
"SMC04383 2010-06-09",0.11734693877551,98,0.161357329151621,0.302631578947368,38,0.103288737528069,38.7755102040816,0,0,36.3636363636364,0,4.04040404040404,40.4255319148936,43.6781609195402
"SMC04399 2009-06-11",0.102380952380952,105,0.32650398692796,0.488636363636364,22,0.574649337832962,20.952380952381,0.952380952380952,4.54545454545455,1.9047619047619,46.6666666666667,0.952380952380952,2.85714285714286,3.80952380952381
"SMC04426 2011-07-25",0.378787878787879,99,0.404634561073127,0.403225806451613,93,0.405519423462119,93.9393939393939,2.02020202020202,2.1505376344086,9.9009900990099,38.6138613861386,0,10.3092783505155,10.4166666666667
"SMC04661 2011-07-18",0.421052631578947,95,0.422541635073587,0.493827160493827,81,0.416411959185956,85.2631578947368,2.10526315789474,2.46913580246914,44.2105263157895,15.7894736842105,4.21052631578947,48.3516483516484,59.7402597402597
"SMC04682 2011-07-25",0.276699029126214,103,0.31097691847238,0.339285714285714,84,0.31201554531201,81.5533980582524,0.970873786407767,1.19047619047619,11.7647058823529,14.7058823529412,0,12.1212121212121,13.4020618556701
"SMC04748 2009-07-02",0.338942307692308,104,0.337606993523796,0.457792207792208,77,0.315192603509193,74.0384615384615,0.961538461538462,1.2987012987013,43.8095238095238,35.2380952380952,0,43.8095238095238,45.1923076923077
"SMC04749 2009-06-23",0.191176470588235,85,0.119815450994097,0.257936507936508,63,0.0441828579428256,74.1176470588235,0,0,38.0952380952381,20.952380952381,9.52380952380952,43.8095238095238,44.2307692307692
"SMC04756 2010-07-07",0.0238095238095238,105,0.0737378536592371,0.25,10,0,9.52380952380952,0,0,1.9047619047619,9.52380952380952,0.952380952380952,2.85714285714286,2.85714285714286
"SMC04795 2011-07-14",0.0346534653465347,101,0.127621035542231,0.5,7,0,6.93069306930693,0,0,3.88349514563107,0,0,3.96039603960396,4.04040404040404
"SMC04932 2010-07-12",0.113095238095238,84,0.183690259138454,0.365384615384615,26,0.127097781860449,30.952380952381,0,0,6.73076923076923,15.2380952380952,10.5769230769231,16.3461538461538,16.504854368932
"SMC05109 2009-06-23",0.0833333333333333,105,0.118416366678918,0.25,35,0,33.3333333333333,0,0,43.8095238095238,57.1428571428571,34.2857142857143,63.8095238095238,63.8095238095238
"SMC05199 2011-07-06",0,103,0,0,0,NA,0,0,0,46.6019417475728,0.970873786407767,0.970873786407767,48.0392156862745,49.4949494949495
"SMC05243 2010-06-10",0.0140449438202247,89,0.06908030736896,0.3125,4,0.125,4.49438202247191,0,0,4.04040404040404,9.09090909090909,7.07070707070707,11.7021276595745,12.3595505617978
"SMC05402 2011-07-28",0.55050505050505,99,1.39193183457994,0.736486486486487,74,1.56912193614767,74.7474747474748,7.07070707070707,9.45945945945946,11.8811881188119,34.6534653465347,0,12.2448979591837,20.4301075268817
"SMC05407 2011-07-21",0.00265957446808511,94,0.0257855311564698,0.25,1,NA,1.06382978723404,0,0,30.5263157894737,0,0,32.5842696629214,38.1578947368421
"SMC05524 2011-06-30",0.0238095238095238,105,0.0737378536592371,0.25,10,0,9.52380952380952,0,0,26.6666666666667,18.0952380952381,8.57142857142857,32.3809523809524,32.3809523809524
"SMC05702 2010-06-07",2.18157894736842,95,1.18245265821249,2.18157894736842,95,1.18245265821249,100,67.3684210526316,67.3684210526316,7.36842105263158,0,0,8.13953488372093,84.8101265822785
"SMC05759 2010-06-21",0.0380952380952381,105,0.118994951719804,0.363636363636364,11,0.130558241966773,10.4761904761905,0,0,62.8571428571429,15.2380952380952,5.71428571428571,64.7619047619048,64.7619047619048
"SMC06019 2010-06-17",0.0504807692307692,104,0.100844779386439,0.25,21,0,20.1923076923077,0,0,14.4230769230769,0,36.5384615384615,45.6310679611651,46.078431372549
"SMC06216 2009-05-26",0.00245098039215686,102,0.0247536885744169,0.25,1,NA,0.980392156862745,0,0,45.0980392156863,0,11.7647058823529,50,52.0833333333333
"SMC06458 2010-06-06",0.514285714285714,105,0.249587571894027,0.514285714285714,105,0.249587571894027,100,0.952380952380952,0.952380952380952,83.8095238095238,92.3809523809524,10.4761904761905,86.6666666666667,87.6190476190476
"SMC06467 2010-06-28",0.0214285714285714,105,0.0703210846407743,0.25,9,0,8.57142857142857,0,0,12.3809523809524,3.80952380952381,25.7142857142857,35.2380952380952,35.2380952380952
"SMC06653 2010-07-01",0.137019230769231,104,0.516569866340511,0.95,15,1.06569896580333,14.4230769230769,2.88461538461538,20,20,13.3333333333333,0,20,21.9047619047619
"SMC06714 2010-06-06",0.509523809523809,105,0.252210919639392,0.509523809523809,105,0.252210919639392,100,0.952380952380952,0.952380952380952,3.80952380952381,23.8095238095238,84.7619047619048,85.7142857142857,85.7142857142857
"SMC06863 2011-07-21",0,103,0,0,0,NA,0,0,0,28.1553398058252,0,0.970873786407767,29.7029702970297,30
"SMC06926 2009-07-01",0.364077669902913,103,0.294510018116512,0.375,100,0.291937104060571,97.0873786407767,0.970873786407767,1,10.4761904761905,2.85714285714286,0,10.4761904761905,11.5384615384615
"SMC08150 2010-06-03",0.394230769230769,104,0.15061487121932,0.418367346938776,98,0.117838731993505,94.2307692307692,0,0,40.9523809523809,1.9047619047619,24.7619047619048,54.2857142857143,54.2857142857143
"SMC08335 2010-07-07",0.0119047619047619,84,0.0535594746655403,0.25,4,0,4.76190476190476,0,0,25,6.45161290322581,0,27.710843373494,32.3943661971831
"SMC08426 2010-06-08",0.864077669902913,103,0.886152110269842,0.864077669902913,103,0.886152110269842,100,14.5631067961165,14.5631067961165,16.1904761904762,30.4761904761905,3.80952380952381,20,32.0388349514563
"SMC08845 2009-06-22",0.25,7,0,0.25,7,0,100,0,0,25.9615384615385,25,3.84615384615385,28.8461538461538,28.8461538461538
"SMC09162 2011-08-01",1.0171568627451,102,1.08103578626707,1.0479797979798,99,1.08248861029779,97.0588235294118,22.5490196078431,23.2323232323232,18.0952380952381,35.2380952380952,0,18.0952380952381,36.1904761904762
"SMC09286 2010-06-09",0.505494505494505,91,0.394366619435558,0.522727272727273,88,0.389584887457156,96.7032967032967,2.1978021978022,2.27272727272727,12.3809523809524,50.4761904761905,0,12.3809523809524,14.2857142857143
"SMC09534 2009-06-17",1.9952380952381,105,1.2374276165607,2.01442307692308,104,1.22762840818731,99.0476190476191,60,60.5769230769231,97.1428571428571,0,0,97.1428571428571,98.0952380952381
"SMC09564 2010-06-01",0.0863095238095238,84,0.157608480613247,0.329545454545455,22,0.119182823655699,26.1904761904762,0,0,20.4819277108434,5.76923076923077,20.4819277108434,41.8918918918919,57.4074074074074
"SMC09591 2010-06-03",0.242857142857143,105,0.507701673240289,0.472222222222222,54,0.628840402305964,51.4285714285714,2.85714285714286,5.55555555555556,6.66666666666667,2.85714285714286,0,6.66666666666667,9.52380952380952
"SMC09698 2010-06-09",0.154761904761905,105,0.160306768644559,0.290178571428571,56,0.0926477409120368,53.3333333333333,0,0,0,12.3809523809524,0,0,0
"SMC10146 2011-06-28",0.0404040404040404,99,0.092492903113513,0.25,16,0,16.1616161616162,0,0,16,22,3,19,19.1919191919192
"SMC10189 2010-06-24",0.00238095238095238,105,0.0243975018237133,0.25,1,NA,0.952380952380952,0,0,0,27.6190476190476,0.952380952380952,0.952380952380952,0.952380952380952
"SMC10685 2010-07-01",0.0985576923076923,104,0.331256561083161,0.569444444444444,18,0.617189762240414,17.3076923076923,0.961538461538462,5.55555555555556,2.9126213592233,20.952380952381,0,2.97029702970297,4
"SMC11394 2011-06-30",0.115384615384615,104,0.147483242931127,0.27906976744186,43,0.081088251556072,41.3461538461538,0,0,11.4285714285714,7.61904761904762,0.952380952380952,12.3809523809524,12.5
"SMC11581 2009-06-29",0.507142857142857,105,0.687681045093014,0.560526315789474,95,0.702120448569981,90.4761904761905,6.66666666666667,7.36842105263158,46.6666666666667,0,0,46.6666666666667,52.3809523809524
"SMC11727 2010-06-09",0.103260869565217,92,0.178332377020386,0.365384615384615,26,0.127097781860449,28.2608695652174,0,0,32.6315789473684,10.4761904761905,2.10526315789474,37.5,43.421052631579
"SMC12862 2011-06-27",0,105,0,0,0,NA,0,0,0,70.4761904761905,0,0,70.4761904761905,70.4761904761905
"SMC15677 2009-06-29",1.09285714285714,105,1.27487609826762,1.23387096774194,93,1.28896152357495,88.5714285714286,30.4761904761905,34.4086021505376,54.2857142857143,0,0,54.2857142857143,67.6190476190476
"SMC16266 2011-08-01",1.53865979381443,97,1.25951596925332,1.57105263157895,95,1.25247794704687,97.9381443298969,42.2680412371134,43.1578947368421,0,3.03030303030303,0,0,47.1264367816092
"SMC16832 2010-06-18",0,105,0,0,0,NA,0,0,0,60,0,100,100,100
"SMC16980 2011-07-06",0,102,0,0,0,NA,0,0,0,46.078431372549,5.88235294117647,0.980392156862745,47.5247524752475,49.4845360824742
"SMC17056 2009-07-02",0.473039215686274,102,0.463930238046235,0.49234693877551,98,0.463144343068449,96.078431372549,2.94117647058824,3.06122448979592,40,53.3333333333333,0,40,44.1176470588235
"SMC20032 2010-06-18",0,105,0,0,0,NA,0,0,0,60,0,98.0952380952381,98.0952380952381,98.0952380952381
"SMC21822 2010-06-21",0,76,0,0,0,NA,0,0,0,43.4782608695652,4.34782608695652,1.08695652173913,47.6744186046512,56.9444444444444
"SMC24222 2010-06-21",0,98,0,0,0,NA,0,0,0,57.1428571428571,0.952380952380952,0,57.1428571428571,57.1428571428571
"SMC25288 2011-06-30",0.141826923076923,104,0.423468719224117,0.433823529411765,34,0.655133642188035,32.6923076923077,1.92307692307692,5.88235294117647,3.84615384615385,0,0,3.88349514563107,5.88235294117647
"SMC26288 2009-05-12",0.0119047619047619,105,0.0534950615638641,0.25,5,0,4.76190476190476,0,0,43.8095238095238,0.952380952380952,0.952380952380952,43.8095238095238,43.8095238095238
"SMC26909 2010-05-31",0.019047619047619,105,0.0961721594282059,0.5,4,0,3.80952380952381,0,0,14.2857142857143,40,0,14.2857142857143,14.2857142857143
"SMC27709 2010-05-31",0.00476190476190476,105,0.0487950036474267,0.5,1,NA,0.952380952380952,0,0,0,29.5238095238095,0.952380952380952,0.952380952380952,0.952380952380952
"SMC32718 2010-06-03",0.379807692307692,104,0.287229757393775,0.379807692307692,104,0.287229757393775,100,0.961538461538462,0.961538461538462,5.76923076923077,53.3333333333333,1.92307692307692,7.76699029126214,8.82352941176471
"SMC32897 2010-06-21",0.336309523809524,84,0.519925341632873,0.357594936708861,79,0.529095055174334,94.0476190476191,3.57142857142857,3.79746835443038,42.8571428571429,20.952380952381,0,42.8571428571429,43.8095238095238
"SMC34888 2010-06-24",0.0166666666666667,105,0.0716114874039433,0.291666666666667,6,0.102062072615966,5.71428571428571,0,0,32.3809523809524,8.57142857142857,0,32.3809523809524,32.3809523809524
"SMC35697 2010-06-10",0.076530612244898,98,0.162170217566607,0.375,20,0.128247294010644,20.4081632653061,0,0,66.6666666666667,5.8252427184466,18.6274509803922,73.5294117647059,80.6451612903226
"SMCR8_124 2009-06-24",0.554761904761905,105,2.76894283327038,1.49358974358974,39,4.42090100793914,37.1428571428571,4.76190476190476,12.8205128205128,0,31.7307692307692,0,0,4.76190476190476
"SMCR8_184 2009-07-07",0.288690476190476,84,0.16231591806598,0.336805555555556,72,0.119857032074531,85.7142857142857,0,0,38.2352941176471,15.5339805825243,0,38.2352941176471,40.625
"SMCR8_218 2009-06-23",1.87380952380952,105,5.395212867575,3.45175438596491,57,6.96522590209161,54.2857142857143,12.3809523809524,22.8070175438596,1.9047619047619,7.69230769230769,0,1.9047619047619,14.2857142857143
"SMCR8_219 2009-07-06",0.196875,80,0.136024883706408,0.271551724137931,58,0.0707801569015659,72.5,0,0,4.76190476190476,1.9047619047619,0,4.76190476190476,5.05050505050505
"SMCR8_327 2009-06-28",0,105,0,0,0,NA,0,0,0,NA,NA,NA,NA,NA
"SMCR8_474 2009-07-05",0.236702127659574,94,0.157120516020551,0.304794520547945,73,0.104138123943383,77.6595744680851,0,0,1.9047619047619,0,0,1.9047619047619,2.10526315789474
"SMCR8_513 2009-06-22",0.0946601941747573,103,0.144831311842978,0.286764705882353,34,0.0898726569883927,33.0097087378641,0,0,0,10.4761904761905,0,0,0
"SMCR8_572 2009-06-30",2.93556701030928,97,6.50813576883327,3.74671052631579,76,7.15093157346797,78.3505154639175,17.5257731958763,22.3684210526316,59.6153846153846,75,0,59.6153846153846,72.1649484536082
"SMCR8_600 2009-06-28",1.88563829787234,94,3.44497157580253,2.60661764705882,68,3.81652831627615,72.3404255319149,29.7872340425532,41.1764705882353,0,3.80952380952381,0,0,29.7872340425532
"SMCR8_601 2009-06-24",1.05238095238095,105,1.53512372578885,1.07281553398058,103,1.54294372171631,98.0952380952381,20.952380952381,21.3592233009709,0,0,0,0,20.952380952381
"SMCR8_605 2009-07-01",0.183139534883721,86,0.173308712166245,0.308823529411765,51,0.107100832094312,59.3023255813954,0,0,3.92156862745098,51.4285714285714,0,3.92156862745098,4
"SMCR8_613 2009-06-29",1.63095238095238,105,3.75097667379124,3.00438596491228,57,4.68291233313197,54.2857142857143,28.5714285714286,52.6315789473684,4.76190476190476,3.80952380952381,0,4.76190476190476,31.4285714285714
"SMCR8_688 2009-07-01",0.140625,96,0.157331781511824,0.287234042553192,47,0.0899686449646807,48.9583333333333,0,0,0,0,0,0,0
"VA_RC 2010-06-02",0.0247524752475248,101,0.0968565336919089,0.357142857142857,7,0.133630620956212,6.93069306930693,0,0,25.7425742574257,5.71428571428571,23.7623762376238,47.4747474747475,50
