"","XBKF_H.result","XBKF_H.count","XBKF_H.sd","XKBF_W.result","XKBF_W.count","XKBF_W.sd","XWDEPTH.result","XWDEPTH.count","XWDEPTH.sd","XWIDTH.result","XWIDTH.count","XWIDTH.sd","XWDR.result","XWDR.count","XWDA.result","XWDA.count","XWDM.result","XWDM.count"
"102PS0139 2010-07-15",0,1,NA,-30,1,NA,NA,0,NA,25,1,NA,NA,1,NA,0,NA,0
"202PES162 2010-07-20",NA,0,NA,NA,0,NA,NA,0,NA,0,1,NA,NA,1,NA,0,NA,0
"403S00640 2009-06-11",1.35454545454545,11,0.0522232967867093,13.6545454545455,11,4.83701636060157,6.18095238095238,105,9.16701964022381,3.45,21,1.26095202129185,55.8166409861325,21,0.179158040027605,105,15.2857142857143,21
"403S00772 2009-05-20",1.13636363636364,11,0.156669890360128,39.6181818181818,11,2.56975414458978,14.352380952381,105,21.8350375421904,13.4619047619048,21,1.99911885351427,93.7956204379562,21,0.106614785992218,105,34.3809523809524,21
"403S01163 2009-06-08",1.31818181818182,11,0.125045446283996,45.6363636363636,11,4.88411153174715,16.5428571428571,105,19.9971289148009,8.56285714285714,21,2.86153305564892,51.7616580310881,21,0.193193193193193,105,40.5714285714286,21
"403S01195 2009-06-10",1.90909090909091,11,0.0301511344577764,61.9090909090909,11,9.06040336248387,15.8952380952381,105,20.7364060241531,9.36190476190476,21,2.20101708091423,58.8975434391851,21,0.169786368260427,105,37.5714285714286,21
"403S01272 2009-06-09",1.06363636363636,11,0.0504524979109513,37.2727272727273,11,1.61807966991178,8.7047619047619,105,8.350407416965,4.63857142857143,21,0.639877220365639,53.2877461706783,21,0.187660404475926,105,19.1428571428571,21
"403S01784 2009-06-09",1,11,0,55,11,0,10.752380952381,105,9.23182304729444,19.5809523809524,21,3.18239203235853,182.108060230292,21,0.0549124513618677,105,22.2857142857143,21
"403S03832 2009-06-08",0.7,11,0,44,11,0,4.36190476190476,105,5.28991022448871,6.00238095238095,21,3.03967416800207,137.609170305677,21,0.0726695755652519,105,11.3333333333333,21
"403S14156 2009-06-09",1,11,0,39.7272727272727,11,1.34839972492648,9.87619047619048,105,9.48449670017749,4.35952380952381,21,1.3158285457858,44.1417550626808,21,0.226542872747133,105,21.047619047619,21
"404S02920 2009-05-12",0.581818181818182,11,0.0337099931231621,11.6,11,3.11319771296331,16.5904761904762,105,28.7354294978326,5.30952380952381,21,2.63323085997122,32.0034443168772,21,0.312466367713005,105,43.8571428571429,21
"404S03048 2009-05-13",0.34,11,0.0426614580154031,5.46363636363636,11,1.98960937235063,11.5904761904762,105,15.2981240919467,2.58095238095238,21,1.15795900083684,22.2678718159408,21,0.449077490774908,105,25.6190476190476,21
"404S05992 2009-05-12",5.37818181818182,11,14.847572743167,12.6727272727273,11,4.61434522095842,23.0952380952381,105,29.7568750328661,4.09047619047619,21,2.22168961871472,17.7113402061856,21,0.564610011641443,105,48.2857142857143,21
"404S06456 2009-05-14",0.495454545454545,11,0.0269679944985297,8.94545454545455,11,1.73226074039888,11.4380952380952,105,19.2038276480757,5.09047619047619,21,1.50363052705934,44.5045795170691,21,0.224695977549111,105,31.8571428571429,21
"404S08040 2009-05-12",0.3,11,0,9.32727272727273,11,0.572871554697751,0.638095238095238,105,0.622090296497492,3.23571428571429,21,0.657864510583839,507.089552238806,21,0.0197203826342899,105,1.33333333333333,21
"404S08616 2009-05-13",0.245454545454545,11,0.0150755672288882,24.6818181818182,11,2.83613052655134,24.6285714285714,105,28.9486472192428,17.3333333333333,21,7.79335186767115,70.3789636504254,21,0.142087912087912,105,66.9047619047619,21
"404S11406 2009-05-11",1.14545454545455,11,0.103572548135463,19.5636363636364,11,5.00085447244223,21.447619047619,105,24.1951127266124,10.9190476190476,21,4.18409118538531,50.9103019538188,21,0.196423898822503,105,49.1904761904762,21
"404S16516 2009-05-18",0.613636363636364,11,0.0323334895341432,9.4,11,1.30076900332073,26.3640952380952,105,33.105401827846,5.48333333333333,21,1.67958725088438,20.7984885648953,21,0.480804168475901,105,57.0952380952381,21
"404S17266 2009-05-19",14.6636363636364,11,24.2818665974127,7.15454545454546,11,1.52863575541307,12.7809523809524,105,14.1251146709988,4.26190476190476,21,1.2662844034719,33.3457526080477,21,0.299888268156425,105,28.3809523809524,21
"404S17664 2009-05-20",0.509090909090909,11,0.0301511344577764,6.5,11,0,11.9142857142857,105,15.612565381839,5.61428571428571,21,0.035856858280032,47.1223021582734,21,0.212213740458015,105,35.6190476190476,21
"404S22464 2009-05-19",0.591818181818182,11,0.126634764722661,7.14545454545454,11,2.46915517388585,22.3428571428571,105,26.9960212778692,4.48333333333333,21,1.19627895297599,20.0660699062234,21,0.498353690918747,105,38.5238095238095,21
"901S00313 2009-04-30",0.418181818181818,11,0.0404519917477945,6.95454545454545,11,2.46510187877241,7.4,105,9.68603276730111,3.18571428571429,21,1.4873754449653,43.0501930501931,21,0.232286995515695,105,19.8095238095238,21
"901S00469 2009-05-13",0.5,11,0,8.81818181818182,11,2.78633026822672,12.12,100,19.6207888102225,2.655,20,1.72275024918084,21.9059405940594,20,0.456497175141243,100,26.25,20
"901S00531 2009-05-07",0.4,11,0,2,11,0,6.34285714285714,105,5.69045856511746,1.3,21,0,20.4954954954955,21,0.487912087912088,105,13.952380952381,21
"901S00997 2009-05-14",0.790909090909091,11,0.0301511344577764,12.1454545454545,11,2.68714109654243,20.1057692307692,104,26.2345352575425,8.09047619047619,21,0.855514325949462,40.2395755049987,21,0.248511567890614,104,38.2,20
"901S01705 2009-05-14",0.418181818181818,11,0.0404519917477945,6.60909090909091,11,3.60179248304356,5.45714285714286,105,6.64198269087884,2.12380952380952,21,1.13705970023775,38.9179755671902,21,0.25695067264574,105,13.2380952380952,21
"901S01811 2009-05-07",1.5,11,0,27.0454545454545,11,6.78400525299968,32.7428571428571,105,40.4427488440874,5.57142857142857,21,2.22870878697574,17.0157068062827,21,0.587692307692308,105,65.3809523809524,21
"901S06030 2009-04-30",0.8,10,0,30,11,0,8.24761904761905,105,16.8538861943909,3.28095238095238,21,2.73872580730877,39.7806004618938,21,0.251378809869376,105,19.1428571428571,21
"901SJMS1x 2008-04-23",0.205454545454545,11,0.0636181792200368,8.64,11,2.27195510519024,4.27619047619048,105,4.65542536702989,4.7152380952381,21,1.54176722966737,110.267260579065,21,0.0906887497475257,105,10.5238095238095,21
"901SJMS1x 2008-05-13",NA,0,NA,NA,0,NA,4.44761904761905,105,4.76057719589707,4.217,10,1.42967012512211,94.8147751605996,10,0.105468794110008,105,10.2857142857143,21
"901SJMS1x 2008-06-02",NA,0,NA,NA,0,NA,2.3952380952381,105,3.49153869960545,3.397,10,0.895396249961124,141.823061630219,10,0.0705103943255253,105,7,21
"901SJMS1x 2008-06-25",NA,0,NA,NA,0,NA,1.91111111111111,45,2.53675008822332,2.4525,4,1.0340656007559,128.328488372093,4,0.0779250198210443,45,5.33333333333333,9
"901SJMS1x 2008-07-03",NA,0,NA,NA,0,NA,1.78333333333333,30,2.65448005602153,2.48,3,1.10990990625366,139.065420560748,3,0.0719086021505376,30,5.41666666666667,6
"901SJOF1x 2008-04-28",0.327,10,0.141425284553757,4.479,10,1.49509903053648,4.78,100,6.52397288638006,2.1155,20,0.943071549442788,44.2573221757322,20,0.225951311746632,100,10.9,20
"901SJOF1x 2008-05-16",NA,0,NA,NA,0,NA,5.03333333333333,105,5.47383051553668,2.27,10,0.758111689220878,45.0993377483444,10,0.221732745961821,105,11.5238095238095,21
"901SJOF1x 2008-06-05",NA,0,NA,NA,0,NA,5.28,100,6.27256331215959,2.315,10,0.884536915880595,43.844696969697,10,0.228077753779698,100,12.5,20
"901SJOF1x 2008-06-25",NA,0,NA,NA,0,NA,3.53333333333333,90,4.41766118405188,1.12,10,0.871601335983883,31.6981132075472,10,0.31547619047619,90,7.69444444444444,18
"901SJOF1x 2008-07-03",NA,0,NA,NA,0,NA,3.3,25,5.44479874130654,1.03333333333333,3,1.23540816467001,31.3131313131313,3,0.319354838709677,25,7.2,5
"901TCSMP1 2010-04-05",0.21,4,0.0316227766016838,5.7475,4,0.890669224048224,3.94736842105263,38,4.13911707794329,4.02125,8,0.73726206815681,101.871666666667,8,0.0981627210706281,38,8.85714285714286,7
"901TCSMP1 2010-05-05",0.284545454545455,11,0.0950119609695154,5.92545454545454,11,2.08706187563457,2.1047619047619,105,2.67079579585377,2.96,20,0.525216747237697,140.633484162896,20,0.0711068211068211,105,5.57142857142857,21
"901TCSMP1 2010-05-25",NA,0,NA,NA,0,NA,3.23417721518987,79,8.00153648828276,2.579375,16,0.52393980252188,79.7536692759295,16,0.125386080550128,79,9.86666666666667,15
"902S00565 2009-04-27",0.590909090909091,11,0.0539359889970594,13.5545454545455,11,4.38482921819394,23.1809523809524,105,23.4577283281016,6.02857142857143,21,1.6146649364939,26.0065735414955,21,0.384518167456556,105,50.5238095238095,21
"902S01097 2009-05-11",0.5,11,0,4.77272727272727,11,1.89794146858691,5.58095238095238,105,5.94490886321577,1.81428571428571,21,0.694467936110599,32.5085324232082,21,0.30761154855643,105,11.0952380952381,21
"902SMAS1x 2008-04-02",NA,0,NA,NA,0,NA,3.51428571428571,105,4.06347304492268,3.575,10,1.2765513437905,101.727642276423,10,0.0983016983016983,105,9.28571428571429,21
"902SMAS1x 2008-04-08",0.248,10,0.0461398839279954,7.95,10,1.0373577546397,2.925,100,4.39373693368461,4.29,20,1.16162318376168,146.666666666667,20,0.0681818181818182,100,9.75,20
"902SMAS1x 2008-05-12",NA,0,NA,NA,0,NA,2.305,100,2.78786602434496,2.429,10,0.999404822882099,105.379609544469,10,0.0948950185261425,100,6.4,20
"902SMAS1x 2008-06-02",NA,0,NA,NA,0,NA,1.51666666666667,30,1.85455326590852,0.763333333333333,3,0.0351188458428425,50.3296703296703,3,0.198689956331878,30,3.58333333333333,6
"903ACPCT1 2010-05-11",0.225,10,0.0811377429642539,5.265,10,0.984877318925222,3.52,100,4.03139196954615,3.6435,20,0.9607906557677,103.508522727273,20,0.0966104020859064,100,7.9,20
"903ACPCT1 2010-05-25",NA,0,NA,NA,0,NA,4.06190476190476,105,4.35321236277968,3.24952380952381,21,1.01261283909733,80,21,0.125,105,9.45238095238095,21
"903ACPCT1 2010-06-15",NA,0,NA,NA,0,NA,4.225,120,4.50109697180363,2.65583333333333,24,1.16602974332512,62.8599605522682,24,0.159083777847505,120,9.90476190476191,21
"903ACPCT1 2010-06-30",NA,0,NA,NA,0,NA,3.14166666666667,120,3.20790995423965,2.42416666666667,24,1.1906188258237,77.1618037135279,24,0.129597799931248,120,7.09523809523809,21
"903ACPCT1 2010-07-13",NA,0,NA,NA,0,NA,1.49333333333333,75,1.36928994553928,0.514666666666667,15,0.374697338178556,34.4642857142857,15,0.290155440414508,75,3,12
"903CVPCT1 2010-05-10",0.174,10,0.0397771570404701,1.668,10,0.626326148619427,5.32,100,5.08092093775898,1.217,20,0.55483615409843,22.8759398496241,20,0.437140509449466,100,10.75,20
"903CVPCT1 2010-06-01",NA,0,NA,NA,0,NA,5.78095238095238,105,5.21827585802082,1.11904761904762,21,0.565198237452177,19.3574958813839,21,0.516595744680851,105,11.6666666666667,21
"903CVPCT1 2010-06-15",NA,0,NA,NA,0,NA,5.29166666666667,120,4.00293134886841,0.995416666666667,24,0.483923989420066,18.8110236220472,24,0.531603181247384,120,9.90476190476191,21
"903CVPCT1 2010-06-30",NA,0,NA,NA,0,NA,3.85,120,2.81845657745362,0.837083333333333,24,0.361030881091146,21.7424242424242,24,0.45993031358885,120,7.04761904761905,21
"903CVPCT1 2010-07-13",NA,0,NA,NA,0,NA,NA,0,NA,NA,0,NA,NA,0,NA,0,NA,0
"904S00537 2009-05-04",0.363636363636364,11,0.0674199862463242,10.1545454545455,11,13.7580059337364,22.7809523809524,105,26.1993030413689,4.90476190476191,21,2.6796410562753,21.5301003344482,21,0.464466019417476,105,45.3809523809524,21
"905DGCC1 2010-05-12",0.229,10,0.0610009107400136,4.057,10,1.71914739850246,6.27,100,6.60556086516765,1.95315789473684,19,0.950064633073742,31.1508436162176,19,0.321018593371059,100,13.6,20
"905DGCC1 2010-06-02",NA,0,NA,NA,0,NA,4.56666666666667,105,7.55590276979969,1.63,21,0.747897051739075,35.6934306569343,21,0.280163599182004,105,10.2857142857143,21
"905DGCC1 2010-06-16",NA,0,NA,NA,0,NA,4.41666666666667,120,5.78549814584001,0.942083333333333,24,0.730008809754266,21.3301886792453,24,0.468819106590004,120,9.38095238095238,21
"905DGCC1 2010-06-29",NA,0,NA,NA,0,NA,3.2,105,5.1373444202533,1.03714285714286,21,0.728856246849424,32.4107142857143,21,0.308539944903581,105,7.55555555555556,18
"905DGCC1 2010-07-13",NA,0,NA,NA,0,NA,NA,0,NA,NA,0,NA,NA,0,NA,0,NA,0
"905DGSY1x 2008-04-10",0.296,10,0.070742098106039,5.535,10,4.5761173498939,8.57,100,9.03780499855574,3.843,20,2.95711826294665,44.8424737456243,20,0.223002862347125,100,17.8,20
"905DGSY1x 2008-04-24",NA,0,NA,NA,0,NA,9.03333333333333,105,9.41925877643437,3.042,10,0.863221356959564,33.6752767527675,10,0.29695375849222,105,18.952380952381,21
"905DGSY1x 2008-05-14",NA,0,NA,NA,0,NA,7.20952380952381,105,7.94778057807437,2.729,10,0.800103465531525,37.8527080581242,10,0.264181891151477,105,15.4285714285714,21
"905DGSY1x 2008-06-03",NA,0,NA,NA,0,NA,6.81730769230769,104,7.21145855071484,2.661,10,0.659502337625374,39.0330042313117,10,0.256193449541815,104,14.2,20
"905DGSY1x 2008-06-24",NA,0,NA,NA,0,NA,7.05714285714286,105,8.55168513693755,1.939,10,0.50847156590446,27.4757085020243,10,0.363957857511235,105,14.2857142857143,21
"905DGSY1x 2008-07-02",NA,0,NA,NA,0,NA,4.37142857142857,105,6.00241480709918,1.705,10,0.824017934001169,39.0032679738562,10,0.256388772517805,105,10.1904761904762,21
"905DGSY1x 2008-07-09",NA,0,NA,NA,0,NA,4.95263157894737,95,7.1708161811085,1.12222222222222,9,0.529239496300535,22.6591096941788,9,0.441323606044815,95,10.1578947368421,19
"905DGSY1x 2008-07-16",NA,0,NA,NA,0,NA,6.27142857142857,35,9.76288203074371,0.836666666666667,3,0.501231815962767,13.3409263477601,3,0.749573136027319,35,12.9285714285714,7
"905DGSY1x 2010-05-03",0.245,10,0.0646786930397742,5.258,10,1.30603556187758,9.92,100,10.9523116880927,2.8845,20,0.718078393316056,29.0776209677419,20,0.343907089616918,100,22.2,20
"905DGSY1x 2010-06-01",NA,0,NA,NA,0,NA,10.847619047619,105,10.5345411279541,2.85857142857143,21,0.575884413005646,26.352063213345,21,0.379476928202565,105,21.9047619047619,21
"905DGSY1x 2010-06-14",NA,0,NA,NA,0,NA,8.71428571428571,105,8.20027472067281,2.82333333333333,21,0.701885555723533,32.3989071038251,21,0.308652386574464,105,17.2380952380952,21
"905DGSY1x 2010-06-29",NA,0,NA,NA,0,NA,8.54807692307692,104,9.83443505091799,2.59095238095238,21,0.76081472621069,30.310354062885,21,0.329920263526218,104,18.8,20
"905DGSY1x 2010-07-20",NA,0,NA,NA,0,NA,7.82857142857143,105,9.08978414618168,2.38,21,0.890887198246781,30.4014598540146,21,0.328931572629052,105,16.8095238095238,21
"905DGSY1x 2010-08-19",NA,0,NA,NA,0,NA,6.93333333333333,105,7.01271738545089,2.10190476190476,21,0.837923737864127,30.3159340659341,21,0.329859537834164,105,13.6190476190476,21
"905DGSY1x 2010-09-15",NA,0,NA,NA,0,NA,5.18095238095238,105,6.19053395295677,1.966,10,0.69917729431732,37.9466911764706,10,0.263527588044373,105,11.4285714285714,21
"905DGUT1 2010-05-13",0.271,10,0.0715619389837301,6.076,10,2.49409613999853,9.33,100,12.1398043017525,3.77421052631579,19,1.62480876067675,40.4524172166751,19,0.247204016176266,100,21.85,20
"905DGUT1 2010-06-02",NA,0,NA,NA,0,NA,7.78095238095238,105,14.217392485412,4.12619047619048,21,2.35783900254126,53.0293757649939,21,0.188574725908829,105,21.4761904761905,21
"905DGUT1 2010-06-16",NA,0,NA,NA,0,NA,7.49166666666667,120,11.1611539969403,3.30375,24,2.91654174680726,44.098998887653,24,0.226762517341405,120,16.9047619047619,21
"905DGUT1 2010-06-29",NA,0,NA,NA,0,NA,5.76,100,8.37277936789417,2.47315789473684,19,2.28861445865198,42.9367690058479,19,0.232900617152586,100,16.4117647058824,17
"905DGUT1 2010-07-13",NA,0,NA,NA,0,NA,6.23333333333333,60,6.79323358930562,1.8075,12,0.897249585222427,28.9973262032086,12,0.344859382203781,60,13.6666666666667,12
"905S01953 2009-04-29",0.427272727272727,11,0.0467099366496914,9.59090909090909,11,4.02354434434481,3.6,120,4.61346221545656,1.72916666666667,24,1.07115507206277,48.0324074074074,24,0.208192771084337,120,8.85714285714286,21
"907S00577 2009-05-12",0.41,10,0.0567646212197547,4.4,11,1.78044938147649,10.7428571428571,105,17.8885591776015,2.13809523809524,21,1.10339303535784,19.9024822695035,21,0.502449888641425,105,22.952380952381,21
"907S01418 2009-05-12",0.381818181818182,11,0.0603022689155527,7.46363636363636,11,2.68599059092646,11.9166666666667,120,11.9012627910827,2.61666666666667,24,1.5023652849009,21.958041958042,24,0.455414012738853,120,24.3333333333333,21
"907S01434 2009-05-13",0.4,11,0,3.90909090909091,11,1.09128781304892,4.025,120,4.76588454142407,1.25,24,0.664634584139874,31.055900621118,24,0.322,120,8.14285714285714,21
"907SRSD1x 2008-04-11",4.153,10,12.2441478538389,2.555,10,0.820206613536424,3.735,100,4.26487592629219,0.8695,20,0.332304156807553,23.2797858099063,20,0.429557216791259,100,8.25,20
"907SRSD1x 2008-07-02",NA,0,NA,NA,0,NA,1.95384615384615,65,2.06670608419812,0.504,5,0.413557734784395,25.7952755905512,5,0.387667887667888,65,4.19230769230769,13
"907SRSD1x 2008-07-09",NA,0,NA,NA,0,NA,1.4,30,1.87726874235803,0.32,3,0.190787840283389,22.8571428571429,3,0.4375,30,3.16666666666667,6
"907SRSD1x 2010-05-04",0.273,10,0.0498998997994986,2.207,10,0.771031776258281,4.02,100,6.60001530454301,0.9081,20,0.403125408200528,22.589552238806,20,0.442682523951107,100,9.7,20
"907SRSD1x 2010-06-01",NA,0,NA,NA,0,NA,3.34285714285714,105,3.69726658759958,0.741428571428571,21,0.382050856749278,22.1794871794872,21,0.450867052023121,105,6.66666666666667,21
"907SRSD1x 2010-06-15",NA,0,NA,NA,0,NA,3.35238095238095,105,3.47236605318708,0.640476190476191,21,0.448903956214202,19.1051136363636,21,0.523420074349442,105,6.38095238095238,21
"907SRSD1x 2010-06-29",NA,0,NA,NA,0,NA,2.15833333333333,120,2.33351840002373,0.594166666666667,24,0.357709095637012,27.5289575289575,24,0.363253856942497,120,4.95238095238095,21
"907SRSD1x 2010-07-13",NA,0,NA,NA,0,NA,2.41904761904762,105,2.97354021192608,0.549047619047619,21,0.318463573457072,22.6968503937008,21,0.440589765828274,105,5,21
"911NCPCR2 2010-04-28",0.709090909090909,11,1.31674944120326,3.59545454545455,11,0.968301230365465,15.6761904761905,105,15.5906130770158,2.71809523809524,21,0.816569770733763,17.3390036452005,21,0.576734407848634,105,32.7142857142857,21
"911NCPCR2 2010-05-24",NA,0,NA,NA,0,NA,11.9571428571429,105,12.8562904174067,2.47285714285714,21,0.857182260999041,20.6810035842294,21,0.483535528596187,105,26.5238095238095,21
"911NCPCR2 2010-06-14",NA,0,NA,NA,0,NA,10.5142857142857,105,12.7060814374262,2.29285714285714,21,0.69877852612357,21.8070652173913,21,0.458566978193146,105,22.5714285714286,21
"911NCPCR2 2010-06-30",NA,0,NA,NA,0,NA,8.2,105,10.3787875384956,2.14285714285714,21,0.843232725035876,26.1324041811847,21,0.382666666666667,105,18.047619047619,21
"911NCPCR2 2010-07-20",NA,0,NA,NA,0,NA,7.65714285714286,105,10.7335102253756,2.31238095238095,21,0.907534598579607,30.1990049751244,21,0.331136738056013,105,18.1428571428571,21
"911NCPCR2 2010-08-19",NA,0,NA,NA,0,NA,8.98095238095238,105,10.9772325155129,2.27428571428571,21,0.881524653248969,25.3234358430541,21,0.394891122278057,105,21.7619047619048,21
"911NCPCR2 2010-09-14",NA,0,NA,NA,0,NA,7.82857142857143,105,9.39359145585757,2.336,10,0.909800955032351,29.8394160583942,10,0.335127201565558,105,18.8095238095238,21
"911S00538 2009-05-05",0.5,11,0,12,11,5.63276131218073,15.9833333333333,120,21.8301246385973,3.97083333333333,24,2.63479710738824,24.8435870698644,24,0.402518363064008,120,35.8571428571429,21
"911S01818 2009-05-06",0.6,11,0,6.72727272727273,11,2.76010539983201,6.03809523809524,105,7.40831628530736,2.42857142857143,21,1.08818328288155,40.2208201892744,21,0.248627450980392,105,13,21
"911S02058 2009-05-05",0.5,11,0,9.27272727272727,11,2.73279743453148,19.5047619047619,105,28.5990598989937,4.23333333333333,21,2.08766216934956,21.7041015625,21,0.4607424071991,105,43.1428571428571,21
"911S03354 2009-05-05",0.2,10,0,4.81818181818182,11,2.22342896527781,10.7238095238095,105,13.1927247128099,3.27619047619048,21,1.48354466124373,30.550621669627,21,0.327325581395349,105,24.3333333333333,21
"911S04086 2009-05-06",0.2,11,0,9.90909090909091,11,4.1341152730553,8.73333333333333,105,16.7138051338192,2.90952380952381,21,0.812960492216419,33.3151581243184,21,0.300163666121113,105,22.4761904761905,21
"911TJPC2 2010-04-27",0.231,10,0.0595259047250299,6.656,10,2.02105143152986,14.6,100,16.5864737394996,4.7575,20,1.13940369907846,32.5856164383562,20,0.306883867577509,100,30.75,20
"911TJPC2 2010-05-24",NA,0,NA,NA,0,NA,13.7,105,14.5146808968872,3.72095238095238,21,1.00010451834748,27.1602363573166,21,0.368185308420783,105,28.3809523809524,21
"911TJPC2 2010-06-14",NA,0,NA,NA,0,NA,10.9916666666667,120,12.5178835656666,23.4470833333333,24,55.278853137223,213.316906747536,24,0.0468786096351714,120,24.9047619047619,21
"911TJPC2 2010-07-01",NA,0,NA,NA,0,NA,12.247619047619,105,12.7315333480277,3.02142857142857,21,1.34737257547527,24.6695178849145,21,0.405358550039401,105,23.6666666666667,21
"911TJPC2 2010-07-19",NA,0,NA,NA,0,NA,NA,0,NA,NA,0,NA,NA,0,NA,0,NA,0
"LALT-501 2009-06-22",0.809090909090909,11,0.0700649049745371,14.5454545454545,11,2.25227158058864,6.82857142857143,105,6.99925427738987,2.08571428571429,21,0.208052191254296,30.5439330543933,21,0.327397260273973,105,12.8372093023256,43
"LALT500 2009-06-22",0.65,11,0,31,11,0,0.766666666666667,105,0.874496191954882,1.61428571428571,21,1.21502498504587,210.55900621118,21,0.0474926253687316,105,1.3953488372093,43
"LALT500 2010-07-15",0.45,11,0,32,11,0,0.635833333333333,120,0.733220802417689,1.445,24,1.28761322845292,227.260812581914,24,0.044002306805075,120,1.5952380952381,21
"LALT501 2010-07-15",0.5,11,0,14.1363636363636,11,0.80903983495589,6.88571428571429,105,7.28448599859566,2.56095238095238,21,0.615385283882421,37.1922544951591,21,0.268873187058386,105,18.8095238095238,21
"LALT502 2009-06-22",1.08181818181818,11,0.36005050150828,13.0181818181818,11,0.0603022689155525,37.0476190476191,105,38.495099826117,6.31428571428571,21,1.79813395337659,17.0437017994859,21,0.586726998491705,105,59.7906976744186,43
"LALT502 2010-07-15",0.609090909090909,11,0.0202259958738973,27.0454545454545,11,3.96518943718043,30.1047619047619,105,37.474074066029,6.36190476190476,21,1.70835481984165,21.1325529895603,21,0.473203592814371,105,60.3333333333333,21
"LALT503 2010-07-15",1.22727272727273,11,0.0467099366496914,19.5454545454545,11,0.522232967867094,9.02857142857143,105,2.01655238376877,1.8,21,0,19.9367088607595,21,0.501587301587301,105,10.8571428571429,21
"LAR0052 2010-07-08",0.513636363636364,11,0.0595437196138648,16.4363636363636,11,4.24953473389093,8.54285714285714,105,9.44114213615942,7.6047619047619,21,3.11856957441648,89.0189520624303,21,0.112335629304947,105,22.5238095238095,21
"LAR0080 2010-07-08",0.363636363636364,11,0.0504524979109513,3.63636363636364,11,1.01712607603259,1.95,120,1.66450840649548,0.400416666666667,24,0.163267696069094,20.534188034188,24,0.486992715920916,120,3.14285714285714,21
"LAR0092 2010-07-27",0.563,10,0.125879130738799,7.6,10,2.49131825880731,9.23809523809524,105,8.67747283479095,2.3152380952381,21,0.718384430842004,25.0618556701031,21,0.399012751953928,105,19.7619047619048,21
"LB_RA 2010-05-26",1.5,11,0,51.2272727272727,11,1.6637853882583,15.2285714285714,105,12.6241961989795,5.05238095238095,21,0.174982992370823,33.17698561601,21,0.301413760603205,105,25.9047619047619,21
"LB_RA1 2010-05-26",1.5,11,0,52.0909090909091,11,1.33824851612437,18.2571428571429,105,15.0761072889858,5.42857142857143,21,0.152127765851133,29.7339593114241,21,0.336315789473684,105,31.047619047619,21
"LC_R31 2010-05-25",2.90909090909091,11,0.301511344577764,27.8181818181818,11,1.05528970602217,30.6571428571429,105,25.5300835258165,7.09523809523809,21,0.0920662287496913,23.1438334886611,21,0.432080536912752,105,58.0952380952381,21
"LC_R4 2010-05-25",3,11,0,31,11,0,25.9238095238095,105,21.4461289487508,6.38095238095238,21,0.15039630187956,24.6142542248347,21,0.406268656716418,105,47.0952380952381,21
"LC_R5 2010-05-25",2.5,11,0,24.1818181818182,11,0.404519917477945,26.6857142857143,105,22.1299980385632,6.72380952380952,21,0.189485518984333,25.1962883654532,21,0.396883852691218,105,48.4285714285714,21
"ME-CC 2010-07-12",0.645454545454545,11,0.0610513941468393,9.29090909090909,11,2.55673797854006,16.9142857142857,105,15.3898782207122,3.93095238095238,21,0.93999949341425,23.2404279279279,21,0.430284675953967,105,34.8095238095238,21
"ME-CC 2011-07-07",0.6,11,0,25,11,0,20.7142857142857,105,20.8929111486106,6.02904761904762,21,3.03006914898308,29.1057471264368,21,0.343574757128189,105,41.7142857142857,21
"ME-SCR 2011-07-13",0.581818181818182,11,0.051345531805247,90,11,0,6.4,120,6.79767632072494,64.125,24,7.17975717162344,1001.953125,24,0.00998050682261209,120,15.6190476190476,21
"ME-VR2 2010-07-07",0.335,10,0.0337474278855276,20.54,10,8.05070045261763,54.88,100,44.97345569524,12.252380952381,21,2.83595117158583,22.3257670415105,21,0.447912942090944,100,97.8888888888889,18
"ME-VR2 2011-07-06",0.554545454545455,11,0.0150755672288882,15.4363636363636,11,3.85675322707397,22.5809523809524,105,21.461853884536,12.0380952380952,21,3.20163648631074,53.3108393083087,21,0.187579113924051,105,43.0952380952381,21
"MO2_Mont 2010-06-30",0.528571428571429,7,0.0566946709513841,2.01428571428571,7,0.323669437485075,4.06153846153846,65,4.78237951716024,0.616923076923077,13,0.407111463348483,15.1893939393939,13,0.658354114713217,65,7.84615384615385,13
"POM_RC 2010-05-28",0.46,11,0,14.5,11,0,3.64904761904762,105,2.11876892948636,14.5952380952381,21,0.300792603759119,399.973900561138,21,0.0250016313213703,105,6.42857142857143,21
"POM_RD 2010-06-16",0.5,11,0,39.5,11,0,10.1238095238095,105,7.3670201131791,16.8190476190476,21,11.3180218699037,166.133584195673,21,0.0601925254813137,105,19.1428571428571,21
"REF-CS 2008-10-22",1.04545454545455,11,0.138011857198114,8.86363636363636,11,1.20604537831105,12.1333333333333,105,18.1049646116678,4.00952380952381,21,1.2372973619566,33.0455259026688,21,0.302612826603325,105,20.3488372093023,43
"REF-CS 2009-04-29",0.446363636363636,11,0.101712607603259,10.2,11,5.1183981869331,11.4619047619048,105,12.0273516887421,3.73333333333333,21,1.48537312932924,32.5716659742418,21,0.307015306122449,105,18.8837209302326,43
"REF-TCAS 2009-04-30",0.462727272727273,11,0.274775941781332,5.75454545454545,11,1.89069491794083,8.10833333333333,120,10.516730035722,4.45,24,1.33220967144652,54.8818088386434,24,0.182209737827715,120,15.7906976744186,43
"SA_RB 2010-06-02",0.270909090909091,11,0.0892697648092057,3.95454545454545,11,1.70197745952385,14.6235294117647,85,12.8192344977867,2.68235294117647,17,1.07310023653294,18.342719227675,17,0.545175438596491,85,29,17
"SGLT506 2010-07-06",0.454545454545455,11,0.0415604707296817,47.2272727272727,11,6.12928885093384,5.91428571428571,105,9.49606627637332,6.2452380952381,21,2.31202858772901,105.595813204509,21,0.0947007243614182,105,14.2857142857143,21
"SGLT508 2009-05-26",2.18181818181818,11,0.0603022689155528,48.6636363636364,11,14.3820911363593,17.2761904761905,105,14.2825170414844,7.51904761904762,21,10.6514608879542,43.5226019845645,21,0.229765674477517,105,28.8372093023256,43
"SGUR010 2010-06-18",1.11272727272727,11,0.368024208689888,7.64545454545454,11,2.09301869860909,2.98095238095238,105,2.95797797483918,0.755238095238095,21,0.34375309522416,25.3354632587859,21,0.394703656998739,105,6.19047619047619,21
"SGUR010 2011-06-27",0.686363636363636,11,0.118513520517511,20.4090909090909,11,6.97430348428494,2.22380952380952,105,3.74036001479711,1.5752380952381,21,0.535757585551703,70.8351177730193,21,0.141172914147521,105,6.19047619047619,21
"SGUR103 2010-07-22",0.509090909090909,11,0.0490824908607021,3.66363636363636,11,0.564398311961911,4.75238095238095,105,7.6167590427306,1.71238095238095,21,0.682509375480694,36.0320641282565,21,0.277530589543938,105,11.6666666666667,21
"SGUR103 2011-08-03",0.424545454545455,11,0.10308866439756,3.27,11,1.05018093679137,4.5047619047619,105,5.67573073832079,1.76857142857143,21,0.951258564819711,39.2600422832981,21,0.254711900915455,105,11.7142857142857,21
"SGUT 503 2009-05-08",0.486363636363636,11,0.164455022864778,7.92727272727273,11,2.66724236210019,10.1047619047619,105,12.0391379463333,4.32380952380952,21,2.03098615502538,42.7898209236569,21,0.233700440528634,105,17.7209302325581,43
"SGUT 503 2010-05-27",0.27,11,0.14649232061784,5.98818181818182,11,1.47014841551333,12.012380952381,105,11.5001145081096,4.00428571428571,21,1.12859457480785,33.3346547213193,21,0.299988107979546,105,26.6190476190476,21
"SGUT501 2010-07-07",0.531818181818182,11,0.100679509515907,14.0818181818182,11,4.17655795645605,32.0666666666667,105,37.4890411337527,9.52380952380952,21,3.0393921698104,29.7000297000297,21,0.3367,105,77.6190476190476,21
"SGUT502 2009-05-13",0.394545454545455,11,0.0660853442699115,8.08181818181818,11,1.62469577571814,10.9904761904762,105,12.1532642323711,5.78095238095238,21,1.70341393901161,52.5996533795494,21,0.190115321252059,105,18.7441860465116,43
"SGUT502 2010-05-27",0.26,11,0.0892188320927818,7.63272727272727,11,1.55466453557731,14.0857142857143,105,14.7159739776166,5.80190476190476,21,1.65443228645847,41.1899932386748,21,0.242777413000657,105,33.4761904761905,21
"SGUT502 2011-06-28",0.736363636363636,11,0.0393122696553449,10.8636363636364,11,1.98860389583885,12.8142857142857,105,13.7188908820271,5.42809523809524,21,1.51107782409649,42.3597175771089,21,0.236073339766646,105,29.5238095238095,21
"SGUT503 2011-07-27",0.316363636363636,11,0.0484298930976989,6.99181818181818,11,1.36273121474353,15.8571428571429,105,19.8864220064792,4.50095238095238,21,1.77206632145048,28.3843843843844,21,0.352306390181972,105,33.5238095238095,21
"SGUT504 2010-07-07",0.554545454545455,11,0.103572548135463,15.4090909090909,11,2.20020660186926,19.7047619047619,105,20.3091130594143,17.0047619047619,21,28.2673924547433,86.2977283711938,21,0.115877905348642,105,42,21
"SGUT505 2010-07-08",1.15454545454545,11,0.0820199532264724,40,11,7.07106781186548,61.0952380952381,105,69.9529407488629,27.8333333333333,21,3.17936052270474,45.5572876071707,21,0.219503849443969,105,126.666666666667,21
"Site 19 2010-07-10",0.55,11,0,24,11,0,13.552380952381,105,11.2189579870422,3.44523809523809,21,0.601228900233672,25.4216444132115,21,0.393365583966828,105,23.7142857142857,21
"Site 6 2010-07-08",0.668181818181818,11,0.105528970602217,6.22727272727273,11,0.817423891369599,3.91428571428571,105,4.78803453676712,2.20952380952381,21,1.04876344420692,56.4476885644769,21,0.177155172413793,105,8.80952380952381,21
"Site 7 2010-07-06",0.413636363636364,11,0.0777525211517578,16.1818181818182,11,2.59106857563368,9.7047619047619,105,11.537500570484,6.1,21,6.29148233725566,62.855740922473,21,0.159094457455113,105,20.6666666666667,21
"SJC_C1Alt 2010-06-03",0.346363636363636,11,0.10938672015128,41.5818181818182,11,10.8439677408058,9.40952380952381,105,18.8902168605946,38.147619047619,21,9.69281275211788,405.414979757085,21,0.0246660841343153,105,22.7619047619048,21
"SJC_R2 2010-05-25",0.5,11,0,54.1818181818182,11,0.404519917477945,16.3047619047619,105,13.106166934753,5.11904761904762,21,0.93947807192028,31.3960280373832,21,0.318511627906977,105,27.8571428571429,21
"SMC00080 2011-06-13",0.527272727272727,11,0.105744116535239,3.56818181818182,11,1.18137054459486,5.12380952380952,105,6.09491471211742,0.873809523809524,21,0.299841227826932,17.0539033457249,21,0.586376021798365,105,10,21
"SMC00105 2009-05-12",0.725714285714286,7,0.145356704106042,4.21428571428571,7,0.698638131005772,5.67428571428571,70,8.76886266176819,2.20714285714286,14,0.613269028321911,38.8972809667674,14,0.257087378640777,70,11.75,28
"SMC00135 2010-06-07",0.703636363636364,11,0.0514339823993296,13.1363636363636,11,3.55732279313326,9.9,105,12.4985383760847,5.38333333333333,21,3.36092745136418,54.3771043771044,21,0.18390092879257,105,26,21
"SMC00153 2009-06-08",0.35,11,0.109544511501033,35.5454545454545,11,16.8900185693423,23.8857142857143,105,24.6776581787416,6.30952380952381,21,2.24630914210506,26.4154704944179,21,0.378566037735849,105,43.2093023255814,43
"SMC00180 2010-06-18",28,11,17.9833256101312,32.5454545454545,11,22.105943256797,2.8,65,1.01857743937317,25,17,6.2449979983984,892.857142857143,17,0.0112,65,3.15384615384615,13
"SMC00191 2010-07-12",0.611111111111111,9,0.05464532103585,8.93636363636364,11,0.953176507550125,6.45714285714286,105,8.63025600323181,4.363,20,1.52617892308312,67.5685840707965,20,0.147997773484824,105,16.9047619047619,21
"SMC00198 2009-05-20",0.405454545454545,11,0.0592222316978407,7.19272727272727,11,4.4429136631474,15.3238095238095,105,12.734338222435,2.92809523809524,21,0.494303743133906,19.1081417029211,21,0.523337127988291,105,23.5348837209302,43
"SMC00206 2009-05-18",0.4,11,0.0974679434480896,7.14545454545454,11,2.03635146100256,21.1371428571429,105,26.5323070742316,3.44285714285714,21,1.18851648224643,16.2881859962152,21,0.613941908713693,105,39.5674418604651,43
"SMC00271 2009-06-04",0.463636363636364,11,0.125001818168595,11.6181818181818,11,4.35105003000843,8.5,105,11.7284991498355,7.59523809523809,21,4.20374549544525,89.3557422969188,21,0.111912225705329,105,14,43
"SMC00282 2009-06-09",0.445454545454545,11,0.0568090901817018,8.51818181818182,11,1.41196188462591,8.44761904761905,105,9.41355503064694,2.48571428571429,21,0.716962840240493,29.4250281848929,21,0.339846743295019,105,15.2325581395349,43
"SMC00288 2009-06-18",0.645454545454545,11,0.166515082581947,3.95454545454545,11,1.46312243941759,7.22857142857143,105,10.0701932061302,1.66904761904762,21,0.690738045585334,23.0895915678524,21,0.433095577746077,105,12.046511627907,43
"SMC00318 2010-06-15",0.9,11,0,105,11,0,9.9,105,13.4164795336527,98,21,0,989.89898989899,21,0.0101020408163265,105,34.6666666666667,21
"SMC00324 2010-06-21",0.272727272727273,11,0.0646669790682863,47.5363636363636,11,6.00004545437328,7.28571428571429,105,9.17638512465796,42.1190476190476,21,4.97359216739964,578.104575163399,21,0.0172979084228378,105,19.047619047619,21
"SMC00345 2011-07-19",0.383636363636364,11,0.0747358986395062,3.4,11,0.784856674813943,6.19047619047619,105,9.87527530102641,1.62857142857143,21,0.726734378671366,26.3076923076923,21,0.380116959064327,105,12.7619047619048,21
"SMC00375 2010-06-08",0.6,11,0.10733126291999,11.7545454545455,11,1.74777780988525,5.8847619047619,105,11.7528701973372,3.60380952380952,21,0.503591860443318,61.239682796569,21,0.163292811839323,105,16.952380952381,21
"SMC00382 2009-06-23",0.65,11,0,3.60909090909091,11,0.301511344577764,1.7125,120,1.61096883527748,3.13333333333333,24,0.626700584959361,182.968369829684,24,0.0546542553191489,120,2.97674418604651,43
"SMC00428 2010-07-22",0.513636363636364,11,0.126670653844742,5.39090909090909,11,1.8151884450131,3.03809523809524,105,3.15291016219024,1.34666666666667,21,0.890894681392438,44.3260188087774,21,0.225601131541726,105,6.95238095238095,21
"SMC00428 2011-08-03",0.3,11,0.0774596669241483,5.11272727272727,11,0.783582681139532,6.16666666666667,105,7.50405873084009,2.56095238095238,21,0.900899021877062,41.5289575289575,21,0.240795834882856,105,14.3333333333333,21
"SMC00436 2009-05-26",1.3,11,0,68,11,0,4.24761904761905,105,4.13888909375486,59.6190476190476,21,0.804747816162957,1403.58744394619,21,0.00712460063897764,105,7.34883720930233,43
"SMC00440 2009-05-20",0.722727272727273,11,0.0410099766132362,6.18181818181818,11,1.23354625516693,1.87142857142857,105,1.90271639251089,1.21809523809524,21,0.470240566599895,65.089058524173,21,0.153635652853792,105,2.95348837209302,43
"SMC00446 2010-07-01",0.48,10,0.135810325249756,3.48363636363636,11,0.624744311335009,30.3619047619048,105,25.5053251640047,2.21333333333333,21,0.694336613850468,7.28983688833124,21,1.37177280550775,105,52.7142857142857,21
"SMC00457 2009-06-04",0.440909090909091,11,0.199772597993546,8.5,11,1.71755640373177,10.4095238095238,105,10.4040443671747,3.01428571428571,21,2.63311331208623,28.9569990850869,21,0.345339652448657,105,16.6744186046512,43
"SMC00464 2009-05-08",0.791818181818182,11,0.255218266658881,18.0909090909091,11,3.42650099823553,29.59,100,36.0583407742777,14.9142857142857,21,3.31440578600233,50.403128470043,21,0.198400383141762,100,45.225,40
"SMC00473 2009-06-03",0.381818181818182,11,0.0560032466591325,18.7272727272727,11,2.90141031537799,9.06666666666667,120,10.1689371574991,5.05,24,3.07571129984594,55.6985294117647,24,0.17953795379538,120,16.8372093023256,43
"SMC00476 2009-06-08",0.713636363636364,11,0.122659914175147,6.30909090909091,11,1.77564328932055,5.8,115,11.1222867773626,3.02791666666667,24,1.57778319766709,52.2054597701149,24,0.191550846291455,115,8.90697674418605,43
"SMC00479 2011-07-13",0.5,11,0,6.31818181818182,11,1.05528970602217,1.27083333333333,120,1.21768452492462,5.0695652173913,23,1.04910125285178,398.916607270135,23,0.0250678959405374,120,2.92857142857143,21
"SMC00480 2009-05-13",0.46,11,0.0904433524367601,7.68181818181818,11,2.20763139215684,9.68571428571429,105,9.23966604220242,4.89523809523809,21,2.20668896550379,50.5408062930187,21,0.197859922178988,105,17.1627906976744,43
"SMC00520 2009-05-19",0.65,11,0.0547722557505166,10.4090909090909,11,1.69673483223192,8.44761904761905,105,9.92663564547905,7.05238095238095,21,1.65185321612395,83.4836527621195,21,0.119783929777178,105,15.2790697674419,43
"SMC00520 2011-08-05",0.481818181818182,11,0.0873862897505303,14.4090909090909,11,5.31891991770031,19.2190476190476,105,20.498114806555,8.73809523809524,21,3.64218014250753,45.4658077304262,21,0.219945504087193,105,45.4761904761905,21
"SMC00531 2009-05-18",0.85,11,0,3,11,0,4.17083333333333,120,3.95855409969652,1.09166666666667,24,0.224415504902357,26.1738261738262,24,0.38206106870229,120,7.69767441860465,43
"SMC00544 2011-06-22",0.827272727272727,11,0.0261116483933546,8.59090909090909,11,1.89496941687962,3.51428571428571,105,3.30824810050659,1.03809523809524,21,0.367214093515201,29.5392953929539,21,0.338532110091743,105,7.33333333333333,21
"SMC00608 2011-06-27",0.9,11,0,7,11,0,2.44166666666667,120,2.12150189915617,3.16375,24,1.54262569074262,129.57337883959,24,0.0771763466350586,120,5.19047619047619,21
"SMC00632 2011-06-13",0.25,11,0,26,11,2.2248595461287,3.5047619047619,105,9.1116195992596,7.08571428571429,21,3.63720850574802,202.173913043478,21,0.0494623655913978,105,9.80952380952381,21
"SMC00665 2011-07-27",0.442727272727273,11,0.0303614588222994,11.6454545454545,11,1.95466807226375,5.12380952380952,105,6.03944603626098,5.97619047619048,21,1.10086546040139,116.635687732342,21,0.0857370517928287,105,14.047619047619,21
"SMC00670 2009-05-21",0.9,11,0,7.15454545454546,11,0.393353877224151,2.725,120,2.38152024040573,2.53333333333333,24,0.605530070819498,92.9663608562691,24,0.107565789473684,120,4.83720930232558,43
"SMC00684 2011-06-27",0.236363636363636,11,0.0233549683248457,31.2727272727273,11,7.61696670717299,11.1904761904762,105,9.42286013057039,29.2619047619048,21,6.61743728270062,261.489361702128,21,0.0382424735557364,105,21.3333333333333,21
"SMC00686 2011-06-27",0.525454545454546,11,0.0665377541496009,3.80545454545455,11,0.795190085908566,8.28571428571429,105,8.00446304079347,2.88952380952381,21,0.829496691919119,34.8735632183908,21,0.286750164798945,105,16.952380952381,21
"SMC00693 2010-05-31",0.728636363636364,11,0.54191369658411,2.17272727272727,11,1.0240516677306,4.22857142857143,105,4.15390720345858,1.27380952380952,21,0.475294394985636,30.1238738738739,21,0.33196261682243,105,8.42857142857143,21
"SMC00702 2011-07-19",0.25,11,0,4.24,11,0,3.71904761904762,105,3.13626723369871,2.34190476190476,21,0.079474464302633,62.9705505761844,21,0.15880439202928,105,6.33333333333333,21
"SMC00710 2009-05-20",0.491818181818182,11,0.748783255446036,6.13090909090909,11,1.8100688083355,7.73333333333333,105,8.63052127254765,3.17904761904762,21,1.39537416043836,41.1083743842364,21,0.243259436788496,105,13.8372093023256,43
"SMC00729 2009-06-03",0.640909090909091,11,0.137510330190466,7.81818181818182,11,2.75928185650476,18.55,100,16.4189930669738,3.2975,20,1.65501431063935,17.7762803234501,20,0.562547384382108,100,29.1190476190476,42
"SMC00748 2011-06-21",0.4,11,0,14,11,0,0.678333333333333,120,0.697074720002172,4.26666666666667,24,0.782230182216855,628.992628992629,24,0.0158984375,120,1.71428571428571,21
"SMC00756 2009-06-23",1.2,11,0,22,11,0,0.5375,120,0.395151816373395,1.60833333333333,24,0.212473357238577,299.22480620155,24,0.033419689119171,120,1,21
"SMC00766 2011-07-11",0.404545454545455,11,0.103572548135463,6.92363636363636,11,1.22300672710556,9.57142857142857,105,11.564083274433,3.9847619047619,21,1.49758345025451,41.6318407960199,21,0.240200764818356,105,22.8095238095238,21
"SMC00791 2011-06-22",0.406363636363636,11,0.186776482849031,4.52909090909091,11,1.41379244972842,6.34761904761905,105,6.70645635015667,2.10571428571429,21,0.813280833590534,33.1732933233308,21,0.301447308909995,105,14.7619047619048,21
"SMC00827 2009-06-15",4.10909090909091,11,11.9040921153572,14.9909090909091,11,3.26847198105003,11.5904761904762,105,13.2423383059611,7.9547619047619,21,4.432998555208,68.6318816762531,21,0.145704878778809,105,21.3255813953488,43
"SMC00830 2011-06-21",0.4,11,0,30,11,0,0.5125,120,0.663269530875824,9.83333333333333,24,2.64026788276372,1918.69918699187,24,0.00521186440677966,120,1.26190476190476,21
"SMC00857 2011-07-13",0.475454545454546,11,0.0452467979781192,12.2090909090909,11,1.34718561858012,11.1619047619048,105,12.2593165588805,7.63333333333333,21,1.2539271642856,68.3873720136519,21,0.146225826575172,105,24.8571428571429,21
"SMC00873 2009-05-19",0.954545454545455,11,0.0522232967867094,8.96363636363636,11,1.32383739732093,3.89047619047619,105,4.47910799433419,2.89047619047619,21,0.794295135264444,74.296205630355,21,0.134596375617792,105,6.88372093023256,43
"SMC00899 2011-07-12",0.693636363636364,11,0.152136302523279,7.45454545454545,11,2.92792200591602,1.64761904761905,105,1.59916415896743,3.04761904761905,21,0.98452478263325,184.971098265896,21,0.0540625,105,3.80952380952381,21
"SMC00903 2011-07-06",0.365454545454545,11,0.121191058776102,5.06363636363636,11,0.94474623817481,17.7857142857143,105,15.2699833041785,3.91190476190476,21,0.861670581182966,21.9946452476573,21,0.454656116859403,105,35.6428571428571,21
"SMC00910 2009-04-30",0.696363636363636,11,0.0881218165124536,10.0181818181818,11,2.34768745015949,34.6166666666667,120,37.5097036931573,5.84166666666667,24,3.02064154813491,16.8753009147809,24,0.592582025677604,120,63.4186046511628,43
"SMC00911 2009-06-04",0.539,10,0.129995726425482,6.07272727272727,11,2.35375908244277,7.91904761904762,105,14.8416519868791,3.025,20,1.5334429785359,38.1990378833434,20,0.261786698150335,105,11.9767441860465,43
"SMC00921 2010-06-02",0.581818181818182,11,0.051345531805247,8.09090909090909,11,1.20037872811421,31.4666666666667,105,31.3393543042151,5.58571428571429,21,1.53045278080891,17.751210653753,21,0.563341858482523,105,64.3333333333333,21
"SMC00924 2009-06-09",0.390909090909091,11,0.0768706114785807,7.79090909090909,11,2.45171554037353,9.09523809523809,105,9.98992166128117,4.63333333333333,21,1.6044729144904,50.9424083769633,21,0.196300102774923,105,15.953488372093,43
"SMC00924 2011-06-20",0.602727272727273,11,0.16395675704837,9.79818181818182,11,2.75488590755341,11.4952380952381,105,12.9474706540311,5.21904761904762,21,2.34723220999096,45.4018227009114,21,0.220255474452555,105,29.9047619047619,21
"SMC00926 2010-06-28",0.563636363636364,11,0.0595437196138648,10.8181818181818,11,2.78955845316716,19.0666666666667,105,21.4015036615271,5.52857142857143,21,1.80392429362844,28.996003996004,21,0.344875107665805,105,39.7619047619048,21
"SMC00957 2010-06-21",0.358181818181818,11,0.123597587502199,3.02909090909091,11,0.853492291066001,5.11666666666667,120,3.8505338128963,1.45708333333333,24,0.298539621821127,28.4771986970684,24,0.351158135544753,120,9.47619047619048,21
"SMC00958 2011-07-19",0.554545454545455,11,0.0522232967867094,4.60636363636364,11,0.460983139111893,11.6714285714286,105,10.2883495937219,2.75428571428571,21,0.385545995032648,23.5985312117503,21,0.423755186721992,105,23.3809523809524,21
"SMC00963 2010-06-17",0.713636363636364,11,0.0504524979109513,16.3727272727273,11,0.34085454109021,7.79047619047619,105,7.17996041088191,5.41380952380952,21,1.98236342831095,69.4926650366748,21,0.143900079162635,105,16.2857142857143,21
"SMC01004 2009-05-26",1,11,0,18,11,0,4.01428571428571,105,3.41972301429597,1.79047619047619,21,0.0436435780471985,44.6026097271649,21,0.224202127659574,105,6.67441860465116,43
"SMC01013 2010-06-24",0.456363636363636,11,0.181453725631232,7.94363636363636,11,3.19304015861772,34.747572815534,103,50.3483392343666,4.29666666666667,21,2.81421806783578,12.3653720778616,21,0.808709995706764,103,52.1578947368421,19
"SMC01040 2009-06-09",0.436363636363636,11,0.105097357461806,7.70454545454545,11,2.2871876339136,13.7428571428571,105,16.89846862169,4.81666666666667,21,1.6423560312348,35.0485100485101,21,0.285318833415719,105,21.906976744186,43
"SMC01046 2009-05-21",0.916781818181818,11,1.32346460611395,5.66432727272727,11,1.84081746030991,10.6761904761905,105,17.2434464909555,2.98604761904762,21,1.56083135527803,27.9692239072257,21,0.357535841293635,105,17.1162790697674,43
"SMC01049 2010-06-01",0.745454545454545,11,0.138662441660576,5.68181818181818,11,2.57169911996648,8.38095238095238,105,10.413915387578,1.61190476190476,21,0.748482591966033,19.2329545454545,21,0.519940915805022,105,15.5714285714286,21
"SMC01096 2010-06-07",0.768181818181818,11,0.123273531775331,26.4636363636364,11,11.328307263424,10.3428571428571,105,10.3355515756841,8.14761904761905,21,3.42937589768445,78.7753222836096,21,0.126943308007013,105,24.8571428571429,21
"SMC01151 2009-06-17",0.64,11,0.092736184954957,20.5454545454545,11,1.9679246105294,6.57211538461539,104,6.86924278596823,13.9285714285714,21,2.14968436221294,211.934371407671,21,0.0471844181459566,104,12.2261904761905,42
"SMC01155 2009-05-12",0.693636363636364,11,0.103176812053167,5.04545454545455,11,0.789130706998069,6.07619047619048,105,5.3595623352013,2.58095238095238,21,0.628982549534602,42.4764890282132,21,0.235424354243542,105,9.67441860465116,43
"SMC01158 2009-05-20",0.359090909090909,11,0.126131244777378,5.92727272727273,11,2.33627520172214,10.9875,120,20.370668328537,1.77916666666667,24,1.13174707831536,16.1926431551005,24,0.617564402810304,120,19.0697674418605,43
"SMC01161 2010-05-27",0.422727272727273,11,0.0606779876216918,6.31818181818182,11,2.06485746811647,10.7333333333333,105,11.1262567714209,2.76904761904762,21,0.698655170752387,25.7985803016859,21,0.387618228718831,105,23.9047619047619,21
"SMC01172 2009-06-24",0.669090909090909,11,0.135237165413546,5.27272727272727,11,1.45677102462323,17.0952380952381,105,21.2369977459168,1.66428571428571,21,1.09443396981532,9.73537604456825,21,1.02718168812589,105,25.953488372093,43
"SMC01174 2011-07-20",1.23727272727273,11,1.99989545181287,4.88181818181818,11,2.95122285902579,8.35833333333333,120,11.1640146940801,2.075,24,1.39229244804013,24.8255234297109,24,0.40281124497992,120,17.5238095238095,21
"SMC01196 2010-07-14",0.559090909090909,11,0.0301511344577763,8.02727272727273,11,1.74016718110123,3.07619047619048,105,3.05225401609279,1.61190476190476,21,0.496966991334626,52.3993808049536,21,0.190841949778434,105,6.85714285714286,21
"SMC01201 2010-06-02",0.486363636363636,11,0.0710313631113366,2.88181818181818,11,0.767877831192152,3.4952380952381,105,4.23838641630508,1.48571428571429,21,0.565937906740408,42.5068119891008,21,0.23525641025641,105,8.80952380952381,21
"SMC01208 2010-06-08",1.3,11,0,37.8,11,0,9.68571428571429,105,8.28032223187819,3.945,20,0.132684826404132,40.7300884955752,20,0.245518739815318,105,17.952380952381,21
"SMC01215 2011-07-13",0.718181818181818,11,0.118896440806122,28.3490909090909,11,20.193457086168,24,102,23.9467230441757,12.417619047619,21,8.37897064367808,51.7400793650794,21,0.193273766154082,102,39.5789473684211,19
"SMC01248 2011-07-26",0.43625,8,0.149182295004659,2.86875,8,0.859791295273784,3.17111111111111,90,5.26579666165506,0.726111111111111,18,0.360867237912633,22.8976874562018,18,0.43672532517215,90,7.86666666666667,15
"SMC01257 2011-06-16",0.659090909090909,11,0.0583874208121142,12.0272727272727,11,3.95956838786525,6.39166666666667,120,9.56648195685396,3.82125,24,2.81733502275373,59.7848761408083,24,0.167266383164322,120,15.952380952381,21
"SMC01258 2009-05-27",6.99,11,4.41998642531852,13.8790909090909,11,1.84067082633183,26.07,100,36.4237837161657,5.549,20,1.57332668003351,21.2850019179133,20,0.469814380969544,100,44.0714285714286,42
"SMC01278 2009-06-17",0.881818181818182,11,0.0404519917477945,50,11,0,12.5142857142857,105,10.2854586354066,4.67142857142857,21,0.0717137165600638,37.3287671232877,21,0.267889908256881,105,20.953488372093,43
"SMC01320 2010-06-07",0.692222222222222,9,0.0854075198354597,10.6090909090909,11,1.59465014686893,16.5428571428571,105,14.8213908380296,4.85,21,0.897217922246318,29.3177892918826,21,0.341089837997055,105,35.6666666666667,21
"SMC01341 2009-06-22",0.824545454545455,11,0.197957754905618,39.1,11,1.97787765041218,11.5809523809524,105,6.83427582171849,37.6761904761905,21,1.55077553562879,325.328947368421,21,0.0307381193124368,105,15.3023255813953,43
"SMC01358 2011-06-21",0.5,11,0,18,11,0,0.879166666666667,120,0.876863761380529,8.97916666666667,24,0.520851448960313,1021.32701421801,24,0.00979118329466357,120,1.9047619047619,21
"SMC01367 2011-06-23",0.451818181818182,11,0.136661492880634,4.00636363636364,11,1.15415140018347,14.9828571428571,105,15.8662102082894,2.55714285714286,21,0.759810126657594,17.0671243325706,21,0.585921787709497,105,28.3095238095238,21
"SMC01372 2010-07-13",0.590909090909091,11,0.0490824908607021,16.1818181818182,11,2.54236825885558,17.3047619047619,105,16.7527975904393,7.43571428571429,21,2.20103060275992,42.9691799669785,21,0.232724943964137,105,37.9523809523809,21
"SMC01383 2010-06-01",2.44545454545455,11,1.80906806746658,7.33636363636364,11,0.938160676294554,0.995,120,1.4830328906069,7.36916666666667,24,0.749468894076603,740.619765494137,24,0.0135022051340043,120,2.57142857142857,21
"SMC01384 2009-06-29",0.343636363636364,11,0.146783699862943,7.89090909090909,11,3.32879994756505,23.1904761904762,105,32.7854609070308,5.54761904761905,21,3.79613211672342,23.9219712525667,21,0.418025751072961,105,39.7674418604651,43
"SMC01424 2009-07-01",0.827272727272727,11,0.0261116483933546,7.81818181818182,11,1.4709304414677,2.8952380952381,105,4.48163734142704,1.04333333333333,21,0.606533868249196,36.0361842105263,21,0.277498858968508,105,5.25581395348837,43
"SMC01452 2010-07-15",0.55,11,0,13.3,11,0,0.875,120,1.14174052593898,6.44416666666667,24,2.95602688207266,736.47619047619,24,0.0135781714729083,120,1.61904761904762,21
"SMC01504 2011-06-28",0.809090909090909,11,0.128097973868016,12.2818181818182,11,5.99530119040206,12.247619047619,105,13.0588762565639,4.11047619047619,21,1.27074575029971,33.5614307931571,21,0.297961075069509,105,29.952380952381,21
"SMC01512 2010-06-23",0.6,11,0,3.7,11,0,1.77916666666667,120,1.7330158214901,1.94916666666667,24,0.672619258322765,109.555035128806,24,0.0912783240701154,120,4.07142857142857,21
"SMC01523 2011-07-07",0.386363636363636,11,0.0684503801702704,9.20909090909091,11,2.95954541963949,12.1761904761905,105,14.0408026549104,4.72142857142857,21,1.50470690074275,38.7759092686742,21,0.257892082702975,105,31.3809523809524,21
"SMC01544 2010-07-14",0.595,10,0.0437797517885456,14.6090909090909,11,1.30801723647247,6.86666666666667,105,7.09965690756449,6.81428571428571,21,2.00880205950853,99.2371705963939,21,0.100768693221523,105,16.4285714285714,21
"SMC01550 2009-06-25",0.415,10,0.0944281031614353,4.9,10,2.31900361745681,7.35238095238095,105,7.51406495587922,1.65,20,1.18565993171913,22.4417098445596,20,0.445598845598846,105,12.6976744186047,43
"SMC01555 2011-06-23",1.15,11,0,3.65,11,0,3.80952380952381,105,3.59378533586705,1.26333333333333,21,0.316659649045049,33.1625,21,0.301545420278929,105,8.73809523809524,21
"SMC01559 2011-06-21",0.36,11,0.0547722557505166,22.9363636363636,11,7.68651712120291,11.8704761904762,105,15.9066986603463,12.0571428571429,21,4.07106514668722,101.572528883184,21,0.0984518167456556,105,34.7619047619048,21
"SMC01567 2010-06-09",0.790909090909091,11,0.0490824908607021,15.8,11,3.01927143529693,6.62380952380952,105,7.22601501799526,8.99380952380952,21,2.68046726559098,135.780014378145,21,0.0736485413247207,105,14.0952380952381,21
"SMC01606 2009-05-26",0.303690909090909,11,0.0299286302575128,7.50947272727273,11,0.965637129661975,4.80952380952381,105,5.07462624257506,6.85788571428571,21,1.46840820560419,142.589702970297,21,0.0701312913323279,105,8.58139534883721,43
"SMC01640 2009-06-29",0.3,11,0,7.4,11,0,0.6125,120,0.693494681990843,1.60416666666667,24,0.332943612756518,261.904761904762,24,0.0381818181818182,120,1.24418604651163,43
"SMC01655 2011-07-06",0.388181818181818,11,0.0617767240662989,11.0363636363636,11,3.62222934869473,13.7047619047619,105,16.6026375392608,7.7047619047619,21,2.62230360379499,56.2195969423211,21,0.1778739184178,105,34.8809523809524,21
"SMC01676 2010-07-03",0.445454545454545,11,0.0471939903724269,14.8181818181818,11,2.44205576587357,13.7904761904762,105,12.9151783379801,6.22857142857143,21,1.2345618077451,45.1657458563536,21,0.221406727828746,105,29.3333333333333,21
"SMC01684 2009-06-03",0.5,11,0,4.4,11,0,0.8325,120,0.718122259668876,1.56875,24,0.158671454379112,188.438438438438,24,0.0530677290836653,120,1.40697674418605,43
"SMC01692 2011-06-20",0.372727272727273,11,0.0343775825476164,7.44909090909091,11,3.44540695577592,7.51428571428571,105,8.28937490186904,4.27380952380952,21,2.25652493048598,56.8757921419518,21,0.175821727019499,105,15.8571428571429,21
"SMC01694 2010-06-28",0.75,11,0,15.8,11,0,7.60833333333333,120,8.53100704679659,8.47916666666667,24,3.3566260449739,111.44578313253,24,0.0897297297297297,120,20.6666666666667,21
"SMC01716 2010-06-08",0.8,11,0,14.2,11,0,2.70833333333333,120,3.19504825211347,1.34625,24,0.195466276419722,49.7076923076923,24,0.201176106468586,120,7.09523809523809,21
"SMC01717 2009-05-28",0.852109090909091,11,0.137644654487891,14.9237818181818,11,5.65440768636613,9.51428571428571,105,11.5459902178155,3.28300952380952,21,1.77882682965621,34.5061061061061,21,0.289803780503371,105,14.8837209302326,43
"SMC01726 2010-06-30",0.55,11,0,3.7,11,0,3.38333333333333,120,3.04361387731323,1.69041666666667,24,0.324619900360629,49.9630541871921,24,0.200147892531427,120,7.80952380952381,21
"SMC01748 2009-06-03",0.977272727272727,11,0.229525201626789,10.0545454545455,11,1.84478380108003,18.8039215686275,102,15.3416789557697,6.50952380952381,21,1.78456010319203,34.6179055563831,21,0.288867851456603,102,29.4146341463415,41
"SMC01808 2011-06-13",0.417272727272727,11,0.0616588856679894,6.37272727272727,11,1.82597421071104,9.95238095238095,105,12.058655487291,3.31904761904762,21,1.00926658897392,33.3492822966507,21,0.299856527977044,105,23.7142857142857,21
"SMC01814 2010-06-09",0.659090909090909,11,0.0889330698283316,5.02727272727273,11,0.661953033214456,21.4761904761905,105,30.8738423134235,2.16238095238095,21,1.40547822737282,10.0687361419069,21,0.993173309843647,105,36.9523809523809,21
"SMC01860 2009-05-28",1,11,0,75,11,0,21.8171428571429,105,16.7412230571888,9.19047619047619,21,1.2493617418125,42.1250218264362,21,0.237388601036269,105,31.953488372093,43
"SMC01909 2009-06-09",0.28,11,0.0458257569495584,27.0909090909091,11,4.94882906260755,3.33333333333333,105,3.53734653558575,1.93333333333333,21,0.710164300238567,58,21,0.172413793103448,105,6,43
"SMC01923 2011-07-12",0.590909090909091,11,0.0860760762877288,34.6818181818182,11,6.4624791190097,0.719047619047619,105,1.60516565393008,13.9047619047619,21,3.24660995354788,1933.77483443709,21,0.00517123287671233,105,2.71428571428571,21
"SMC01960 2010-06-23",0.8,11,0,31.7,11,0,16.2761904761905,105,16.9464627793708,15.1642857142857,21,5.82681608721999,93.1685196021065,21,0.107332391270215,105,32.6666666666667,21
"SMC01962 2010-06-08",0.35,11,0,6.93636363636364,11,1.1333778957371,20.3619047619048,105,21.1487969331972,4.08571428571429,21,1.20427808843544,20.0654817586529,21,0.498368298368298,105,35.3333333333333,21
"SMC01972 2010-06-07",0.75,11,0,11.4454545454545,11,0.0522232967867092,2.31666666666667,120,1.97455806494029,2.475,24,0.0896854406292882,106.834532374101,24,0.0936026936026936,120,4.71428571428571,21
"SMC01979 2011-07-14",0.470909090909091,11,0.160028406569243,8.96363636363636,11,7.72179030112483,16,104,19.2671560166744,3.88142857142857,21,1.11130232481663,24.2589285714286,21,0.412219359587781,104,33.35,20
"SMC01990 2009-05-21",0.509090909090909,11,0.0831209414593633,7.87272727272727,11,2.85064585983279,16.5142857142857,105,26.9504938893357,2.47142857142857,21,0.798838442454328,14.9653979238754,21,0.668208092485549,105,26.7674418604651,43
"SMC02006 2009-05-26",0.2,11,0,12.2,11,0,2.07619047619048,105,2.2983909007392,4.57142857142857,21,0.859152406237017,220.183486238532,21,0.0454166666666667,105,4.02325581395349,43
"SMC02059 2010-06-03",1,11,0,135,11,0,2.565,120,2.63188752281953,5.26125,24,2.38611802707461,205.116959064327,24,0.0487526728439059,120,4.54761904761905,21
"SMC02088 2011-06-14",0.636363636363636,11,0.0393122696553448,19.7727272727273,11,5.22667980827043,17.0761904761905,105,16.9732228242103,9.66666666666667,21,1.94507926145269,56.6090351366425,21,0.176650246305419,105,38.8095238095238,21
"SMC02092 2011-06-14",0.590909090909091,11,0.0995444167650346,11.5,11,4.94974746830583,18.047619047619,105,18.0615299592494,8.29523809523809,21,2.6543315901515,45.9630606860158,21,0.217566016073479,105,38.9047619047619,21
"SMC02123 2011-07-05",0.325454545454545,11,0.103958033490792,4.99090909090909,11,1.85927649662687,9.26285714285714,105,9.71126682244409,3.28095238095238,21,1.21926988301157,35.4205223113305,21,0.282322206095791,105,20.8809523809524,21
"SMC02127 2009-06-04",0.568181818181818,11,0.148782941348676,10.0636363636364,11,3.72780705704379,8.4,105,8.91476735103485,5.47619047619048,21,1.53912467393151,65.1927437641723,21,0.153391304347826,105,14.1162790697674,43
"SMC02145 2011-07-19",0.488181818181818,11,0.144970216376895,4.49090909090909,11,0.768706114785807,3.77142857142857,105,4.64148754101598,1.56904761904762,21,0.503606044065247,41.6035353535354,21,0.240364188163885,105,8.95238095238095,21
"SMC02152 2010-07-14",0.607272727272727,11,0.0508115949544804,8.34090909090909,11,1.44166885619032,23.4,105,27.5853918977753,4.90476190476191,21,2.49614226166623,20.960520960521,21,0.477087378640777,105,44.2857142857143,21
"SMC02167 2010-06-07",0.589090909090909,11,0.110946342477303,16.0727272727273,11,4.5836864877718,6.02857142857143,105,10.3227899877828,3.75238095238095,21,1.07360097225135,62.2432859399684,21,0.160659898477157,105,18.2285714285714,21
"SMC02206 2011-07-19",0.338181818181818,11,0.0770478009833093,7.95,11,1.13070774296456,1.15833333333333,120,1.6753067364111,3.86541666666667,24,1.32558429829417,333.705035971223,24,0.0299665840250081,120,3.0952380952381,21
"SMC02228 2009-06-23",0.9,11,0,51,11,0,11.4857142857143,105,15.9832329728293,19.4142857142857,21,6.47505102020715,169.029850746269,21,0.0591611479028698,105,23.5348837209302,43
"SMC02270 2010-06-30",0.55,11,0,4.2,11,0,2.825,120,2.5492213344009,1.06791666666667,24,0.182351289421334,37.8023598820059,24,0.26453374951229,120,6.42857142857143,21
"SMC02417 2011-07-20",0.6,11,0,6.5,11,0,3.24761904761905,105,2.8915691520647,5.14761904761905,21,0.0679635756787975,158.504398826979,21,0.0630897317298797,105,5.95238095238095,21
"SMC02436 2009-05-28",1,11,0,30,11,0,9.32380952380952,105,9.37339241406148,5.19047619047619,21,1.53171627983278,55.6690500510725,21,0.179633027522936,105,15.6860465116279,43
"SMC02452 2011-06-30",0.9,11,0,25,11,0,6.44166666666667,120,6.86428564141578,14.3395833333333,24,3.66860888119576,222.606727037516,24,0.0449222722650007,120,15.5714285714286,21
"SMC02457 2010-05-31",4.68636363636364,11,7.28055941906564,11.9363636363636,11,8.01305468935196,15.552380952381,105,22.6762248216314,8.68571428571429,21,9.53710048779427,55.8481322718922,21,0.17905701754386,105,34.0476190476191,21
"SMC02464 2011-06-22",0.404545454545455,11,0.161577451172101,6.81090909090909,11,1.82996423213928,11.3285714285714,105,12.8982386564818,3.89142857142857,21,1.61083607395131,34.3505674653216,21,0.291116005873715,105,27.4761904761905,21
"SMC02536 2011-06-29",0.668181818181818,11,0.0603022689155527,6,11,0,1.9475,120,1.97709414558442,4.87083333333333,24,0.724874301947026,250.106974753958,24,0.0399828913601369,120,4.66666666666667,21
"SMC02548 2010-07-09",0.51,11,0.0694262198308391,5.36363636363636,11,0.551856371300952,2.39047619047619,105,2.62566928498987,1.27047619047619,21,0.539170438641402,53.1474103585657,21,0.18815592203898,105,5.85714285714286,21
"SMC02563 2010-06-24",0.677272727272727,11,0.186230551150498,18.8909090909091,11,2.40227165218863,3.9875,120,3.62325733249503,2.6975,24,1.47985384119661,67.6489028213166,24,0.147822057460612,120,8.09523809523809,21
"SMC02573 2010-06-09",0.517272727272727,11,0.129698952123054,13.4818181818182,11,1.6124938336739,1.60833333333333,120,2.36677219948556,9.28666666666667,24,3.05900760643577,577.40932642487,24,0.0173187365398421,120,4.80952380952381,21
"SMC02591 2011-07-21",0.795454545454545,11,0.0350324524872686,8.89090909090909,11,1.90286864783387,17.4,105,22.2198802184683,5.23333333333333,21,1.80798322263602,30.0766283524904,21,0.332484076433121,105,40.9047619047619,21
"SMC02622 2010-06-15",0.9,11,0,105,11,0,11.6285714285714,105,17.07745766909,98,21,0,842.751842751843,21,0.011865889212828,105,44.0952380952381,21
"SMC02644 2011-06-30",0.9,11,0,8,11,0,21.9904761904762,105,25.3610449455972,3.837,20,1.18945852342457,17.4484625378952,20,0.573116397979572,105,49.4285714285714,21
"SMC02656 2009-06-23",0.9,11,0,8,11,0,2.71666666666667,120,1.78666081356958,2.57916666666667,24,0.631064777675944,94.9386503067485,24,0.105331179321486,120,3.84883720930233,43
"SMC02749 2011-06-27",0.341818181818182,11,0.102646790677369,18.0627272727273,11,3.02504244898841,2.16666666666667,120,2.42131061576974,3.12083333333333,24,2.30710983637569,144.038461538462,24,0.0694259012016021,120,5.45238095238095,21
"SMC02804 2011-06-20",0.15,11,0,19.5,11,0,13.1714285714286,105,4.21867902870706,19.5,21,0,148.047722342733,21,0.0675457875457875,105,17.5238095238095,21
"SMC02884 2010-06-23",0.6,11,0,13,11,0,18.7142857142857,105,13.6942676705608,7.05095238095238,21,1.21157709107553,37.676844783715,21,0.265415006415884,105,31.4285714285714,21
"SMC02902 2011-08-02",0.91,11,1.78839592931767,6.06363636363636,11,1.06327111055716,26.9333333333333,105,26.2986789177805,3.46666666666667,21,1.18925747142212,12.8712871287129,21,0.776923076923077,105,47.9047619047619,21
"SMC02933 2010-06-01",1.74545454545455,11,3.56815460325464,9.22727272727273,11,3.46672494123514,27.4,105,31.1375978521144,5.47619047619048,21,2.23448087078515,19.9860966284324,21,0.500347826086956,105,52,21
"SMC02947 2011-07-12",0.659090909090909,11,0.193414298615927,24.3636363636364,11,0.744678087864451,13.5,120,12.0482224359258,19.6086956521739,23,3.3267391956523,145.24959742351,23,0.0688470066518847,120,25.9047619047619,21
"SMC02976 2010-07-27",0.581,10,0.145101497044119,12.6454545454545,11,3.20417341489615,14.7619047619048,105,17.6920906978252,11.4238095238095,21,3.19592001807066,77.3870967741935,21,0.129220508545227,105,38.4285714285714,21
"SMC02984 2010-06-23",0.8,11,0,33.6,11,0,21.752380952381,105,19.180208625831,10.3380952380952,21,2.13224674709007,47.5262697022767,21,0.210409949332105,105,42.8571428571429,21
"SMC03110 2011-07-26",0.45,11,0.0593295878967653,11.7545454545455,11,2.75149546114968,19.8190476190476,105,24.6064332396338,5.45238095238095,21,2.89441169283484,27.5108121095627,21,0.363493449781659,105,45.3333333333333,21
"SMC03133 2010-06-02",0.9,11,0,25,11,0,1.7425,120,2.12729016482899,8.58708333333333,24,2.64538232490647,492.802486848398,24,0.0202921053908487,120,4.04761904761905,21
"SMC03216 2011-07-27",0.445454545454545,11,0.123398836004529,6.97545454545455,11,2.39581870614771,13.0095238095238,105,16.9782073202539,4.00571428571429,21,1.50339805583409,30.7906295754026,21,0.324774132192106,105,33.3333333333333,21
"SMC03234 2011-06-28",0.365454545454545,11,0.147198073109918,3.31090909090909,11,1.13826582611844,4.25,120,4.3313397698265,1.11875,24,0.413913585814405,26.3235294117647,24,0.379888268156425,120,8.85714285714286,21
"SMC03268 2009-05-28",0.57,11,0,150,11,0,23.4809523809524,105,19.194090112274,7.03333333333333,21,2.26767134596999,29.953356317177,21,0.33385240352065,105,39.5581395348837,43
"SMC03280 2011-08-11",0.325454545454545,11,0.116735910187366,7.51090909090909,11,2.03718165388094,18.4761904761905,105,19.8997947602942,6.17190476190476,21,2.06215813905631,33.4046391752577,21,0.299359617313479,105,43.8571428571429,21
"SMC03304 2011-06-29",0.7,11,0,8.77272727272727,11,0.904534033733291,1.7625,120,1.68278792784,4.43708333333333,24,0.707441680906672,251.749408983452,24,0.0397220396281341,120,4.07142857142857,21
"SMC03510 2011-07-21",1.16636363636364,11,2.69781123404612,8.11909090909091,11,3.02489819513138,11.8761904761905,105,11.8172748697822,4.45714285714286,21,1.25760543437575,37.5300721732157,21,0.266452991452991,105,27.3333333333333,21
"SMC03533 2010-06-01",0.450909090909091,11,0.0966906971176178,27.0363636363636,11,5.41405997884632,1.53333333333333,120,2.13979239287222,11.2283333333333,24,7.28028646513946,732.282608695652,24,0.0136559299391421,120,4.04761904761905,21
"SMC03687 2010-06-02",1.4,11,0,11,11,0,1.45766666666667,120,1.30736551653986,2.07083333333333,24,0.429842404554999,142.064943974388,24,0.0703903420523139,120,3.16666666666667,21
"SMC03944 2010-07-12",0.25,11,0,9.6,11,0,0.561904761904762,105,0.493687255483779,4.46666666666667,21,0.854741676375578,794.915254237288,21,0.0125799573560768,105,1.04761904761905,21
"SMC03971 2011-07-11",0.55,11,0,8.03636363636364,11,0.733856562650669,21.6190476190476,105,17.9300891029045,6.69047619047619,21,0.76609709691707,30.9471365638767,21,0.323131672597865,105,38.3333333333333,21
"SMC03988 2011-06-29",0.65,11,0.0632455532033676,9.63636363636364,11,2.01359019031814,14.9809523809524,105,20.3855769867877,2.99285714285714,21,1.38418980944502,19.9777495232041,21,0.500556881463803,105,32.5714285714286,21
"SMC04047 2009-05-14",0.440909090909091,11,0.0375378596764774,23.4090909090909,11,9.80514707135539,10.0952380952381,105,13.50250960258,13.7095238095238,21,3.91904385812468,135.801886792453,21,0.0736366794025703,105,15.7906976744186,43
"SMC04054 2009-05-27",0.798945454545455,11,0.238100753311015,9.11629090909091,11,1.30356475056251,25.0952380952381,105,34.9828320008334,5.3993,21,1.87245607745549,21.5152371916509,21,0.464786881544609,105,39.2093023255814,43
"SMC04134 2011-07-26",0.491818181818182,11,0.079475553702781,9.14545454545454,11,2.39973483383629,18.0571428571429,105,23.2688420637773,3.11428571428571,21,1.58785569693399,17.246835443038,21,0.579816513761468,105,43.8571428571429,21
"SMC04175 2009-06-11",0.477272727272727,11,0.0467099366496914,14.6272727272727,11,0.779860127318879,7.32380952380952,105,9.5921594966683,7.26666666666667,21,2.27180178125939,99.2197659297789,21,0.100786369593709,105,12.2790697674419,43
"SMC04239 2009-06-11",0.536363636363636,11,0.0233549683248457,50,11,0,8.60952380952381,105,10.9267625211743,21.0761904761905,21,10.6322577452724,244.800884955752,21,0.0408495255309535,105,14.7674418604651,43
"SMC04264 2010-07-09",0.647272727272727,11,0.0669463828882351,11.2727272727273,11,1.94118052179127,20.3428571428571,105,22.04838585206,5.08095238095238,21,1.87633127342137,24.9765917602996,21,0.40037488284911,105,40.9047619047619,21
"SMC04308 2009-06-17",0.559090909090909,11,0.0539359889970594,13.5454545454545,11,2.38174878455459,19.3142857142857,105,20.6845884126854,6.55238095238095,21,1.81455753494317,33.9250493096647,21,0.294767441860465,105,29.2558139534884,43
"SMC04383 2010-06-09",0.864545454545455,11,0.122667325426426,18.6818181818182,11,5.62188903871611,14.6,105,15.3570329666398,10.5952380952381,21,3.27924933338046,72.570123939987,21,0.137797752808989,105,31.0952380952381,21
"SMC04399 2009-06-11",0.563636363636364,11,0.0636038878171338,32.5454545454545,11,7.89130706998069,18.2333333333333,105,16.3208612769214,10.8142857142857,21,4.90859304834753,59.3105249412379,21,0.168604139145751,105,30.7441860465116,43
"SMC04426 2011-07-25",0.386363636363636,11,0.104045444616545,5.75454545454545,11,1.62810542432831,9.23809523809524,105,10.2079567471841,2.51904761904762,21,1.26396955960935,27.2680412371134,21,0.366729678638941,105,21.8571428571429,21
"SMC04661 2011-07-18",0.520909090909091,11,0.0559382776736191,13.5181818181818,11,2.95933039109126,22.2,105,23.830087639853,7.30952380952381,21,1.41453340784329,32.9257829257829,21,0.30371335504886,105,53,21
"SMC04682 2011-07-25",0.37,11,0.0754983443527075,6.10909090909091,11,1.38018444090241,11.5619047619048,105,12.2017683219749,3.23333333333333,21,1.49443411809733,27.9654036243822,21,0.357584683357879,105,26.8571428571429,21
"SMC04748 2009-07-02",0.375909090909091,11,0.152263229011771,19.5454545454545,11,2.46429041972071,10.2571428571429,105,11.9855911662461,8.18571428571429,21,2.89193459716601,79.8050139275766,21,0.125305410122164,105,19.9302325581395,43
"SMC04749 2009-06-23",0.375454545454545,11,0.095954534688428,9.6,11,1.98695747312317,5.9,120,5.90029197397478,2.74458333333333,24,1.6326185399846,46.5183615819209,24,0.214968878093214,120,8.74418604651163,43
"SMC04756 2010-07-07",0.418181818181818,11,0.0252262489554756,11.5454545454545,11,1.88274461165801,9.47619047619048,105,7.31712327628099,7.80714285714286,21,1.91822090192225,82.3869346733668,21,0.121378469045441,105,18.2857142857143,21
"SMC04795 2011-07-14",0.592727272727273,11,0.0740393016027176,4.87727272727273,11,1.1461595954237,7.55833333333333,120,12.3361842794695,2.12666666666667,24,0.947429780197877,28.1367144432194,24,0.355407523510972,120,16.8095238095238,21
"SMC04932 2010-07-12",0.622727272727273,11,0.0876459821202215,10.9454545454545,11,0.966812946090024,20.7333333333333,105,22.3663838875471,6.45,21,2.0451796987062,31.1093247588424,21,0.321447028423773,105,42.0476190476191,21
"SMC05109 2009-06-23",0.757272727272727,11,0.206837661420299,12.8909090909091,11,1.96135389231752,2.09166666666667,120,1.38415907992666,2.65625,24,1.46742250369409,126.99203187251,24,0.0787450980392157,120,3.09302325581395,43
"SMC05199 2011-07-06",6.48272727272727,11,19.4080262215966,10.3,11,1.14192819388962,15.1619047619048,105,14.7701126301131,5.04238095238095,21,1.30659827323437,33.2569095477387,21,0.30068939465483,105,33.8095238095238,21
"SMC05243 2010-06-10",0.527272727272727,11,0.0719848468902878,22.5454545454545,11,1.21355975243384,31.3636363636364,99,31.4559797843423,12.152380952381,21,3.17011341242219,38.7467218771567,21,0.25808634938729,99,53.8333333333333,18
"SMC05402 2011-07-28",0.268181818181818,11,0.0652408126586697,6.47272727272727,11,3.37315606193692,15.2,105,21.4894428463409,2.92857142857143,21,1.38244090547946,19.2669172932331,21,0.519024390243902,105,37.0952380952381,21
"SMC05407 2011-07-21",0.645454545454545,11,0.047193990372427,14,11,1.18321595661992,17.4571428571429,105,20.6672486034103,7.89095238095238,21,2.79701430951274,45.201854882706,21,0.221229859392915,105,40.0952380952381,21
"SMC05524 2011-06-30",1,11,0,25,11,0,7.13809523809524,105,7.51616694650708,11.6261904761905,21,5.13779181768829,162.875250166778,21,0.0613966823673971,105,18.9047619047619,21
"SMC05702 2010-06-07",0.672727272727273,11,0.0606779876216918,7.72727272727273,11,0.906742421077683,10.9333333333333,105,12.724345734024,3.94285714285714,21,2.32670828179457,36.0627177700348,21,0.277294685990338,105,19.2380952380952,21
"SMC05759 2010-06-21",0.795454545454545,11,0.140453809942175,18.8454545454545,11,3.96544162392126,15.2190476190476,105,15.3635313400955,15.8333333333333,21,4.48456612542767,104.036295369212,21,0.0961203007518797,105,36.9523809523809,21
"SMC06019 2010-06-17",0.75,11,0,9.9,11,0,2.40952380952381,105,2.49882756390656,4.28904761904762,21,2.38355806466279,178.00395256917,21,0.056178527811702,105,5.61904761904762,21
"SMC06216 2009-05-26",0.63,11,0.162788205960997,8.72727272727273,11,0.564076074817766,10.4761904761905,105,10.7364361997388,5.04285714285714,21,1.05715250960844,48.1363636363636,21,0.207743153918791,105,19.2093023255814,43
"SMC06458 2010-06-06",0.25,11,0,15,11,0,2.15238095238095,105,2.25653304694201,7.59523809523809,21,3.7350336264184,352.87610619469,21,0.0283385579937304,105,4.61904761904762,21
"SMC06467 2010-06-28",0.636363636363636,11,0.0452267016866646,4.35363636363636,11,0.545568927400979,3.25,120,4.58211723107645,1.20625,24,0.499589505407233,37.1153846153846,24,0.269430051813472,120,8.09523809523809,21
"SMC06653 2010-07-01",0.557272727272727,11,0.162793790366273,33.6181818181818,11,5.27462191665302,11.2857142857143,105,5.04730370844421,30.8809523809524,21,5.04852642338525,273.628691983122,21,0.0365458750963763,105,18.1904761904762,21
"SMC06714 2010-06-06",0.454545454545455,11,0.0150755672288882,5.26363636363636,11,0.724255103223619,7.34166666666667,120,10.7714966488424,1.56041666666667,24,1.22837637330452,21.2542565266742,24,0.470493991989319,120,16.1904761904762,21
"SMC06863 2011-07-21",0.868181818181818,11,0.0252262489554757,11.3636363636364,11,2.01359019031814,15.3619047619048,105,16.8221030249832,5.85333333333333,21,1.82557753418838,38.1029138251705,21,0.2624471200781,105,32.0476190476191,21
"SMC06926 2009-07-01",0.2,11,0,5.03636363636364,11,0.280259619898149,2.6952380952381,105,3.68240047524346,2.16190476190476,21,1.15346269574538,80.2120141342756,21,0.124669603524229,105,4.83720930232558,43
"SMC08150 2010-06-03",0.531818181818182,11,0.0814638793353449,9.15454545454545,11,1.6711454971747,21.2761904761905,105,24.7053775048202,5.59523809523809,21,1.91767468317131,26.2981199641898,21,0.380255319148936,105,42.9523809523809,21
"SMC08335 2010-07-07",0.4,11,0.0591607978309962,12.9666666666667,9,2.46576560118759,33.3548387096774,93,37.8399504668333,15.4105263157895,19,20.3175319678143,46.2017713529472,19,0.216441917856513,93,61.3125,16
"SMC08426 2010-06-08",0.677272727272727,11,0.0817423891369599,6.98181818181818,11,1.19316233750331,35.447619047619,105,35.6273395864374,4.62857142857143,21,1.81903624404322,13.0574959699087,21,0.765843621399177,105,65,21
"SMC08766 2009-05-26",3.5,11,0,30,11,0,23.7142857142857,105,19.5407435718465,5.82857142857143,21,0.152127765851133,24.578313253012,21,0.406862745098039,105,40.1627906976744,43
"SMC08845 2009-06-22",0.360909090909091,11,0.151291410559526,2.96363636363636,11,0.943687159256421,6.69166666666667,120,7.23994037922122,1.16666666666667,24,0.793816683835904,17.4346201743462,24,0.573571428571429,120,9.55813953488372,43
"SMC09162 2011-08-01",0.428181818181818,11,0.102354109035073,5.08181818181818,11,1.60487892491501,6.51428571428571,105,7.66123394072427,2.33809523809524,21,1.00023806690017,35.8918128654971,21,0.278615071283096,105,14.0952380952381,21
"SMC09286 2010-06-09",0.709090909090909,11,0.0490824908607021,6.63636363636364,11,0.595437196138648,75.0190476190476,105,35.3158770549617,4,21,0.775241897732572,5.33197917989082,21,1.87547619047619,105,105.52380952381,21
"SMC09534 2009-06-17",1,11,0,28,11,0,32.9142857142857,105,27.2344219006708,7.5047619047619,21,0.15961262630566,22.8009259259259,21,0.438578680203046,105,56.1627906976744,43
"SMC09564 2010-06-01",0.394545454545455,11,0.107365137392325,15.1636363636364,11,1.94693231894318,8.7952380952381,105,10.9214184496512,12.4904761904762,21,2.74698102685562,142.014076881429,21,0.0704155547083492,105,26.3333333333333,21
"SMC09591 2010-06-03",0.501818181818182,11,0.0742722265477725,10.6327272727273,11,3.50617766494823,4.58571428571429,105,6.02536989881803,3.19523809523809,21,1.11679281448091,69.6780893042575,21,0.143517138599106,105,11.7857142857143,21
"SMC09698 2010-06-09",0.62,11,0.141703916671347,7.41363636363636,11,2.09261689148909,8.33333333333333,105,11.1624082963471,4.08571428571429,21,1.08098830441671,49.0285714285714,21,0.203962703962704,105,21.6428571428571,21
"SMC10146 2011-06-28",0.466363636363636,11,0.11901871510588,2.56272727272727,11,0.79695785219911,8.77916666666667,120,7.51687061465973,0.911666666666667,24,0.433806876152397,10.3844328429046,24,0.962979890310786,120,11.9047619047619,21
"SMC10189 2010-06-24",0.318181818181818,11,0.0406984475915684,2.79272727272727,11,0.77417169812763,14.9904761904762,105,8.83121130085183,2.22619047619048,21,0.70021051256373,14.8506988564168,21,0.673368983957219,105,24.047619047619,21
"SMC10685 2010-07-01",0.614545454545455,11,0.132390606642891,11.6736363636364,11,3.88212125706365,9.75238095238095,105,9.93249421806735,9.93,21,3.90957414560717,101.8212890625,21,0.0982112885436148,105,23.047619047619,21
"SMC11394 2011-06-30",0.580909090909091,11,0.178238859144382,6.63636363636364,11,1.91258606461133,17.9685714285714,105,18.6886139456299,3.46333333333333,21,1.9852841946012,19.2743944453278,21,0.518823044135845,105,38.4761904761905,21
"SMC11581 2009-06-29",0.15,11,0,25.2,11,0,6.09047619047619,105,6.14049490315542,14.5380952380952,21,1.8323417231718,238.702111024238,21,0.0418932197838192,105,11.4186046511628,43
"SMC11727 2010-06-09",0.776,10,0.074565407529229,18.0272727272727,11,2.42614546517348,18.1809523809524,105,20.6051622323803,11.315,20,1.96476193817068,62.2354635935044,20,0.16068009174505,105,45.3333333333333,21
"SMC12862 2011-06-27",0.9,11,0,37,11,0,21.9142857142857,105,18.1187929879631,5.9,21,0,26.9230769230769,21,0.371428571428571,105,38.0476190476191,21
"SMC15677 2009-06-29",0.15,11,0,25.2,11,0,6.50190476190476,105,6.97475848702885,12.347619047619,21,1.25802187883162,189.907719349641,21,0.0526571538758195,105,12.4302325581395,43
"SMC16266 2011-08-01",0.408181818181818,11,0.126555772829072,5.04545454545455,11,1.09942133539752,9.97142857142857,105,12.9432616437288,2.3,21,1.15108644332213,23.0659025787966,21,0.433540372670807,105,23.952380952381,21
"SMC16832 2010-06-18",0.5,11,0,23.5,11,0,33.9714285714286,105,27.9510069802287,7,21,0,20.605550883095,21,0.48530612244898,105,57.7142857142857,21
"SMC16980 2011-07-06",0.618181818181818,11,0.051345531805247,7.65454545454546,11,0.806676684135145,13.0576923076923,104,13.7599580343942,4.59523809523809,21,0.979916420148265,35.1918086822358,21,0.284157034675169,104,29.25,20
"SMC17056 2009-07-02",0.468181818181818,11,0.125045446283996,21.1818181818182,11,2.92636914343293,5.65714285714286,105,6.25242809977509,10.1714285714286,21,5.08617172902595,179.79797979798,21,0.0556179775280899,105,10.7674418604651,43
"SMC20032 2010-06-18",0.7,11,0,28.5,11,0,37.0666666666667,105,31.1371861120166,8.02380952380952,21,0.540282113256363,21.6469681397739,21,0.461958456973294,105,67,21
"SMC21822 2010-06-21",0.735,10,0.117968922461243,15.86,10,1.20480519402746,24.9252336448598,107,26.9827691120524,10.3190476190476,21,2.23821782845617,41.4000035709822,21,0.24154587288512,107,50.5555555555556,18
"SMC24222 2010-06-21",0.607272727272727,11,0.146907515743131,12.11,10,2.15996399146941,20.1583333333333,120,17.2383176046137,8.29541666666667,24,2.38962973149046,41.151302190988,24,0.243005675825004,120,39.6666666666667,21
"SMC25288 2011-06-30",0.692727272727273,11,0.15569784257278,6.04545454545455,11,2.68280585818789,14.1047619047619,105,16.363023400293,3.06190476190476,21,2.04460661020065,21.7083051991897,21,0.460653188180404,105,33.3095238095238,21
"SMC26288 2009-05-12",0.509090909090909,11,0.0889330698283316,4.37272727272727,11,0.705819961592061,9.09523809523809,105,7.84160968748397,2.34285714285714,21,0.70325772556825,25.7591623036649,21,0.388211382113821,105,14.4883720930233,43
"SMC26909 2010-05-31",0.396363636363636,11,0.0807802856237495,16.0727272727273,11,2.90485487041639,10.2142857142857,105,13.199260094148,5.90285714285714,21,1.91486851469531,57.7902097902098,21,0.173039690222652,105,23.3571428571429,21
"SMC27709 2010-05-31",0.377272727272727,11,0.122318511198502,17.4590909090909,11,7.41919194325831,14.047619047619,105,14.5619571225195,6.24047619047619,21,5.24927659415131,44.4237288135593,21,0.225104921785578,105,27.7619047619048,21
"SMC32718 2010-06-03",0.268181818181818,11,0.0337099931231621,19.9090909090909,11,10.2684423887418,5.01904761904762,105,7.54471408488822,9.80476190476191,21,7.60397765583752,195.351043643264,21,0.0511898980087421,105,12,21
"SMC32897 2010-06-21",0.27,11,0.111892805845595,4.3,11,0.545435605731786,27.5333333333333,105,20.0892559625339,3.01428571428571,21,1.16802641848792,10.9477689380837,21,0.913428120063191,105,45.3333333333333,21
"SMC34888 2010-06-24",0.618181818181818,11,0.180655372564349,6.51363636363636,11,2.34809400462278,8.425,120,7.73691630752071,2.9475,24,1.13544570831094,34.9851632047478,24,0.285835453774385,120,17.1428571428571,21
"SMC35697 2010-06-10",0.625454545454545,11,0.0541042764231509,23.8636363636364,11,4.69068709834129,19.252427184466,103,25.0104756274214,13.8285714285714,21,5.64987989758569,71.8276781211728,21,0.139222097408329,103,38.2105263157895,19
"SMCR8_020 2011-07-12",0.489090909090909,11,0.105399672243755,4.04545454545455,11,1.40738312933162,10.625,120,19.5512953857412,2.34791666666667,24,0.941492705490995,22.0980392156863,24,0.452528837622005,120,29.3809523809524,21
"SMCR8_026 2009-05-31",0.55,6,0.327108544675923,2.36666666666667,6,0.82381227635103,11.3,75,10.3319891598859,1.35533333333333,15,0.414037035380492,11.9941002949852,15,0.833743236596163,75,11,24
"SMCR8_105 2011-07-14",0.429090909090909,11,0.133824851612437,10.2854545454545,11,4.40431916108804,14.4,105,16.6529045745549,7.12761904761905,21,4.15893364308918,49.4973544973545,21,0.202030999465526,105,34.8571428571429,21
"SMCR8_116 2011-07-25",0.348181818181818,11,0.0617767240662989,6.84545454545454,11,1.192781318066,14.6761904761905,105,20.3667079578486,5.26904761904762,21,1.57333055891604,35.9020116807268,21,0.278535924084953,105,28.6428571428571,21
"SMCR8_124 2009-06-24",0.66,11,0.213869118855435,5.05727272727273,11,1.32419100517328,9.17809523809524,105,11.2123127799512,2.88190476190476,21,0.722409987802072,31.3998132198817,21,0.318473231989425,105,16.3302325581395,43
"SMCR8_131 2009-06-16",1.12818181818182,11,0.376239768812872,5.37272727272727,11,1.39720500220326,2.325,120,2.69269943590087,1.495,24,0.892163954516842,64.3010752688172,24,0.155518394648829,120,4.51162790697674,43
"SMCR8_175 2009-06-09",12,11,0,9.65,11,0,7.11428571428571,105,8.82093694407961,9.65,21,0,135.642570281125,21,0.0737231680236862,105,13.9651162790698,43
"SMCR8_179 2009-06-01",0.212727272727273,11,0.0632599255596952,5.97272727272727,11,1.57358883390224,16.8375,120,20.3448383497877,4.83125,24,1.7026713346718,28.6933927245731,24,0.348512289780078,120,31.1860465116279,43
"SMCR8_184 2009-07-07",1.55636363636364,11,0.34900638181193,17.5727272727273,11,6.89319822855703,14.2142857142857,105,14.7227350913962,3.95714285714286,21,1.22905306173958,27.8391959798995,21,0.359205776173285,105,21.7558139534884,43
"SMCR8_191 2009-06-02",0.373636363636364,11,0.154936937317912,31.3636363636364,11,7.92808586321727,8.73809523809524,105,8.59284564838659,27.7142857142857,21,5.36090344198492,317.16621253406,21,0.0315292096219931,105,15.3372093023256,43
"SMCR8_196 2009-05-24",1.02272727272727,11,0.551979907407705,3.76363636363636,11,1.53249647782481,7.08333333333333,120,10.3982329892977,2.34166666666667,24,1.09887953474622,33.0588235294118,24,0.302491103202847,120,12,43
"SMCR8_197 2009-06-04",2,11,0,30,11,0,0.916666666666667,120,1.10448538024823,21.2875,24,0.0612372435695796,2322.27272727273,24,0.00430612644353102,120,1.72093023255814,43
"SMCR8_197 2011-07-11",0.854545454545455,11,0.150755672288882,26.2181818181818,11,0.723627226986632,5.22857142857143,105,4.92980952756006,21.2142857142857,21,0.981980506061966,405.737704918033,21,0.0246464646464646,105,11.9285714285714,21
"SMCR8_207 2009-06-07",0.32,11,0.212320512433443,6.96363636363636,11,4.45522675680435,4.56666666666667,105,5.8433339184109,2.41428571428571,21,1.6126176590518,52.8675703858186,21,0.189151873767258,105,8.36046511627907,43
"SMCR8_218 2009-06-23",1.35363636363636,11,0.321318307205572,7.62909090909091,11,2.5997517363989,19.2524761904762,105,23.4783404595086,1.60333333333333,21,0.829013469934797,8.32793307972753,21,1.20077814077814,105,28.07,43
"SMCR8_219 2009-07-06",1.80363636363636,11,0.72680496320915,20.7454545454545,11,8.01440748107602,6.95666666666667,105,8.96237076579572,2.28142857142857,21,0.839251367078337,32.7948524881922,21,0.304925902734294,105,11.6674418604651,43
"SMCR8_229 2009-06-01",0.681818181818182,11,0.207741097610376,6.72727272727273,11,1.30391020326624,11.4333333333333,105,11.8415148675739,4.13333333333333,21,1.07718769642683,36.1516034985423,21,0.276612903225807,105,18.4186046511628,43
"SMCR8_240 2010-06-23",0.402727272727273,11,0.0860338199885265,3.01818181818182,11,0.708262919851353,6.15142857142857,105,9.17694764787661,1.79,21,0.813203541556479,29.098931723177,21,0.34365522745411,105,17.3809523809524,21
"SMCR8_254 2009-06-16",0.677272727272727,11,0.143672607625177,5.02727272727273,11,1.85854292879713,5.48571428571429,105,5.79142981833151,1.86285714285714,21,0.70327905455191,33.9583333333333,21,0.294478527607362,105,8.36046511627907,43
"SMCR8_254 2011-07-19",0.677272727272727,11,0.189213683917993,3.92363636363636,11,1.18167908272316,12.425,120,14.8493343652986,2.23583333333333,24,0.950560094235826,17.9946344735077,24,0.555721207603429,120,25.8095238095238,21
"SMCR8_262 2009-06-07",0.46,11,0,23,11,0,21.3380952380952,105,24.1344884925812,20.0714285714286,21,1.29697450134644,94.0638250390538,21,0.106310794780546,105,37.2906976744186,43
"SMCR8_274 2010-06-17",0.736818181818182,11,0.229262652074784,7.30909090909091,11,2.0520499728099,14.8095238095238,105,16.5202936030992,4.25714285714286,21,1.44553499735269,28.7459807073955,21,0.347874720357942,105,33.3571428571429,21
"SMCR8_275 2009-06-09",0.49,11,0,5.4,11,0,20.6857142857143,105,33.046943384116,3.60047619047619,21,0.281823991002828,17.4056169429098,21,0.574527178944584,105,37.7302325581395,43
"SMCR8_289 2009-06-03",0.562727272727273,11,0.176201073157396,5.62727272727273,11,1.09187078822625,8.43333333333333,105,8.12257853463308,1.97857142857143,21,0.52752521943776,23.4613212874082,21,0.426233453670277,105,13.6976744186047,43
"SMCR8_299 2009-06-09",0.31,11,0,18.27,11,0,9.2,105,7.57799191992585,3,21,0,32.6086956521739,21,0.306666666666667,105,15.5697674418605,43
"SMCR8_312 2009-06-14",1,11,0,43.5454545454545,11,9.15547526197997,10.1428571428571,105,9.73389060826278,32.1904761904762,21,9.88619768980495,317.370892018779,21,0.031508875739645,105,16.6627906976744,43
"SMCR8_312 2011-07-26",0.240909090909091,11,0.108300927554158,58.7727272727273,11,10.2551539148948,6.10952380952381,105,6.58121633324026,54.2619047619048,21,7.23639939406859,888.152766952455,21,0.0112593242650285,105,14.5,21
"SMCR8_317 2009-06-03",0.317272727272727,11,0.147722097811459,2.8,11,0.963587048480831,4.31428571428571,105,5.50229722254939,1.55857142857143,21,0.662716271976822,36.1258278145695,21,0.276810265811182,105,7.24418604651163,43
"SMCR8_327 2009-06-28",1.7,11,0,54.8636363636364,11,8.16728507244271,2.3125,120,2.83349006816445,4.05833333333333,24,3.36877176258734,175.495495495496,24,0.0569815195071869,120,3.5046511627907,43
"SMCR8_333 2009-06-17",1.6,11,0,22.8181818181818,11,5.07086150112941,4.31666666666667,120,5.16286568417474,1.82,24,0.722152579325233,42.1621621621622,24,0.237179487179487,120,7.73255813953488,43
"SMCR8_339 2009-06-08",0.330909090909091,11,0.0645684978072969,4.64545454545455,11,0.831100037737499,14.0238095238095,105,24.1621506453694,2.95714285714286,21,1.07648568433186,21.0865874363328,21,0.474235104669887,105,22.1046511627907,43
"SMCR8_339 2011-07-25",0.283636363636364,11,0.0865185214012268,4.88181818181818,11,1.32575878787823,15.3833333333333,120,16.717717333091,3.24625,24,0.79787659773764,21.102383531961,24,0.47388011808497,120,33.0476190476191,21
"SMCR8_344 2009-06-15",0.956,10,0.130571393838348,25.67,10,15.6895612855597,4.87142857142857,105,3.89342923510768,0.919523809523809,21,0.1748278064404,18.8758553274682,21,0.529777317452097,105,7.66279069767442,43
"SMCR8_356 2010-06-10",0.514181818181818,11,0.151961717667193,36,11,0,10.9285714285714,105,12.5960594745227,35,21,0,320.261437908497,21,0.0312244897959184,105,27.5952380952381,21
"SMCR8_376 2009-06-11",0.689090909090909,11,0.176150761874852,7.34545454545454,11,1.71310457145128,10.7809523809524,105,10.590254003256,3.93809523809524,21,0.985127499604082,36.5282685512367,21,0.273760580411125,105,17.0116279069767,43
"SMCR8_396 2010-05-27",0.574545454545455,11,0.051451654271488,15.0454545454545,11,6.14188303964894,3.14711538461538,104,3.71203648947293,3.14285714285714,21,1.97276998876489,99.8646938151979,21,0.10013548951049,104,7.875,20
"SMCR8_404 2011-06-15",0.63,11,0,9.75,11,0,2.97833333333333,120,1.03633025245665,9.75,24,0,327.364297705652,24,0.0305470085470085,120,4.09523809523809,21
"SMCR8_407 2010-06-21",0.380909090909091,11,0.138163276267939,5.55454545454545,11,1.05864407273043,1.76875,120,1.96747783027028,0.718333333333333,24,0.308230104145343,40.6124852767962,24,0.24622969837587,120,4.07142857142857,21
"SMCR8_415 2009-07-08",1.1,11,0,10.05,11,3.12113761311481,2.56625,120,3.71135642206413,1.29208333333333,24,0.371459859925984,50.3490826432863,24,0.198613350532086,120,5.38255813953488,43
"SMCR8_418 2009-06-08",0.6,11,0,17.5,11,0,1.41666666666667,120,2.05321364560773,7.09583333333333,24,2.05478850422652,500.882352941176,24,0.0199647680563711,120,1.94186046511628,43
"SMCR8_418 2011-07-13",0.388181818181818,11,0.0552843887219859,19.5818181818182,11,1.9727230833638,1.2875,120,1.65725106499799,7.54583333333333,24,2.8313430776203,586.084142394822,24,0.0170623964660409,120,2.73809523809524,21
"SMCR8_436 2010-06-23",0.52,11,0.241205306740959,8.78636363636364,11,2.77957648834233,16.5238095238095,105,19.2309322337414,5.48333333333333,21,1.40528763366555,33.1844380403458,21,0.301346070343031,105,42.7142857142857,21
"SMCR8_439 2011-06-08",0.13,11,0,25.6,11,0,4.27083333333333,120,4.01357770853001,9.55416666666667,24,0.832481448633446,223.707317073171,24,0.0447012647187091,120,10.5238095238095,21
"SMCR8_445 2010-06-24",0.485454545454545,11,0.214353149562288,5.68181818181818,11,1.96993308608094,14.8190476190476,105,16.8801094557498,4.28571428571429,21,1.87457614256816,28.9203084832905,21,0.345777777777778,105,37.3809523809524,21
"SMCR8_453 2011-07-12",0.441818181818182,11,0.127657211454597,8.25818181818182,11,5.74373191954816,9.08571428571429,105,11.7803326041218,17.0985714285714,21,55.7534353457896,188.191823899371,21,0.0531372712841507,105,22.047619047619,21
"SMCR8_467 2011-06-09",0.458181818181818,11,0.0708262919851353,11.2363636363636,11,4.98984423149115,10.6747619047619,105,13.0112952479491,8.96190476190476,21,4.56393209748745,83.9541419458447,21,0.119112646121148,105,26.3571428571429,21
"SMCR8_474 2009-07-05",1.52090909090909,11,0.406090003458705,18.4727272727273,11,7.60093295709032,7.39047619047619,105,11.2007427965354,3.75,21,1.60864850107163,50.7409793814433,21,0.197079365079365,105,14.3488372093023,43
"SMCR8_483 2011-06-06",1.68954545454545,11,4.7470730216342,7.20454545454545,11,1.6377506747754,7.33809523809524,105,8.06031805242368,4.96428571428571,21,1.68709386647149,67.6508760545101,21,0.147817745803357,105,18.4761904761905,21
"SMCR8_494 2011-06-20",0.815454545454546,11,0.224515640273173,57.0454545454545,11,11.2393383823394,8.72952380952381,105,8.8834323300946,54.1428571428571,21,11.5077613560836,620.226925594589,21,0.0161231310466139,105,20.1619047619048,21
"SMCR8_501 2011-06-14",0.524545454545455,11,0.101228813720564,7.81363636363636,11,2.54628071008392,16.7,105,16.7546778772148,4.65238095238095,21,1.62922344926012,27.8585685771315,21,0.358955987717503,105,38.5476190476191,21
"SMCR8_511 2011-06-09",0.294545454545455,11,0.222322452143891,9.41818181818182,11,1.67141747138061,6.4875,120,7.09345256752529,5.15416666666667,24,1.58140805906488,79.4476557482338,24,0.12586903799515,120,16.0714285714286,21
"SMCR8_512 2011-07-19",0.569090909090909,11,0.208156409723772,8.5,11,1.72867000899535,22.0857142857143,105,20.3286054072137,6.01428571428571,21,1.61918365674982,27.2315653298836,21,0.367220902612827,105,44.8095238095238,21
"SMCR8_513 2009-06-22",1.08454545454545,11,0.306671277962695,8.51363636363636,11,3.43686564394732,3.73904761904762,105,6.13519943939658,1.90095238095238,21,1.23869651150677,50.8405501782985,21,0.196693386773547,105,6.53720930232558,43
"SMCR8_521 2011-06-06",0.390909090909091,11,0.0104446593573419,26.7272727272727,11,3.13339780720256,1.125,120,1.16721675706922,24.625,24,2.93127810082016,2188.88888888889,24,0.00456852791878173,120,2.69047619047619,21
"SMCR8_528 2011-07-11",0.399090909090909,11,0.105209747215222,12.8181818181818,11,2.00340619037587,34.2904761904762,105,38.3822362854363,10.0714285714286,21,2.00801963564674,29.3709207054576,21,0.340472813238771,105,69.6666666666667,21
"SMCR8_533 2011-06-07",0.406363636363636,11,0.146647381652229,9.11818181818182,11,1.86591435056285,16.147619047619,105,17.530457535157,6.1047619047619,21,1.35885105529495,37.805956944854,21,0.264508580343214,105,40.6666666666667,21
"SMCR8_549 2011-06-13",0.29,11,0,16,11,0,6.72083333333333,120,5.9918697834149,4,24,0,59.5164290142591,24,0.168020833333333,120,12.4285714285714,21
"SMCR8_558 2011-08-08",0.13,11,0,25.6,11,0,4.27916666666667,120,3.90474599897696,9.64166666666667,24,1.31212296171764,225.316455696203,24,0.0443820224719101,120,9.71428571428571,21
"SMCR8_566 2011-06-15",0.62,11,0,23,11,0,3.54166666666667,120,3.15934211142618,9.53125,24,0.638921050440234,269.117647058824,24,0.0371584699453552,120,7.26190476190476,21
"SMCR8_572 2009-06-30",0.660454545454546,11,0.170065495404778,18.7181818181818,11,5.88150800081377,6.27142857142857,105,6.7132291078843,6.02619047619048,21,2.56352389532549,96.0895975702354,21,0.104069537732122,105,12.1976744186047,43
"SMCR8_575 2011-06-07",0.390909090909091,11,0.115538265994825,8.17727272727273,11,1.80822615238853,17.1333333333333,105,18.3193186526529,6.12857142857143,21,2.04576217022968,35.7698721511951,21,0.27956487956488,105,42.5238095238095,21
"SMCR8_590 2011-07-20",0.298181818181818,11,0.12781378500132,5.53909090909091,11,0.810116714374596,20.2971428571429,105,15.0286998333628,4.44857142857143,21,0.86478486176786,21.9172297297297,21,0.45626204238921,105,36.4285714285714,21
"SMCR8_593 2011-06-13",0.462727272727273,11,0.0694393129417204,7.13181818181818,11,0.276832735846691,12.2208333333333,120,12.0122129436637,5.15208333333333,24,0.816072136446318,42.1581997954313,24,0.237201779215528,120,26.9761904761905,21
"SMCR8_594 2011-06-20",1.04636363636364,11,0.347340545495994,31.9545454545455,11,6.61987365987654,8.95904761904762,105,8.99485638528717,28,21,5.74238626356674,312.533219942596,21,0.0319965986394558,105,20.1285714285714,21
"SMCR8_598 2010-06-15",0.2,11,0,4.55,11,0,0.434166666666667,120,0.431237389699119,3.41625,24,1.18363409629541,786.852207293666,24,0.0127088669349921,120,0.928571428571429,21
"SMCR8_600 2009-06-28",26.08,11,35.0264936869222,15.9681818181818,11,5.24558255712713,8.71428571428571,105,12.3760891406608,4.26666666666667,21,2.02967567195681,48.9617486338798,21,0.204241071428571,105,15.4767441860465,43
"SMCR8_601 2009-06-24",1.35,8,0,9.8,8,0,0.91,120,0.917926051103311,3.65416666666667,24,1.18541101537075,401.556776556777,24,0.024903078677309,120,1.60697674418605,43
"SMCR8_605 2009-07-01",0.972727272727273,11,0.242160727992419,7.35454545454546,11,1.67771489613917,6.72380952380952,105,8.05568986457021,2.00571428571429,21,0.992610555195598,29.8300283286119,21,0.335232668566002,105,12.453488372093,43
"SMCR8_607 2011-07-19",0.380909090909091,11,0.115278319336686,5.44909090909091,11,1.08263987129105,20.0571428571429,105,14.8800192381419,4.46809523809524,21,1.03714810440756,22.2768281101614,21,0.448896941276777,105,35.8095238095238,21
"SMCR8_613 2009-06-29",0.467272727272727,11,0.126656299416248,12.81,11,4.03388150544857,4.28846153846154,104,3.94235915010407,1.42619047619048,21,0.458153644430296,33.2564595344864,21,0.300693463464749,104,7.54761904761905,42
"SMCR8_618 2011-07-19",0.214545454545455,11,0.0717444961462043,1.89636363636364,11,1.07562328653923,8.27416666666667,120,6.38754691585439,0.937916666666667,24,0.449221347267224,11.3354819216437,24,0.882185695246557,120,15.047619047619,21
"SMCR8_622 2011-06-16",0.374545454545455,11,0.158893903996575,3.60454545454545,11,1.11185757753737,5.10375,120,10.1750501464707,1.62625,24,0.63253673204906,31.8638256184178,24,0.313835511145273,120,11.7142857142857,21
"SMCR8_629 2011-07-14",0.286363636363636,11,0.094791637529133,3.33636363636364,11,1.5233336648763,5.11666666666667,120,4.53406033056823,1.40833333333333,24,0.353758289706732,27.5244299674267,24,0.363313609467456,120,10.1904761904762,21
"SMCR8_633 2011-07-26",1.2,11,0,27,11,0,4.20952380952381,105,3.59806368357514,3.85,21,0,91.4592760180996,21,0.109338280766852,105,7.66666666666667,21
"SMCR8_688 2009-07-01",1.06,11,0.360111093969625,6.91818181818182,11,1.5612931703035,6.15,120,10.0347296086804,1.905,24,1.073421996518,30.9756097560976,24,0.322834645669291,120,11.8953488372093,43
"VA_RC 2010-06-02",0.335454545454545,11,0.126282511565429,10.5090909090909,11,1.94805264069252,6.96666666666667,105,8.0372530069319,5.77619047619048,21,2.61130326884963,82.9118250170882,21,0.120610057708162,105,17.5238095238095,21
"WN_RD 2010-05-27",3,9,0.866025403784439,36.875,8,7.01401657906713,31.3861386138614,101,30.2406912278902,16.7,21,10.8985320112389,53.2082018927445,21,0.187940949783601,101,61.7894736842105,19
"WN_RD1 2010-05-27",NA,0,NA,28,2,4.24264068711928,18.7777777777778,99,17.9412621877305,5.03,20,2.22783822525217,26.7869822485207,20,0.373315661586039,99,33.5263157894737,19
