"","PCT_CF.result","PCT_CF.count","PCT_CF.sd","PCT_DR.result","PCT_DR.count","PCT_DR.sd","PCT_GL.result","PCT_GL.count","PCT_GL.sd","PCT_POOL.result","PCT_POOL.count","PCT_POOL.sd","PCT_RA.result","PCT_RA.count","PCT_RA.sd","PCT_RI.result","PCT_RI.count","PCT_RI.sd","PCT_RN.result","PCT_RN.count","PCT_RN.sd","PCT_FAST.result","PCT_SLOW.result","PCT_CF_WT.result","PCT_CF_WT.count","PCT_GL_WT.result","PCT_GL_WT.count","PCT_POOL_WT.result","PCT_POOL_WT.count","PCT_RA_WT.result","PCT_RA_WT.count","PCT_RI_WT.result","PCT_RI_WT.count","PCT_RN_WT.result","PCT_RN_WT.count","PCT_FAST_WT.result","PCT_SLOW_WT.result"
"102PS0139 2010-07-15",0,5,0,80,5,44.7213595499958,0,5,0,0,5,0,0,5,0,0,5,0,0,5,0,0,0,0,5,0,5,0,5,0,5,0,5,0,5,0,0
"403S00640 2009-06-11",0,10,0,0,10,0,81.5,10,7.47217059048663,0,10,0,0,10,0,18.5,10,7.47217059048663,0,10,0,18.5,81.5,0,10,81.5,10,0,10,0,10,18.5,10,0,10,18.5,81.5
"403S00772 2009-05-20",2,10,4.21637021355784,0,10,0,57,10,34.0098025084926,0,10,0,0,10,0,39,10,30.3498123735734,2,10,4.21637021355784,43,57,2,10,57,10,0,10,0,10,39,10,2,10,43,57
"403S01163 2009-06-08",2,10,4.21637021355784,0,10,0,57,10,22.6323269290239,12,10,12.2927259430572,0,10,0,27,10,12.5166555703457,2,10,4.21637021355784,31,69,2,10,57,10,12,10,0,10,27,10,2,10,31,69
"403S01195 2009-06-10",0,10,0,0,10,0,78,10,25.298221281347,1,10,3.16227766016838,0,10,0,21,10,24.6981780704569,0,10,0,21,79,0,10,78,10,1,10,0,10,21,10,0,10,21,79
"403S01272 2009-06-09",0,10,0,0,10,0,94,10,8.09663853432741,0,10,0,0,10,0,6,10,8.09663853432741,0,10,0,6,94,0,10,94,10,0,10,0,10,6,10,0,10,6,94
"403S01784 2009-06-09",0,10,0,0,10,0,89,10,11.0050493461461,0,10,0,0,10,0,11,10,11.0050493461461,0,10,0,11,89,0,10,89,10,0,10,0,10,11,10,0,10,11,89
"403S03832 2009-06-08",0,10,0,0,10,0,89.5,10,10.1242283656583,0,10,0,0,10,0,10.5,10,10.1242283656583,0,10,0,10.5,89.5,0,10,89.5,10,0,10,0,10,10.5,10,0,10,10.5,89.5
"403S14156 2009-06-09",0,10,0,0,10,0,93,10,4.83045891539648,0,10,0,0,10,0,7,10,4.83045891539648,0,10,0,7,93,0,10,93,10,0,10,0,10,7,10,0,10,7,93
"404S02920 2009-05-12",0,10,0,0,10,0,42,10,24.8551358430763,46.5,10,24.2727556463346,0,10,0,6,10,7.37864787372622,5.5,10,13.0064086767511,11.5,88.5,0,10,42,10,46.5,10,0,10,6,10,5.5,10,11.5,88.5
"404S03048 2009-05-13",0,10,0,0,10,0,75.5,10,22.6629898978734,8,10,19.3218356615859,0,10,0,14,10,11.7378779077727,2.5,10,7.90569415042095,16.5,83.5,0,10,75.5,10,8,10,0,10,14,10,2.5,10,16.5,83.5
"404S05992 2009-05-12",0,10,0,0,10,0,57,10,18.2878222991269,26,10,28.3627298482435,0,10,0,15,10,15.0923085635624,2,10,6.32455532033676,17,83,0,10,57,10,26,10,0,10,15,10,2,10,17,83
"404S06456 2009-05-14",1,10,3.16227766016838,0,10,0,60,10,13.3333333333333,12,10,17.5119007154183,0,10,0,21.5,10,10.5540934659917,5.5,10,8.3166499665831,28,72,1,10,60,10,12,10,0,10,21.5,10,5.5,10,28,72
"404S08040 2009-05-12",0,10,0,0,10,0,73,10,11.5950180872841,0,10,0,0,10,0,27,10,11.5950180872841,0,10,0,27,73,0,10,73,10,0,10,0,10,27,10,0,10,27,73
"404S08616 2009-05-13",0,10,0,0,10,0,100,10,0,0,10,0,0,10,0,0,10,0,0,10,0,0,100,0,10,100,10,0,10,0,10,0,10,0,10,0,100
"404S11406 2009-05-11",0,10,0,0,10,0,82,10,18.7379590967403,0,10,0,0,10,0,14,10,14.2984070596848,4,10,5.16397779494322,18,82,0,10,82,10,0,10,0,10,14,10,4,10,18,82
"404S16516 2009-05-18",0,10,0,0,10,0,42,10,30.4776785350999,36,10,37.4759181934805,0,10,0,15,10,14.3372087784044,7,10,18.8856206322871,22,78,0,10,42,10,36,10,0,10,15,10,7,10,22,78
"404S17266 2009-05-19",0,10,0,0,10,0,85,10,13.5400640077266,1,10,3.16227766016838,0,10,0,14,10,13.4989711542111,0,10,0,14,86,0,10,85,10,1,10,0,10,14,10,0,10,14,86
"404S17664 2009-05-20",0,10,0,0,10,0,18,10,13.984117975602,81,10,15.9513148186739,0,10,0,1,10,3.16227766016838,0,10,0,1,99,0,10,18,10,81,10,0,10,1,10,0,10,1,99
"404S22464 2009-05-19",0,10,0,0,10,0,93,10,9.48683298050514,0,10,0,0,10,0,7,10,9.48683298050514,0,10,0,7,93,0,10,93,10,0,10,0,10,7,10,0,10,7,93
"901S00313 2009-04-30",4,10,6.58280588604383,0,10,0,39.5,10,39.0476916375632,25,10,28.7711275027201,0,10,0,28.9,10,25.5362487456557,0,10,0,32.9,64.5,3.896,10,38.473,10,24.35,10,0,10,28.1486,10,0,10,32.0446,62.823
"901S00469 2009-05-13",0,10,0,12,10,25.7336787541584,48,10,41.3118223595458,19,10,27.264140062238,3,10,9.48683298050514,18,10,33.5989417822777,0,10,0,21,67,0,10,42.24,10,16.72,10,2.64,10,15.84,10,0,10,18.48,58.96
"901S00531 2009-05-07",0,10,0,0,10,0,0,10,0,0,10,0,0,10,0,0,10,0,100,10,0,100,0,0,10,0,10,0,10,0,10,0,10,100,10,100,0
"901S00997 2009-05-14",0,10,0,0,10,0,74,10,37.7712412645741,26,10,37.7712412645741,0,10,0,0,10,0,0,10,0,0,100,0,10,74,10,26,10,0,10,0,10,0,10,0,100
"901S01705 2009-05-14",0,10,0,0,10,0,76,10,11.9721899973786,2,10,6.32455532033676,0,10,0,22,10,14.1813649241218,0,10,0,22,78,0,10,76,10,2,10,0,10,22,10,0,10,22,78
"901S01811 2009-05-07",1.5,10,4.74341649025257,5,10,15.8113883008419,65.5,10,39.7527078043468,23,10,41.6466618643613,0,10,0,5,10,15.8113883008419,0,10,0,6.5,88.5,1.425,10,62.225,10,21.85,10,0,10,4.75,10,0,10,6.175,84.075
"901S06030 2009-04-30",0,10,0,15,10,33.7474278855276,75,10,42.4918292799399,10,10,31.6227766016838,0,10,0,0,10,0,0,10,0,0,85,0,10,63.75,10,8.5,10,0,10,0,10,0,10,0,72.25
"901SJMS1x 2008-04-23",0,10,0,4.5,10,3.68932393686311,55,10,35.1188458428425,5.5,10,6.43341968853959,0,10,0,35,10,37.0435179514881,0,10,0,35,60.5,0,10,52.525,10,5.2525,10,0,10,33.425,10,0,10,33.425,57.7775
"901SJMS1x 2008-05-13",0,10,0,8.5,10,4.74341649025257,49.5,10,34.1930792217763,6.5,10,6.25832778517286,0,10,0,35.5,10,28.4263180091189,0,10,0,35.5,56,0,10,45.2925,10,5.9475,10,0,10,32.4825,10,0,10,32.4825,51.24
"901SJMS1x 2008-06-02",0,10,0,18.5,10,16.6749979177077,46,10,26.7498701969852,24.5,10,28.9107823023406,0,10,0,11,10,13.4989711542111,0,10,0,11,70.5,0,10,37.49,10,19.9675,10,0,10,8.965,10,0,10,8.965,57.4575
"901SJMS1x 2008-06-25",0,10,0,65.5,10,45.3045251602972,19,10,28.5579333208052,13.5,10,20.2827239021017,0,10,0,2,10,3.4960294939005,0,10,0,2,32.5,0,10,6.555,10,4.6575,10,0,10,0.69,10,0,10,0.69,11.2125
"901SJMS1x 2008-07-03",0,10,0,81,10,35.418137224372,0,10,0,18,10,33.3499958354154,0,10,0,1,10,2.10818510677892,0,10,0,1,18,0,10,0,10,3.42,10,0,10,0.19,10,0,10,0.19,3.42
"901SJOF1x 2008-04-28",0,10,0,9.5,10,7.24568837309472,39,10,31.4289321768618,42,10,37.7270901784558,0,10,0,9.5,10,12.5720147770974,0,10,0,9.5,81,0,10,35.295,10,38.01,10,0,10,8.5975,10,0,10,8.5975,73.305
"901SJOF1x 2008-05-16",0,10,0,16.5,10,23.2199626758241,36.5,10,30.1892180900547,35,10,26.9773567603977,0,10,0,12,10,24.6306042692149,0,10,0,12,71.5,0,10,30.4775,10,29.225,10,0,10,10.02,10,0,10,10.02,59.7025
"901SJOF1x 2008-06-05",0,10,0,7.5,10,5.40061724867322,50,10,33.9934634239519,40,10,35.9783885748715,0,10,0,2.5,10,4.85912657903775,0,10,0,2.5,90,0,10,46.25,10,37,10,0,10,2.3125,10,0,10,2.3125,83.25
"901SJOF1x 2008-06-25",0,10,0,26.5,10,27.5932761536011,0,10,0,72,10,26.5832027165025,0,10,0,1.5,10,2.41522945769824,0,10,0,1.5,72,0,10,0,10,52.92,10,0,10,1.1025,10,0,10,1.1025,52.92
"901SJOF1x 2008-07-03",0,10,0,82.5,10,26.6926956300783,0,10,0,17.5,10,26.6926956300783,0,10,0,0,10,0,0,10,0,0,17.5,0,10,0,10,3.0625,10,0,10,0,10,0,10,0,3.0625
"901TCSMP1 2010-04-05",0,4,0,3.75,4,4.78713553878169,55,4,33.4165627596057,1.25,4,2.5,0,4,0,40,4,31.6227766016838,0,4,0,40,56.25,0,4,21.175,4,0.48125,4,0,4,15.4,4,0,4,15.4,21.65625
"901TCSMP1 2010-05-05",0,10,0,0,10,0,60,10,24.0370085030933,0,10,0,0,10,0,40,10,24.0370085030933,0,10,0,40,60,0,10,60,10,0,10,0,10,40,10,0,10,40,60
"901TCSMP1 2010-05-25",0,10,0,13,10,31.9895816373602,87,10,31.9895816373602,0,10,0,0,10,0,0,10,0,0,10,0,0,87,0,10,75.69,10,0,10,0,10,0,10,0,10,0,75.69
"902S00565 2009-04-27",0.5,10,1.58113883008419,0,10,0,57.5,10,36.1516866058064,3,10,9.48683298050514,0,10,0,3,10,9.48683298050514,36,10,33.3999334663343,39.5,60.5,0.5,10,57.5,10,3,10,0,10,3,10,36,10,39.5,60.5
"902S01097 2009-05-11",0,10,0,0,10,0,93,10,22.1359436211787,0,10,0,0,10,0,7,10,22.1359436211787,0,10,0,7,93,0,10,93,10,0,10,0,10,7,10,0,10,7,93
"902SMAS1x 2008-04-02",0,10,0,9.5,10,6.43341968853959,38,10,39.595173667731,2.5,10,3.53553390593274,0,10,0,50,10,39.8608691436713,0,10,0,50,40.5,0,10,34.39,10,2.2625,10,0,10,45.25,10,0,10,45.25,36.6525
"902SMAS1x 2008-04-08",1.5,10,3.37474278855276,25.5,10,11.413929112176,44.5,10,32.184364734034,6,10,12.6491106406735,1,10,3.16227766016838,21.5,10,28.3872036899257,0,10,0,24,50.5,1.1175,10,33.1525,10,4.47,10,0.745,10,16.0175,10,0,10,17.88,37.6225
"902SMAS1x 2008-05-12",0,10,0,14,10,9.94428926011753,49,10,33.3166624979154,2.5,10,3.53553390593274,0,10,0,34.5,10,29.7629523625149,0,10,0,34.5,51.5,0,10,42.14,10,2.15,10,0,10,29.67,10,0,10,29.67,44.29
"902SMAS1x 2008-06-02",0,10,0,13.5,10,30.1892180900547,15.5,10,31.4863286028856,0,10,0,0,10,0,1,10,3.16227766016838,0,10,0,1,15.5,0,10,2.5575,10,0,10,0,10,0.165,10,0,10,0.165,2.5575
"903ACPCT1 2010-05-11",0,10,0,0,10,0,33,10,11.5950180872841,0,10,0,0,10,0,67,10,11.5950180872841,0,10,0,67,33,0,10,33,10,0,10,0,10,67,10,0,10,67,33
"903ACPCT1 2010-05-25",0,10,0,0,10,0,17,10,4.21637021355784,0,10,0,0,10,0,83,10,4.21637021355784,0,10,0,83,17,0,10,17,10,0,10,0,10,83,10,0,10,83,17
"903ACPCT1 2010-06-15",0,10,0,0,10,0,6,10,3.94405318873308,0,10,0,0,10,0,94,10,3.94405318873308,0,10,0,94,6,0,10,6,10,0,10,0,10,94,10,0,10,94,6
"903ACPCT1 2010-06-30",0,10,0,0,10,0,5.5,10,2.83823106098773,0,10,0,0,10,0,94.5,10,2.83823106098773,0,10,0,94.5,5.5,0,10,5.5,10,0,10,0,10,94.5,10,0,10,94.5,5.5
"903ACPCT1 2010-07-13",0,10,0,53,10,40.0138864784603,47,10,40.0138864784603,0,10,0,0,10,0,0,10,0,0,10,0,0,47,0,10,22.09,10,0,10,0,10,0,10,0,10,0,22.09
"903CVPCT1 2010-05-10",0,10,0,0,10,0,27,10,20.4396129556745,0,10,0,0,10,0,73,10,20.4396129556745,0,10,0,73,27,0,10,27,10,0,10,0,10,73,10,0,10,73,27
"903CVPCT1 2010-06-01",0.5,10,1.58113883008419,0,10,0,17,10,9.18936583472681,0,10,0,0,10,0,82.5,10,9.20446751432272,0,10,0,83,17,0.5,10,17,10,0,10,0,10,82.5,10,0,10,83,17
"903CVPCT1 2010-06-15",0,10,0,0,10,0,10.5,10,18.6264447612647,0,10,0,0,10,0,89.5,10,18.6264447612647,0,10,0,89.5,10.5,0,10,10.5,10,0,10,0,10,89.5,10,0,10,89.5,10.5
"903CVPCT1 2010-06-30",0,10,0,0,10,0,21,10,14.4913767461894,1,10,3.16227766016838,0,10,0,78,10,13.1656117720877,0,10,0,78,22,0,10,21,10,1,10,0,10,78,10,0,10,78,22
"903CVPCT1 2010-07-13",0,10,0,45,10,39.510898637099,46,10,38.3550663030467,0,10,0,0,10,0,9,10,28.4604989415154,0,10,0,9,46,0,10,25.3,10,0,10,0,10,4.95,10,0,10,4.95,25.3
"904S00537 2009-05-04",5,10,15.8113883008419,0,10,0,74.5,10,28.4263180091189,9.5,10,17.3925271309261,0,10,0,9,10,13.9044357430761,0,10,0,14,84,4.9,10,73.01,10,9.31,10,0,10,8.82,10,0,10,13.72,82.32
"905DGCC1 2010-05-12",7,10,9.48683298050514,0,10,0,33,10,18.8856206322871,13,10,19.607254893137,10,10,23.094010767585,37,10,27.406406388126,0,10,0,54,46,7,10,33,10,13,10,10,10,37,10,0,10,54,46
"905DGCC1 2010-06-02",4,10,5.16397779494322,0,10,0,49,10,19.5505043981536,0.5,10,1.58113883008419,0,10,0,46.5,10,18.5666965888448,0,10,0,50.5,49.5,4,10,49,10,0.5,10,0,10,46.5,10,0,10,50.5,49.5
"905DGCC1 2010-06-16",1,10,3.16227766016838,0,10,0,31.5,10,24.1580444388843,0,10,0,0,10,0,67.5,10,23.1240615425193,0,10,0,68.5,31.5,1,10,31.5,10,0,10,0,10,67.5,10,0,10,68.5,31.5
"905DGCC1 2010-06-29",2,10,4.21637021355784,10,10,31.6227766016838,32,10,19.3218356615859,3,10,9.48683298050514,0,10,0,53,10,24.0601099101581,0,10,0,55,35,1.8,10,28.8,10,2.7,10,0,10,47.7,10,0,10,49.5,31.5
"905DGCC1 2010-07-13",0,10,0,70,10,48.3045891539648,20,10,42.1637021355784,9,10,28.4604989415154,0,10,0,1,10,3.16227766016838,0,10,0,1,29,0,10,6,10,2.7,10,0,10,0.3,10,0,10,0.3,8.7
"905DGSY1x 2008-04-10",1,10,2.10818510677892,2.5,10,3.53553390593274,7.5,10,15.8552479920337,2,10,4.83045891539648,0,10,0,56,10,33.8952635170298,31,10,23.6643191323985,88,9.5,0.975,10,7.3125,10,1.95,10,0,10,54.6,10,30.225,10,85.8,9.2625
"905DGSY1x 2008-04-24",1,10,2.10818510677892,5.5,10,5.50252467307306,23.5,10,33.0025251559129,2.5,10,3.53553390593274,0,10,0,58.5,10,30.826575836083,9,10,17.763883459299,68.5,26,0.945,10,22.2075,10,2.3625,10,0,10,55.2825,10,8.505,10,64.7325,24.57
"905DGSY1x 2008-05-14",0.5,10,1.58113883008419,5.5,10,3.68932393686311,17,10,33.2665998663324,6.5,10,5.79750904364203,0,10,0,65.5,10,31.2205416708651,5,10,7.07106781186548,71,23.5,0.4725,10,16.065,10,6.1425,10,0,10,61.8975,10,4.725,10,67.095,22.2075
"905DGSY1x 2008-06-03",0.5,10,1.58113883008419,4.5,10,4.37797517885457,26,10,38.8587184554509,8,10,8.88194172964949,0,10,0,61,10,35.3396220818629,0,10,0,61.5,34,0.4775,10,24.83,10,7.64,10,0,10,58.255,10,0,10,58.7325,32.47
"905DGSY1x 2008-06-24",1.5,10,3.37474278855276,13.5,10,12.0300549550791,28.5,10,34.7251109909433,21,10,20.5209919621618,0,10,0,35.5,10,29.6694755224587,0,10,0,37,49.5,1.2975,10,24.6525,10,18.165,10,0,10,30.7075,10,0,10,32.005,42.8175
"905DGSY1x 2008-07-02",0,10,0,17,10,12.952906151817,21.5,10,30.0970651946886,44,10,20.6559111797729,0,10,0,17.5,10,15.3206469257085,0,10,0,17.5,65.5,0,10,17.845,10,36.52,10,0,10,14.525,10,0,10,14.525,54.365
"905DGSY1x 2008-07-09",0,10,0,27.5,10,28.1118796557217,11.5,10,13.9542904592897,52,10,25.6255081250434,0,10,0,9,10,8.09663853432741,0,10,0,9,63.5,0,10,8.3375,10,37.7,10,0,10,6.525,10,0,10,6.525,46.0375
"905DGSY1x 2008-07-16",0,10,0,77.5,10,36.7612416668546,0,10,0,22.5,10,36.7612416668546,0,10,0,0,10,0,0,10,0,0,22.5,0,10,0,10,5.0625,10,0,10,0,10,0,10,0,5.0625
"905DGSY1x 2010-05-03",0,10,0,6.6,10,9.66321777555374,49.9,10,38.2257911770458,7.5,10,22.0164080227048,1.5,10,4.74341649025257,26.5,10,32.2361081191056,8,10,25.298221281347,36,57.4,0,10,46.6066,10,7.005,10,1.401,10,24.751,10,7.472,10,33.624,53.6116
"905DGSY1x 2010-06-01",0,10,0,0,10,0,25,10,26.3523138347365,1.5,10,3.37474278855276,0,10,0,73.5,10,27.5932761536011,0,10,0,73.5,26.5,0,10,25,10,1.5,10,0,10,73.5,10,0,10,73.5,26.5
"905DGSY1x 2010-06-14",0,10,0,0,10,0,11.5,10,18.8635450892279,0,10,0,0,10,0,78.5,10,33.1704352967786,0,10,0,78.5,11.5,0,10,10.35,10,0,10,0,10,70.65,10,0,10,70.65,10.35
"905DGSY1x 2010-06-29",0,10,0,0,10,0,10.5,10,5.50252467307306,2,10,6.32455532033676,0,10,0,87.5,10,10.6066017177982,0,10,0,87.5,12.5,0,10,10.5,10,2,10,0,10,87.5,10,0,10,87.5,12.5
"905DGSY1x 2010-07-20",0,10,0,0,10,0,20.5,10,24.8830598332815,0,10,0,0,10,0,79.5,10,24.8830598332815,0,10,0,79.5,20.5,0,10,20.5,10,0,10,0,10,79.5,10,0,10,79.5,20.5
"905DGSY1x 2010-08-19",0,10,0,0,10,0,31,10,23.3095116493961,0,10,0,0,10,0,69,10,23.3095116493961,0,10,0,69,31,0,10,31,10,0,10,0,10,69,10,0,10,69,31
"905DGSY1x 2010-09-15",0,10,0,0,10,0,56.5,10,26.2519840520039,1,10,2.10818510677892,0,10,0,42.5,10,27.4114736723309,0,10,0,42.5,57.5,0,10,56.5,10,1,10,0,10,42.5,10,0,10,42.5,57.5
"905DGUT1 2010-05-13",6,10,8.43274042711568,0,10,0,35.5,10,23.6231995198694,20.5,10,19.500712237705,0,10,0,38,10,27.3048632216965,0,10,0,44,56,6,10,35.5,10,20.5,10,0,10,38,10,0,10,44,56
"905DGUT1 2010-06-02",2,10,3.4960294939005,0,10,0,29.5,10,15.5366949152286,5,10,5.2704627669473,0,10,0,63.5,10,20.0069432392302,0,10,0,65.5,34.5,2,10,29.5,10,5,10,0,10,63.5,10,0,10,65.5,34.5
"905DGUT1 2010-06-16",0,10,0,0,10,0,39,10,12.8668393770792,1,10,3.16227766016838,0,10,0,60,10,11.5470053837925,0,10,0,60,40,0,10,39,10,1,10,0,10,60,10,0,10,60,40
"905DGUT1 2010-06-29",0,10,0,16,10,35.0238014308365,52,10,30.1109061083632,0,10,0,0,10,0,32,10,26.1618891604648,0,10,0,32,52,0,10,43.68,10,0,10,0,10,26.88,10,0,10,26.88,43.68
"905DGUT1 2010-07-13",0,10,0,49.5,10,52.1988718481752,25.5,10,26.7135005401971,0,10,0,0,10,0,25,10,27.1825107171668,0,10,0,25,25.5,0,10,12.8775,10,0,10,0,10,12.625,10,0,10,12.625,12.8775
"905S01953 2009-04-29",1,10,3.16227766016838,0,10,0,74.5,10,31.8372597927509,0,10,0,0,10,0,24.5,10,29.6694755224587,0,10,0,25.5,74.5,1,10,74.5,10,0,10,0,10,24.5,10,0,10,25.5,74.5
"907S00577 2009-05-12",2,10,4.21637021355784,0,10,0,83,10,17.0293863659264,0,10,0,0,10,0,15,10,15.8113883008419,0,10,0,17,83,2,10,83,10,0,10,0,10,15,10,0,10,17,83
"907S01418 2009-05-12",3.5,10,4.74341649025257,0,10,0,36,10,20.6559111797729,15,10,14.3372087784044,5,10,7.07106781186548,18,10,10.0554020859989,22.5,10,16.2018517460196,49,51,3.5,10,36,10,15,10,5,10,18,10,22.5,10,49,51
"907S01434 2009-05-13",2,10,4.21637021355784,0,10,0,59,10,15.2388392675499,6,10,12.4275679215382,0,10,0,33,10,17.9814719456816,0,10,0,35,65,2,10,59,10,6,10,0,10,33,10,0,10,35,65
"907SRSD1x 2008-04-11",4,10,12.6491106406735,5,10,8.16496580927726,7,10,16.3639169448448,8,10,16.1932770686548,0,10,0,76,10,31.0733898304571,0,10,0,80,15,3.8,10,6.65,10,7.6,10,0,10,72.2,10,0,10,76,14.25
"907SRSD1x 2008-07-02",1,10,3.16227766016838,66,10,37.8447119452933,5,10,14.142135623731,27,10,29.7396106975939,0,10,0,1,10,2.10818510677892,0,10,0,2,32,0.34,10,1.7,10,9.18,10,0,10,0.34,10,0,10,0.68,10.88
"907SRSD1x 2008-07-09",1,10,3.16227766016838,82.5,10,35.6876885089398,2,10,6.32455532033676,14,10,29.4203255514883,0,10,0,0.5,10,1.58113883008419,0,10,0,1.5,16,0.175,10,0.35,10,2.45,10,0,10,0.0875,10,0,10,0.2625,2.8
"907SRSD1x 2010-05-04",1.5,10,3.37474278855276,1,10,3.16227766016838,43.5,10,23.6936465933146,2,10,3.4960294939005,0,10,0,52,10,21.6281709300111,0,10,0,53.5,45.5,1.485,10,43.065,10,1.98,10,0,10,51.48,10,0,10,52.965,45.045
"907SRSD1x 2010-06-01",1.5,10,4.74341649025257,0,10,0,63,10,26.2678510731274,0,10,0,0,10,0,35.5,10,23.1480740739556,0,10,0,37,63,1.5,10,63,10,0,10,0,10,35.5,10,0,10,37,63
"907SRSD1x 2010-06-15",0,10,0,0,10,0,43,10,32.3350515007407,9,10,28.4604989415154,0,10,0,48,10,31.5524255098646,0,10,0,48,52,0,10,43,10,9,10,0,10,48,10,0,10,48,52
"907SRSD1x 2010-06-29",0,10,0,0,10,0,50,10,25.3859103528797,0,10,0,0,10,0,50,10,25.3859103528797,0,10,0,50,50,0,10,50,10,0,10,0,10,50,10,0,10,50,50
"907SRSD1x 2010-07-13",0,10,0,0,10,0,46.5,10,28.8723243108537,0,10,0,0,10,0,53.5,10,28.8723243108537,0,10,0,53.5,46.5,0,10,46.5,10,0,10,0,10,53.5,10,0,10,53.5,46.5
"911NCPCR2 2010-04-28",17,10,33.6815148775177,0,10,0,16.5,10,27.7938842193746,26,10,31.7804971641414,0,10,0,24.5,10,30.7724624371278,16,10,25.7983634278525,57.5,42.5,17,10,16.5,10,26,10,0,10,24.5,10,16,10,57.5,42.5
"911NCPCR2 2010-05-24",2,10,4.83045891539648,0,10,0,20.5,10,24.6587825237897,1,10,2.10818510677892,0,10,0,75.5,10,24.2039941607441,1,10,2.10818510677892,78.5,21.5,2,10,20.5,10,1,10,0,10,75.5,10,1,10,78.5,21.5
"911NCPCR2 2010-06-14",0,10,0,0,10,0,24,10,19.6920739836559,10,10,16.996731711976,0,10,0,59.5,10,18.4767120692208,6.5,10,14.1519531435692,66,34,0,10,24,10,10,10,0,10,59.5,10,6.5,10,66,34
"911NCPCR2 2010-06-30",0,10,0,0,10,0,23,10,14.1813649241218,17,10,20.0277585143997,0,10,0,60,10,20,0,10,0,60,40,0,10,23,10,17,10,0,10,60,10,0,10,60,40
"911NCPCR2 2010-07-20",0,10,0,0,10,0,30.5,10,28.9107823023406,14,10,17.1269767715535,0,10,0,55.5,10,31.3093880134662,0,10,0,55.5,44.5,0,10,30.5,10,14,10,0,10,55.5,10,0,10,55.5,44.5
"911NCPCR2 2010-08-19",0,10,0,0,10,0,32,10,17.5119007154183,12,10,16.1932770686548,0,10,0,56,10,24.1292814278051,0,10,0,56,44,0,10,32,10,12,10,0,10,56,10,0,10,56,44
"911NCPCR2 2010-09-14",0,10,0,0,10,0,51,10,26.6458251889485,9.5,10,15.7144660884309,0,10,0,39.5,10,27.2284573358259,0,10,0,39.5,60.5,0,10,51,10,9.5,10,0,10,39.5,10,0,10,39.5,60.5
"911S00538 2009-05-05",0,10,0,0,10,0,0,10,0,50,10,30.2765035409749,0,10,0,28,10,21.3697605664328,22,10,34.253953543107,50,50,0,10,0,10,50,10,0,10,28,10,22,10,50,50
"911S01818 2009-05-06",0,10,0,0,10,0,89,10,16.6332999331662,0,10,0,0,10,0,11,10,16.6332999331662,0,10,0,11,89,0,10,89,10,0,10,0,10,11,10,0,10,11,89
"911S02058 2009-05-05",1,10,3.16227766016838,0,10,0,47.5,10,31.3802839729379,17.5,10,27.8138654471311,0,10,0,34,10,29.8886823619465,0,10,0,35,65,1,10,47.5,10,17.5,10,0,10,34,10,0,10,35,65
"911S03354 2009-05-05",0,10,0,0,10,0,57,10,36.1478445646026,1.5,10,4.74341649025257,0,10,0,40.5,10,36.0901648652372,0,10,0,40.5,58.5,0,10,56.43,10,1.485,10,0,10,40.095,10,0,10,40.095,57.915
"911S04086 2009-05-06",0,10,0,0,10,0,95,10,15.8113883008419,0,10,0,0,10,0,5,10,15.8113883008419,0,10,0,5,95,0,10,95,10,0,10,0,10,5,10,0,10,5,95
"911TJPC2 2010-04-27",0,10,0,11.5,10,19.1557940175928,46,10,39.214509786274,10.5,10,23.6231995198694,0,10,0,25.5,10,32.0112827331587,6.5,10,11.5590272562665,32,56.5,0,10,40.71,10,9.2925,10,0,10,22.5675,10,5.7525,10,28.32,50.0025
"911TJPC2 2010-05-24",0,10,0,0,10,0,35,10,35.5902608401044,0.5,10,1.58113883008419,8.5,10,26.8793601114312,56,10,39.6372439898527,0,10,0,64.5,35.5,0,10,35,10,0.5,10,8.5,10,56,10,0,10,64.5,35.5
"911TJPC2 2010-06-14",0,10,0,0,10,0,35,10,34.3996124009172,0,10,0,0,10,0,65,10,34.3996124009172,0,10,0,65,35,0,10,35,10,0,10,0,10,65,10,0,10,65,35
"911TJPC2 2010-07-01",0,10,0,0,10,0,50,10,36.8178700572909,8,10,25.298221281347,0,10,0,42,10,38.2390143992,0,10,0,42,58,0,10,50,10,8,10,0,10,42,10,0,10,42,58
"911TJPC2 2010-07-19",0,10,0,60,10,45.9468291736341,35,10,41.1636301174282,5,10,15.8113883008419,0,10,0,0,10,0,0,10,0,0,40,0,10,14,10,2,10,0,10,0,10,0,10,0,16
"LALT-501 2009-06-22",0,10,0,0,10,0,0,10,0,0,10,0,0,10,0,40,10,0,60,10,0,100,0,0,10,0,10,0,10,0,10,40,10,60,10,100,0
"LALT500 2009-06-22",0,10,0,0,10,0,100,10,0,0,10,0,0,10,0,0,10,0,0,10,0,0,100,0,10,100,10,0,10,0,10,0,10,0,10,0,100
"LALT500 2010-07-15",0,10,0,0,10,0,100,10,0,0,10,0,0,10,0,0,10,0,0,10,0,0,100,0,10,100,10,0,10,0,10,0,10,0,10,0,100
"LALT501 2010-07-15",0,10,0,0,10,0,0,10,0,0,10,0,10,10,31.6227766016838,90,10,31.6227766016838,0,10,0,100,0,0,10,0,10,0,10,10,10,90,10,0,10,100,0
"LALT502 2009-06-22",0,10,0,0,10,0,8.5,10,18.2650242570633,83,10,36.5300485141266,0,10,0,0,10,0,8.5,10,18.2650242570633,8.5,91.5,0,10,8.5,10,83,10,0,10,0,10,8.5,10,8.5,91.5
"LALT502 2010-07-15",0,10,0,0,10,0,47.5,10,43.668575021913,51.5,10,44.6000747383529,0,10,0,1,10,3.16227766016838,0,10,0,1,99,0,10,47.5,10,51.5,10,0,10,1,10,0,10,1,99
"LALT503 2010-07-15",0,10,0,0,10,0,50,10,52.704627669473,0,10,0,0,10,0,50,10,52.704627669473,0,10,0,50,50,0,10,50,10,0,10,0,10,50,10,0,10,50,50
"LAR0052 2010-07-08",0,10,0,0,10,0,13,10,5.86893895388634,0,10,0,0,10,0,87,10,5.86893895388634,0,10,0,87,13,0,10,13,10,0,10,0,10,87,10,0,10,87,13
"LAR0080 2010-07-08",0,10,0,2,10,6.32455532033676,35.5,10,23.5053185470863,0,10,0,0,10,0,62.5,10,28.1118796557217,0,10,0,62.5,35.5,0,10,34.79,10,0,10,0,10,61.25,10,0,10,61.25,34.79
"LAR0092 2010-07-27",0,10,0,4,10,12.6491106406735,2,10,4.21637021355784,0,10,0,0,10,0,94,10,15.7762127549323,0,10,0,94,2,0,10,1.92,10,0,10,0,10,90.24,10,0,10,90.24,1.92
"LB_RA 2010-05-26",0,10,0,0,10,0,92,10,16.1932770686548,0,10,0,0,10,0,8,10,16.1932770686548,0,10,0,8,92,0,10,92,10,0,10,0,10,8,10,0,10,8,92
"LB_RA1 2010-05-26",0,10,0,0,10,0,99,10,2.10818510677892,0,10,0,0,10,0,1,10,2.10818510677892,0,10,0,1,99,0,10,99,10,0,10,0,10,1,10,0,10,1,99
"LC_R31 2010-05-25",0,10,0,0,10,0,0,10,0,0,10,0,0,10,0,65,10,21.0818510677892,35,10,21.0818510677892,100,0,0,10,0,10,0,10,0,10,65,10,35,10,100,0
"LC_R4 2010-05-25",0,10,0,0,10,0,0,10,0,0,10,0,0,10,0,100,10,0,0,10,0,100,0,0,10,0,10,0,10,0,10,100,10,0,10,100,0
"LC_R5 2010-05-25",0,10,0,0,10,0,0,10,0,0,10,0,0,10,0,90,10,12.9099444873581,10,10,12.9099444873581,100,0,0,10,0,10,0,10,0,10,90,10,10,10,100,0
"ME-CC 2010-07-12",0,10,0,0,10,0,52,10,33.0991775661504,1,10,2.10818510677892,0,10,0,47,10,33.2665998663324,0,10,0,47,53,0,10,52,10,1,10,0,10,47,10,0,10,47,53
"ME-CC 2011-07-07",0,10,0,0,10,0,49.5,10,27.3302843827949,28.5,10,20.5548047910945,0,10,0,22,10,32.8464440828667,0,10,0,22,78,0,10,49.5,10,28.5,10,0,10,22,10,0,10,22,78
"ME-SCR 2011-07-13",0,10,0,0,10,0,27,10,15.6702123647242,0,10,0,0,10,0,73,10,15.6702123647242,0,10,0,73,27,0,10,27,10,0,10,0,10,73,10,0,10,73,27
"ME-VR2 2010-07-07",0,10,0,0,10,0,17.5,10,12.9636243217534,82.5,10,12.9636243217534,0,10,0,0,10,0,0,10,0,0,100,0,10,17.5,10,82.5,10,0,10,0,10,0,10,0,100
"ME-VR2 2011-07-06",0,10,0,0,10,0,21.5,10,15.1015083867657,10,10,16.8325082306035,0,10,0,65.5,10,27.126248051165,3,10,3.4960294939005,68.5,31.5,0,10,21.5,10,10,10,0,10,65.5,10,3,10,68.5,31.5
"MO2_Mont 2010-06-30",0,10,0,0,10,0,60,10,51.6397779494322,0,10,0,0,10,0,0,10,0,0,10,0,0,60,0,10,36,10,0,10,0,10,0,10,0,10,0,36
"POM_RC 2010-05-28",0,10,0,0,10,0,12,10,10.5934990547138,0,10,0,0,10,0,88,10,10.5934990547138,0,10,0,88,12,0,10,12,10,0,10,0,10,88,10,0,10,88,12
"POM_RD 2010-06-16",0,10,0,0.5,10,1.58113883008419,87.5,10,14.3855637513601,0,10,0,0,10,0,12,10,13.984117975602,0,10,0,12,87.5,0,10,87.0625,10,0,10,0,10,11.94,10,0,10,11.94,87.0625
"REF-CS 2008-10-22",17.5,10,21.2459146399699,12.5,10,10.6066017177982,0,10,0,66,10,29.2308816911917,0,10,0,4,10,6.58280588604383,0,10,0,21.5,66,15.3125,10,0,10,57.75,10,0,10,3.5,10,0,10,18.8125,57.75
"REF-CS 2009-04-29",20,10,42.1637021355784,0,10,0,15,10,26.3523138347365,38.5,10,42.9502295945228,0,10,0,26.5,10,33.3374997396159,0,10,0,46.5,53.5,20,10,15,10,38.5,10,0,10,26.5,10,0,10,46.5,53.5
"REF-TCAS 2009-04-30",3,10,3.4960294939005,2.5,10,6.34647758821992,39,10,17.9195734076208,0.5,10,1.58113883008419,0,10,0,55,10,17.6383420737639,0,10,0,58,39.5,2.925,10,38.025,10,0.4875,10,0,10,53.625,10,0,10,56.55,38.5125
"SA_RB 2010-06-02",0,10,0,0,10,0,2,10,4.21637021355784,0,10,0,0,10,0,58,10,50.0666222813829,0,10,0,58,2,0,10,1.2,10,0,10,0,10,34.8,10,0,10,34.8,1.2
"SGLT506 2010-07-06",0,10,0,0,10,0,95.5,10,7.61941963377497,0,10,0,0,10,0,4.5,10,7.61941963377497,0,10,0,4.5,95.5,0,10,95.5,10,0,10,0,10,4.5,10,0,10,4.5,95.5
"SGLT508 2009-05-26",0,10,0,0,10,0,100,10,0,0,10,0,0,10,0,0,10,0,0,10,0,0,100,0,10,100,10,0,10,0,10,0,10,0,10,0,100
"SGUR010 2010-06-18",0.5,10,1.58113883008419,0,10,0,0,10,0,0.5,10,1.58113883008419,0,10,0,99,10,2.10818510677892,0,10,0,99.5,0.5,0.5,10,0,10,0.5,10,0,10,99,10,0,10,99.5,0.5
"SGUR010 2011-06-27",4.5,10,11.1679103785006,0,10,0,38.5,10,14.9164338901763,0,10,0,0,10,0,57,10,21.1081869319834,0,10,0,61.5,38.5,4.5,10,38.5,10,0,10,0,10,57,10,0,10,61.5,38.5
"SGUR103 2010-07-22",7,10,5.86893895388634,0,10,0,5,10,0,1,10,2.10818510677892,0,10,0,87,10,5.3748384988657,0,10,0,94,6,7,10,5,10,1,10,0,10,87,10,0,10,94,6
"SGUR103 2011-08-03",7.5,10,16.2018517460196,0,10,0,10,10,3.33333333333333,3.5,10,8.18195847242239,0,10,0,79,10,24.0138848724372,0,10,0,86.5,13.5,7.5,10,10,10,3.5,10,0,10,79,10,0,10,86.5,13.5
"SGUT 503 2009-05-08",3.5,10,6.68746754924629,1.5,10,4.74341649025257,19,10,11.4987922071069,5,10,15.8113883008419,0,10,0,70,10,26.4575131106459,1,10,3.16227766016838,74.5,24,3.4475,10,18.715,10,4.925,10,0,10,68.95,10,0.985,10,73.3825,23.64
"SGUT 503 2010-05-27",0.5,10,1.58113883008419,0,10,0,1.5,10,3.37474278855276,0,10,0,4.5,10,12.5720147770974,93.5,10,12.4833222073827,0,10,0,98.5,1.5,0.5,10,1.5,10,0,10,4.5,10,93.5,10,0,10,98.5,1.5
"SGUT501 2010-07-07",2,10,2.58198889747161,0,10,0,20,10,42.1637021355784,1,10,3.16227766016838,7.5,10,6.34647758821992,23,10,25.7336787541584,46.5,10,34.4036496771943,79,21,2,10,20,10,1,10,7.5,10,23,10,46.5,10,79,21
"SGUT502 2009-05-13",9,10,5.16397779494322,0,10,0,3,10,6.32455532033676,3,10,6.74948557710553,0,10,0,67.5,10,18.4466196843155,17.5,10,15.8552479920337,94,6,9,10,3,10,3,10,0,10,67.5,10,17.5,10,94,6
"SGUT502 2010-05-27",0,10,0,0,10,0,5,10,4.08248290463863,0.5,10,1.58113883008419,0,10,0,94.5,10,4.37797517885457,0,10,0,94.5,5.5,0,10,5,10,0.5,10,0,10,94.5,10,0,10,94.5,5.5
"SGUT502 2011-06-28",1,10,2.10818510677892,0,10,0,5.5,10,1.58113883008419,1,10,2.10818510677892,14,10,11.7378779077727,71,10,27.5680975041804,7.5,10,22.0164080227048,93.5,6.5,1,10,5.5,10,1,10,14,10,71,10,7.5,10,93.5,6.5
"SGUT503 2011-07-27",0,10,0,0,10,0,13.5,10,13.1339255365637,5,10,10.5409255338946,7,10,14.3759057685652,74.5,10,24.8830598332815,0,10,0,81.5,18.5,0,10,13.5,10,5,10,7,10,74.5,10,0,10,81.5,18.5
"SGUT504 2010-07-07",0,10,0,0,10,0,0,10,0,0,10,0,15,10,16.996731711976,54,10,35.103022978402,31,10,28.7518115371304,100,0,0,10,0,10,0,10,15,10,54,10,31,10,100,0
"SGUT505 2010-07-08",0,10,0,0,10,0,0,10,0,0,10,0,12.5,10,23.0036229030704,12,10,20.976176963403,75.5,10,25.2157358277194,100,0,0,10,0,10,0,10,12.5,10,12,10,75.5,10,100,0
"Site 19 2010-07-10",0,10,0,0,10,0,100,10,0,0,10,0,0,10,0,0,10,0,0,10,0,0,100,0,10,100,10,0,10,0,10,0,10,0,10,0,100
"Site 6 2010-07-08",0.5,10,1.58113883008419,0,10,0,43,10,35.3710490530195,0.5,10,1.58113883008419,0,10,0,56,10,36.4996194805127,0,10,0,56.5,43.5,0.5,10,43,10,0.5,10,0,10,56,10,0,10,56.5,43.5
"Site 7 2010-07-06",0.5,10,1.58113883008419,0,10,0,42,10,32.5064096243597,9.5,10,24.9944438270233,0,10,0,47.5,10,32.9351214089492,0.5,10,1.58113883008419,48.5,51.5,0.5,10,42,10,9.5,10,0,10,47.5,10,0.5,10,48.5,51.5
"SJC_C1Alt 2010-06-03",0,10,0,32,10,12.2927259430572,45.5,10,15.7144660884309,5,10,15.8113883008419,0,10,0,17.5,10,14.9536320374386,0,10,0,17.5,50.5,0,10,30.94,10,3.4,10,0,10,11.9,10,0,10,11.9,34.34
"SJC_R2 2010-05-25",0,10,0,0,10,0,0,10,0,0,10,0,0,10,0,100,10,0,0,10,0,100,0,0,10,0,10,0,10,0,10,100,10,0,10,100,0
"SMC00080 2011-06-13",0,10,0,0,10,0,24,10,13.4989711542111,0,10,0,0,10,0,66,10,25.4732975660571,0,10,0,66,24,0,10,21.6,10,0,10,0,10,59.4,10,0,10,59.4,21.6
"SMC00105 2009-05-12",0.5,10,1.58113883008419,0,10,0,45,10,32.7448045073142,1,10,3.16227766016838,0,10,0,23.5,10,20.5548047910945,0,10,0,24,46,0.35,10,31.5,10,0.7,10,0,10,16.45,10,0,10,16.8,32.2
"SMC00135 2010-06-07",17.5,10,23.7170824512628,0,10,0,0,10,0,0,10,0,62.5,10,39.5284707521047,20,10,42.1637021355784,0,10,0,100,0,17.5,10,0,10,0,10,62.5,10,20,10,0,10,100,0
"SMC00153 2009-06-08",0,10,0,0,10,0,58,10,39.1010087963071,19,10,26.0128173535022,0,10,0,0,10,0,23,10,32.3350515007407,23,77,0,10,58,10,19,10,0,10,0,10,23,10,23,77
"SMC00180 2010-06-18",28.6,10,11.8246446975045,3.3,10,10.4355162785557,2.6,10,4.97102716861527,3.3,10,10.4355162785557,28.6,10,11.8246446975045,25.4,10,11.5200308641562,8.2,10,12.4257796536073,90.8,5.9,27.6562,10,2.5142,10,3.1911,10,27.6562,10,24.5618,10,7.9294,10,87.8036,5.7053
"SMC00191 2010-07-12",0,10,0,0,10,0,27,10,27.7088032541605,0,10,0,0,10,0,73,10,27.7088032541605,0,10,0,73,27,0,10,27,10,0,10,0,10,73,10,0,10,73,27
"SMC00198 2009-05-20",0,10,0,0,10,0,57,10,29.4580681270476,1,10,3.16227766016838,0,10,0,7.5,10,6.34647758821992,34.5,10,24.318488622628,42,58,0,10,57,10,1,10,0,10,7.5,10,34.5,10,42,58
"SMC00206 2009-05-18",0.5,10,1.58113883008419,0,10,0,46,10,17.763883459299,33,10,16.1932770686548,0,10,0,11,10,13.4989711542111,0,10,0,11.5,79,0.4525,10,41.63,10,29.865,10,0,10,9.955,10,0,10,10.4075,71.495
"SMC00271 2009-06-04",5,10,15.8113883008419,11.5,10,20.0069432392302,20,10,33.6650164612069,21,10,34.4641520681676,0,10,0,42.5,10,33.103373443402,0,10,0,47.5,41,4.425,10,17.7,10,18.585,10,0,10,37.6125,10,0,10,42.0375,36.285
"SMC00282 2009-06-09",0,10,0,1,10,3.16227766016838,29.5,10,25.8682559649209,6,10,13.4989711542111,0,10,0,59,10,23.1900361745681,4.5,10,9.55975359979999,63.5,35.5,0,10,29.205,10,5.94,10,0,10,58.41,10,4.455,10,62.865,35.145
"SMC00288 2009-06-18",19,10,14.2984070596848,0,10,0,28,10,10.3279555898864,19.5,10,13.8343373129648,2.5,10,7.90569415042095,31,10,23.3095116493961,0,10,0,52.5,47.5,19,10,28,10,19.5,10,2.5,10,31,10,0,10,52.5,47.5
"SMC00318 2010-06-15",0,10,0,0,10,0,41.5,10,8.18195847242239,0,10,0,0,10,0,58.5,10,8.18195847242239,0,10,0,58.5,41.5,0,10,41.5,10,0,10,0,10,58.5,10,0,10,58.5,41.5
"SMC00324 2010-06-21",0,10,0,0,10,0,25,10,15.0923085635624,0,10,0,0,10,0,75,10,15.0923085635624,0,10,0,75,25,0,10,25,10,0,10,0,10,75,10,0,10,75,25
"SMC00345 2011-07-19",0,10,0,0,10,0,92,10,8.88194172964949,0.5,10,1.58113883008419,0,10,0,7.5,10,9.20446751432272,0,10,0,7.5,92.5,0,10,92,10,0.5,10,0,10,7.5,10,0,10,7.5,92.5
"SMC00375 2010-06-08",0,10,0,0,10,0,0,10,0,0,10,0,0,10,0,100,10,0,0,10,0,100,0,0,10,0,10,0,10,0,10,100,10,0,10,100,0
"SMC00382 2009-06-23",0,10,0,0,10,0,100,10,0,0,10,0,0,10,0,0,10,0,0,10,0,0,100,0,10,100,10,0,10,0,10,0,10,0,10,0,100
"SMC00428 2010-07-22",0,10,0,0,10,0,9,10,5.16397779494322,0,10,0,0,10,0,91,10,5.16397779494322,0,10,0,91,9,0,10,9,10,0,10,0,10,91,10,0,10,91,9
"SMC00428 2011-08-03",0,10,0,0,10,0,20,10,14.7196014438797,3,10,6.74948557710553,0,10,0,77,10,16.1932770686548,0,10,0,77,23,0,10,20,10,3,10,0,10,77,10,0,10,77,23
"SMC00436 2009-05-26",0,10,0,0.5,10,1.58113883008419,10.5,10,3.68932393686311,0,10,0,0,10,0,89,10,3.94405318873308,0,10,0,89,10.5,0,10,10.4475,10,0,10,0,10,88.555,10,0,10,88.555,10.4475
"SMC00440 2009-05-20",0,10,0,0,10,0,97.5,10,3.53553390593274,0,10,0,0,10,0,2.5,10,3.53553390593274,0,10,0,2.5,97.5,0,10,97.5,10,0,10,0,10,2.5,10,0,10,2.5,97.5
"SMC00446 2010-07-01",0,10,0,0,10,0,42,10,17.0293863659264,57.5,10,17.1998062004586,0,10,0,0.5,10,1.58113883008419,0,10,0,0.5,99.5,0,10,42,10,57.5,10,0,10,0.5,10,0,10,0.5,99.5
"SMC00457 2009-06-04",0.5,10,1.58113883008419,0,10,0,32.5,10,17.8341121325272,11,10,13.9044357430761,0,10,0,50,10,26.0341655863555,6,10,8.75595035770913,56.5,43.5,0.5,10,32.5,10,11,10,0,10,50,10,6,10,56.5,43.5
"SMC00464 2009-05-08",0,10,0,0,10,0,16,10,11.9721899973786,26,10,38.5717225150469,0,10,0,38,10,35.3710490530195,20,10,25.3859103528797,58,42,0,10,16,10,26,10,0,10,38,10,20,10,58,42
"SMC00473 2009-06-03",0,10,0,0,10,0,55.5,10,28.5238691469287,13,10,18.8856206322871,0,10,0,28.5,10,22.613909190781,3,10,9.48683298050514,31.5,68.5,0,10,55.5,10,13,10,0,10,28.5,10,3,10,31.5,68.5
"SMC00476 2009-06-08",2.5,10,4.24918292799399,0,10,0,6,10,13.4989711542111,21.5,10,25.3913808648175,0,10,0,70,10,29.0593262902712,0,10,0,72.5,27.5,2.5,10,6,10,21.5,10,0,10,70,10,0,10,72.5,27.5
"SMC00479 2011-07-13",0,10,0,0,10,0,84,10,9.66091783079296,0,10,0,0,10,0,16,10,9.66091783079296,0,10,0,16,84,0,10,84,10,0,10,0,10,16,10,0,10,16,84
"SMC00480 2009-05-13",1.5,10,3.37474278855276,0,10,0,0,10,0,0.2,10,0.632455532033676,9,10,28.4604989415154,81.3,10,32.7144208772421,8,10,16.1932770686548,99.8,0.2,1.5,10,0,10,0.2,10,9,10,81.3,10,8,10,99.8,0.2
"SMC00520 2009-05-19",0,10,0,0,10,0,12,10,17.6698110409314,1,10,3.16227766016838,0,10,0,85.5,10,19.9234646696915,1.5,10,3.37474278855276,87,13,0,10,12,10,1,10,0,10,85.5,10,1.5,10,87,13
"SMC00520 2011-08-05",0,10,0,0,10,0,8.5,10,5.2967495273569,0,10,0,3,10,6.74948557710553,77,10,23.3571307218065,11.5,10,14.7290340635238,91.5,8.5,0,10,8.5,10,0,10,3,10,77,10,11.5,10,91.5,8.5
"SMC00531 2009-05-18",0,10,0,0,10,0,84.5,10,10.1242283656583,0,10,0,0,10,0,15.5,10,10.1242283656583,0,10,0,15.5,84.5,0,10,84.5,10,0,10,0,10,15.5,10,0,10,15.5,84.5
"SMC00544 2011-06-22",0.5,10,1.58113883008419,0,10,0,7,10,3.4960294939005,0,10,0,0,10,0,92,10,3.4960294939005,0.5,10,1.58113883008419,93,7,0.5,10,7,10,0,10,0,10,92,10,0.5,10,93,7
"SMC00608 2011-06-27",0,10,0,0,10,0,58.5,10,13.9542904592897,0,10,0,0,10,0,41.5,10,13.9542904592897,0,10,0,41.5,58.5,0,10,58.5,10,0,10,0,10,41.5,10,0,10,41.5,58.5
"SMC00632 2011-06-13",0,10,0,0,10,0,89.5,10,15.5366949152286,0,10,0,0,10,0,10.5,10,15.5366949152286,0,10,0,10.5,89.5,0,10,89.5,10,0,10,0,10,10.5,10,0,10,10.5,89.5
"SMC00665 2011-07-27",0,10,0,0,10,0,63,10,17.5119007154183,0,10,0,0,10,0,37,10,17.5119007154183,0,10,0,37,63,0,10,63,10,0,10,0,10,37,10,0,10,37,63
"SMC00670 2009-05-21",0,10,0,0,10,0,95,10,9.7182531580755,0,10,0,0,10,0,5,10,9.7182531580755,0,10,0,5,95,0,10,95,10,0,10,0,10,5,10,0,10,5,95
"SMC00684 2011-06-27",0,10,0,0,10,0,0,10,0,0,10,0,0,10,0,100,10,0,0,10,0,100,0,0,10,0,10,0,10,0,10,100,10,0,10,100,0
"SMC00686 2011-06-27",0,10,0,0,10,0,85,10,13.1233464566864,0,10,0,0,10,0,15,10,13.1233464566864,0,10,0,15,85,0,10,85,10,0,10,0,10,15,10,0,10,15,85
"SMC00693 2010-05-31",0,10,0,2.5,10,7.90569415042095,80.5,10,14.2302494707577,0,10,0,0,10,0,17,10,9.77525219907679,0,10,0,17,80.5,0,10,78.4875,10,0,10,0,10,16.575,10,0,10,16.575,78.4875
"SMC00702 2011-07-19",0,10,0,0,10,0,5.5,10,1.58113883008419,0,10,0,0,10,0,94.5,10,1.58113883008419,0,10,0,94.5,5.5,0,10,5.5,10,0,10,0,10,94.5,10,0,10,94.5,5.5
"SMC00710 2009-05-20",0,10,0,0,10,0,64,10,20.6559111797729,4.5,10,7.61941963377497,0,10,0,23.5,10,17.0049012542463,8,10,12.952906151817,31.5,68.5,0,10,64,10,4.5,10,0,10,23.5,10,8,10,31.5,68.5
"SMC00729 2009-06-03",0,9,0,0,9,0,30.5555555555556,9,12.8560405171179,56.6666666666667,9,20,0,9,0,7.22222222222222,9,10.92906420717,5.55555555555556,9,8.81917103688197,12.7777777777778,87.2222222222222,0,9,27.5,9,51,9,0,9,6.5,9,5,9,11.5,78.5
"SMC00748 2011-06-21",0,10,0,0,10,0,100,10,0,0,10,0,0,10,0,0,10,0,0,10,0,0,100,0,10,100,10,0,10,0,10,0,10,0,10,0,100
"SMC00756 2009-06-23",0,10,0,0,10,0,100,10,0,0,10,0,0,10,0,0,10,0,0,10,0,0,100,0,10,100,10,0,10,0,10,0,10,0,10,0,100
"SMC00766 2011-07-11",0,10,0,0,10,0,96,10,5.16397779494322,0,10,0,0,10,0,4,10,5.16397779494322,0,10,0,4,96,0,10,96,10,0,10,0,10,4,10,0,10,4,96
"SMC00791 2011-06-22",0,10,0,0,10,0,72.5,10,28.2105181330179,0,10,0,0,10,0,27.5,10,28.2105181330179,0,10,0,27.5,72.5,0,10,72.5,10,0,10,0,10,27.5,10,0,10,27.5,72.5
"SMC00827 2009-06-15",0.5,10,1.58113883008419,2,10,3.4960294939005,42,10,30.0185128064518,2.5,10,3.53553390593274,0,10,0,52.5,10,33.5203089351979,0.5,10,1.58113883008419,53.5,44.5,0.49,10,41.16,10,2.45,10,0,10,51.45,10,0.49,10,52.43,43.61
"SMC00830 2011-06-21",0,10,0,0,10,0,100,10,0,0,10,0,0,10,0,0,10,0,0,10,0,0,100,0,10,100,10,0,10,0,10,0,10,0,10,0,100
"SMC00857 2011-07-13",0,10,0,0,10,0,85,10,15.8113883008419,1.5,10,3.37474278855276,0,10,0,13.5,10,15.1015083867657,0,10,0,13.5,86.5,0,10,85,10,1.5,10,0,10,13.5,10,0,10,13.5,86.5
"SMC00873 2009-05-19",0,10,0,0,10,0,77.5,10,15.8552479920337,0,10,0,0,10,0,22.5,10,15.8552479920337,0,10,0,22.5,77.5,0,10,77.5,10,0,10,0,10,22.5,10,0,10,22.5,77.5
"SMC00899 2011-07-12",0,10,0,0,10,0,6.5,10,3.37474278855276,0,10,0,0,10,0,93.5,10,3.37474278855276,0,10,0,93.5,6.5,0,10,6.5,10,0,10,0,10,93.5,10,0,10,93.5,6.5
"SMC00903 2011-07-06",0,10,0,0,10,0,16,10,33.3999334663343,0,10,0,10,10,17.4801474695025,74,10,32.6428484595869,0,10,0,84,16,0,10,16,10,0,10,10,10,74,10,0,10,84,16
"SMC00910 2009-04-30",0,10,0,0,10,0,33,10,18.1352940116473,43.5,10,23.8105952139892,0,10,0,20.5,10,25.8682559649209,3,10,9.48683298050514,23.5,76.5,0,10,33,10,43.5,10,0,10,20.5,10,3,10,23.5,76.5
"SMC00911 2009-06-04",54,10,36.1939221417077,0,10,0,7.5,10,23.7170824512628,38.5,10,37.2715262186386,0,10,0,0,10,0,0,10,0,54,46,54,10,7.5,10,38.5,10,0,10,0,10,0,10,54,46
"SMC00921 2010-06-02",0,10,0,0,10,0,26,10,33.8132124077754,62,10,43.6653943835008,0,10,0,8,10,9.48683298050514,4,10,9.66091783079296,12,88,0,10,26,10,62,10,0,10,8,10,4,10,12,88
"SMC00924 2009-06-09",19,10,23.7814119756493,3.5,10,3.37474278855276,33.5,10,32.5789639014025,8.5,10,12.4833222073827,0,10,0,35.5,10,32.184364734034,0,10,0,54.5,42,18.335,10,32.3275,10,8.2025,10,0,10,34.2575,10,0,10,52.5925,40.53
"SMC00924 2011-06-20",0,10,0,0,10,0,13.5,10,4.74341649025257,0,10,0,7,10,10.5934990547138,79.5,10,12.1220643639788,0,10,0,86.5,13.5,0,10,13.5,10,0,10,7,10,79.5,10,0,10,86.5,13.5
"SMC00926 2010-06-28",0,10,0,0,10,0,89,10,13.0809445802324,11,10,13.0809445802324,0,10,0,0,10,0,0,10,0,0,100,0,10,89,10,11,10,0,10,0,10,0,10,0,100
"SMC00957 2010-06-21",0,10,0,0,10,0,55,10,44.4722135470878,29.5,10,42.7167674598889,0,10,0,0,10,0,15.5,10,31.1314417698035,15.5,84.5,0,10,55,10,29.5,10,0,10,0,10,15.5,10,15.5,84.5
"SMC00958 2011-07-19",0,10,0,0,10,0,98,10,4.83045891539648,0,10,0,0,10,0,2,10,4.83045891539648,0,10,0,2,98,0,10,98,10,0,10,0,10,2,10,0,10,2,98
"SMC00963 2010-06-17",0,10,0,0,10,0,36,10,15.2388392675499,4,10,12.6491106406735,0,10,0,60,10,8.49836585598798,0,10,0,60,40,0,10,36,10,4,10,0,10,60,10,0,10,60,40
"SMC01004 2009-05-26",0,10,0,0,10,0,5,10,0,0,10,0,0,10,0,95,10,0,0,10,0,95,5,0,10,5,10,0,10,0,10,95,10,0,10,95,5
"SMC01013 2010-06-24",1.5,10,3.37474278855276,0,10,0,70,10,31.1804782231162,25.5,10,34.0302153321949,0,10,0,1,10,3.16227766016838,2,10,6.32455532033676,4.5,95.5,1.5,10,70,10,25.5,10,0,10,1,10,2,10,4.5,95.5
"SMC01040 2009-06-09",24,10,25.1440295541948,5,10,0,44,10,22.0856916979699,17.5,10,24.6362424984908,0,10,0,9.5,10,17.709068612186,0,10,0,33.5,61.5,22.8,10,41.8,10,16.625,10,0,10,9.025,10,0,10,31.825,58.425
"SMC01046 2009-05-21",0,10,0,0,10,0,16,10,18.9736659610103,81.5,10,17.6462145767552,0,10,0,2,10,4.83045891539648,0.5,10,1.58113883008419,2.5,97.5,0,10,16,10,81.5,10,0,10,2,10,0.5,10,2.5,97.5
"SMC01049 2010-06-01",0,10,0,0,10,0,83.5,10,22.8582589013249,6.5,10,11.316163464512,0,10,0,10,10,14.3372087784044,0,10,0,10,90,0,10,83.5,10,6.5,10,0,10,10,10,0,10,10,90
"SMC01096 2010-06-07",0,10,0,0,10,0,7.5,10,2.63523138347365,0,10,0,0,10,0,92.5,10,2.63523138347365,0,10,0,92.5,7.5,0,10,7.5,10,0,10,0,10,92.5,10,0,10,92.5,7.5
"SMC01151 2009-06-17",0,10,0,1.5,10,2.41522945769824,77,10,18.2878222991269,2,10,4.83045891539648,0,10,0,19.5,10,19.7835509676319,0,10,0,19.5,79,0,10,75.845,10,1.97,10,0,10,19.2075,10,0,10,19.2075,77.815
"SMC01155 2009-05-12",0,10,0,0,10,0,57,10,9.18936583472681,0,10,0,0,10,0,43,10,9.18936583472681,0,10,0,43,57,0,10,57,10,0,10,0,10,43,10,0,10,43,57
"SMC01158 2009-05-20",0,10,0,0,10,0,6,10,6.99205898780101,93,10,8.23272602348564,0,10,0,1,10,2.10818510677892,0,10,0,1,99,0,10,6,10,93,10,0,10,1,10,0,10,1,99
"SMC01161 2010-05-27",0,10,0,0,10,0,40,10,31.3581462037113,0.5,10,1.58113883008419,0,10,0,59.5,10,32.0112827331587,0,10,0,59.5,40.5,0,10,40,10,0.5,10,0,10,59.5,10,0,10,59.5,40.5
"SMC01172 2009-06-24",1,10,2.10818510677892,0,10,0,18.5,10,10.0138792571999,65,10,21.3437474581095,0,10,0,15,10,16.1589328580544,0.5,10,1.58113883008419,16.5,83.5,1,10,18.5,10,65,10,0,10,15,10,0.5,10,16.5,83.5
"SMC01174 2011-07-20",0,10,0,0,10,0,89,10,16.6332999331662,8.5,10,15.6436000403431,0,10,0,2.5,10,6.34647758821992,0,10,0,2.5,97.5,0,10,89,10,8.5,10,0,10,2.5,10,0,10,2.5,97.5
"SMC01196 2010-07-14",0,10,0,0,10,0,15.5,10,7.24568837309472,2.5,10,7.90569415042095,0,10,0,82,10,5.3748384988657,0,10,0,82,18,0,10,15.5,10,2.5,10,0,10,82,10,0,10,82,18
"SMC01201 2010-06-02",1,10,2.10818510677892,0,10,0,64,10,19.4079021706795,0,10,0,0,10,0,35,10,19.7202659436654,0,10,0,36,64,1,10,64,10,0,10,0,10,35,10,0,10,36,64
"SMC01208 2010-06-08",0,10,0,0,10,0,5,10,0,0,10,0,0,10,0,95,10,0,0,10,0,95,5,0,10,5,10,0,10,0,10,95,10,0,10,95,5
"SMC01215 2011-07-13",0,10,0,0,10,0,9.5,10,10.3949774196751,0,10,0,12,10,20.976176963403,66.5,10,28.6792607994,12,10,14.5678489222748,90.5,9.5,0,10,9.5,10,0,10,12,10,66.5,10,12,10,90.5,9.5
"SMC01248 2011-07-26",1.5,10,4.74341649025257,0,10,0,20.5,10,19.7835509676319,0,10,0,0,10,0,48,10,35.5277669185979,0,10,0,49.5,20.5,1.05,10,14.35,10,0,10,0,10,33.6,10,0,10,34.65,14.35
"SMC01257 2011-06-16",0,10,0,0,10,0,34,10,20.7899548393502,0,10,0,0,10,0,66,10,20.7899548393502,0,10,0,66,34,0,10,34,10,0,10,0,10,66,10,0,10,66,34
"SMC01258 2009-05-27",0,9,0,0,9,0,27.2222222222222,9,12.2757665522135,72.7777777777778,9,12.2757665522135,0,9,0,0,9,0,0,9,0,0,100,0,9,24.5,9,65.5,9,0,9,0,9,0,9,0,90
"SMC01278 2009-06-17",0,10,0,0,10,0,100,10,0,0,10,0,0,10,0,0,10,0,0,10,0,0,100,0,10,100,10,0,10,0,10,0,10,0,10,0,100
"SMC01320 2010-06-07",0,10,0,0,10,0,8,10,5.86893895388634,0,10,0,2.5,10,7.90569415042095,89.5,10,8.95978670381041,0,10,0,92,8,0,10,8,10,0,10,2.5,10,89.5,10,0,10,92,8
"SMC01341 2009-06-22",0,10,0,0,10,0,20,10,12.6929551764398,0,10,0,0,10,0,0,10,0,80,10,12.6929551764398,80,20,0,10,20,10,0,10,0,10,0,10,80,10,80,20
"SMC01358 2011-06-21",0,10,0,0,10,0,100,10,0,0,10,0,0,10,0,0,10,0,0,10,0,0,100,0,10,100,10,0,10,0,10,0,10,0,10,0,100
"SMC01367 2011-06-23",5.5,10,4.97214463005877,0,10,0,18.5,10,12.4833222073827,0,10,0,9,10,25.1440295541948,66,10,25.9058123036339,1,10,3.16227766016838,81.5,18.5,5.5,10,18.5,10,0,10,9,10,66,10,1,10,81.5,18.5
"SMC01372 2010-07-13",0,10,0,0,10,0,20.5,10,15.1749061867867,0,10,0,0,10,0,70.5,10,17.709068612186,9,10,11.7378779077727,79.5,20.5,0,10,20.5,10,0,10,0,10,70.5,10,9,10,79.5,20.5
"SMC01383 2010-06-01",0,10,0,0,10,0,100,10,0,0,10,0,0,10,0,0,10,0,0,10,0,0,100,0,10,100,10,0,10,0,10,0,10,0,10,0,100
"SMC01384 2009-06-29",0,10,0,0,10,0,40.5,10,31.3979829500771,29.5,10,39.4017766096911,0,10,0,30,10,29.8142396999972,0,10,0,30,70,0,10,40.5,10,29.5,10,0,10,30,10,0,10,30,70
"SMC01424 2009-07-01",0,10,0,3,10,3.4960294939005,93.5,10,5.79750904364203,3.5,10,6.68746754924629,0,10,0,0,10,0,0,10,0,0,97,0,10,90.695,10,3.395,10,0,10,0,10,0,10,0,94.09
"SMC01452 2010-07-15",0,10,0,0,10,0,100,10,0,0,10,0,0,10,0,0,10,0,0,10,0,0,100,0,10,100,10,0,10,0,10,0,10,0,10,0,100
"SMC01504 2011-06-28",8.5,10,8.83490552046571,0,10,0,5.5,10,1.58113883008419,0,10,0,5,10,12.4721912892465,79,10,13.2916013582513,2,10,2.58198889747161,94.5,5.5,8.5,10,5.5,10,0,10,5,10,79,10,2,10,94.5,5.5
"SMC01512 2010-06-23",0,10,0,0,10,0,100,10,0,0,10,0,0,10,0,0,10,0,0,10,0,0,100,0,10,100,10,0,10,0,10,0,10,0,10,0,100
"SMC01523 2011-07-07",0,10,0,0,10,0,0,10,0,0,10,0,25,10,0,75,10,0,0,10,0,100,0,0,10,0,10,0,10,25,10,75,10,0,10,100,0
"SMC01544 2010-07-14",0,10,0,0,10,0,15.5,10,7.24568837309472,0,10,0,0,10,0,74.5,10,26.6093133236383,0,10,0,74.5,15.5,0,10,13.95,10,0,10,0,10,67.05,10,0,10,67.05,13.95
"SMC01550 2009-06-25",3,10,4.83045891539648,0,10,0,33.5,10,16.8407574387588,48.5,10,23.1000240500115,0,10,0,13.5,10,9.14391114956347,1.5,10,4.74341649025257,18,82,3,10,33.5,10,48.5,10,0,10,13.5,10,1.5,10,18,82
"SMC01555 2011-06-23",0,10,0,0,10,0,45.5,10,29.2925853341004,0,10,0,0,10,0,54.5,10,29.2925853341004,0,10,0,54.5,45.5,0,10,45.5,10,0,10,0,10,54.5,10,0,10,54.5,45.5
"SMC01559 2011-06-21",0,10,0,0,10,0,11.5,10,3.37474278855276,0,10,0,4,10,5.67646212197547,79.5,10,8.3166499665831,5,10,7.07106781186548,88.5,11.5,0,10,11.5,10,0,10,4,10,79.5,10,5,10,88.5,11.5
"SMC01567 2010-06-09",0,10,0,0,10,0,37.5,10,33.9321217858372,1.5,10,4.74341649025257,0,10,0,61,10,34.8648183066477,0,10,0,61,39,0,10,37.5,10,1.5,10,0,10,61,10,0,10,61,39
"SMC01606 2009-05-26",0.5,10,1.58113883008419,0,10,0,99.5,10,1.58113883008419,0,10,0,0,10,0,0,10,0,0,10,0,0.5,99.5,0.5,10,99.5,10,0,10,0,10,0,10,0,10,0.5,99.5
"SMC01640 2009-06-29",0,10,0,0,10,0,100,10,0,0,10,0,0,10,0,0,10,0,0,10,0,0,100,0,10,100,10,0,10,0,10,0,10,0,10,0,100
"SMC01655 2011-07-06",0,10,0,0,10,0,0,10,0,0,10,0,79.5,10,7.61941963377497,20.5,10,7.61941963377497,0,10,0,100,0,0,10,0,10,0,10,79.5,10,20.5,10,0,10,100,0
"SMC01676 2010-07-03",0,10,0,0,10,0,20,10,11.7851130197758,0,10,0,0,10,0,80,10,11.7851130197758,0,10,0,80,20,0,10,20,10,0,10,0,10,80,10,0,10,80,20
"SMC01684 2009-06-03",0,10,0,0,10,0,36,10,36.2705880232945,0,10,0,0,10,0,64,10,36.2705880232945,0,10,0,64,36,0,10,36,10,0,10,0,10,64,10,0,10,64,36
"SMC01692 2011-06-20",0,10,0,0,10,0,19.5,10,21.5316304796249,0,10,0,0,10,0,80.5,10,21.5316304796249,0,10,0,80.5,19.5,0,10,19.5,10,0,10,0,10,80.5,10,0,10,80.5,19.5
"SMC01694 2010-06-28",0,10,0,0,10,0,99.5,10,1.58113883008419,0,10,0,0,10,0,0.5,10,1.58113883008419,0,10,0,0.5,99.5,0,10,99.5,10,0,10,0,10,0.5,10,0,10,0.5,99.5
"SMC01716 2010-06-08",0,10,0,0,10,0,10,10,0,0,10,0,0,10,0,90,10,0,0,10,0,90,10,0,10,10,10,0,10,0,10,90,10,0,10,90,10
"SMC01717 2009-05-28",0,10,0,0,10,0,64.5,10,38.3297099736832,21.5,10,30.0046292724602,0,10,0,11,10,23.4283778544074,3,10,9.48683298050514,14,86,0,10,64.5,10,21.5,10,0,10,11,10,3,10,14,86
"SMC01726 2010-06-30",0,10,0,0,10,0,26.5,10,5.2967495273569,0,10,0,0,10,0,73.5,10,5.2967495273569,0,10,0,73.5,26.5,0,10,26.5,10,0,10,0,10,73.5,10,0,10,73.5,26.5
"SMC01748 2009-06-03",0,10,0,0,10,0,70,10,48.3045891539648,0,10,0,0,10,0,30,10,48.3045891539648,0,10,0,30,70,0,10,70,10,0,10,0,10,30,10,0,10,30,70
"SMC01808 2011-06-13",0,10,0,0,10,0,30,10,20,0,10,0,0,10,0,70,10,20,0,10,0,70,30,0,10,30,10,0,10,0,10,70,10,0,10,70,30
"SMC01814 2010-06-09",0,10,0,0,10,0,51.5,10,35.043623607663,36,10,42.0185144377518,0,10,0,12.5,10,17.5198300346905,0,10,0,12.5,87.5,0,10,51.5,10,36,10,0,10,12.5,10,0,10,12.5,87.5
"SMC01860 2009-05-28",0,10,0,0,10,0,38.5,10,15.9947908186801,3,10,6.74948557710553,0,10,0,51.5,10,27.8936472257673,7,10,9.48683298050514,58.5,41.5,0,10,38.5,10,3,10,0,10,51.5,10,7,10,58.5,41.5
"SMC01909 2009-06-09",0,10,0,0,10,0,88,10,16.6999667331671,0,10,0,0,10,0,12,10,16.6999667331671,0,10,0,12,88,0,10,88,10,0,10,0,10,12,10,0,10,12,88
"SMC01923 2011-07-12",0,10,0,0,10,0,49,10,11.9721899973786,0,10,0,0,10,0,51,10,11.9721899973786,0,10,0,51,49,0,10,49,10,0,10,0,10,51,10,0,10,51,49
"SMC01960 2010-06-23",0,10,0,0,10,0,88.5,10,13.1339255365637,11.5,10,13.1339255365637,0,10,0,0,10,0,0,10,0,0,100,0,10,88.5,10,11.5,10,0,10,0,10,0,10,0,100
"SMC01962 2010-06-08",0,10,0,0,10,0,35,10,35.1188458428425,64.5,10,35.1544212487325,0,10,0,0.5,10,1.58113883008419,0,10,0,0.5,99.5,0,10,35,10,64.5,10,0,10,0.5,10,0,10,0.5,99.5
"SMC01972 2010-06-07",0,10,0,0,10,0,100,10,0,0,10,0,0,10,0,0,10,0,0,10,0,0,100,0,10,100,10,0,10,0,10,0,10,0,10,0,100
"SMC01979 2011-07-14",0,10,0,0,10,0,24.5,10,10.3949774196751,10,10,12.0185042515466,7,10,6.74948557710553,57,10,22.1359436211787,1.5,10,3.37474278855276,65.5,34.5,0,10,24.5,10,10,10,7,10,57,10,1.5,10,65.5,34.5
"SMC01990 2009-05-21",0,10,0,0,10,0,34.5,10,30.9524725273371,31.5,10,30.4640042600371,0,10,0,34,10,24.3584345419268,0,10,0,34,66,0,10,34.5,10,31.5,10,0,10,34,10,0,10,34,66
"SMC02006 2009-05-26",0,10,0,0,10,0,99,10,3.16227766016838,0,10,0,0,10,0,1,10,3.16227766016838,0,10,0,1,99,0,10,99,10,0,10,0,10,1,10,0,10,1,99
"SMC02059 2010-06-03",0,10,0,0,10,0,100,10,0,0,10,0,0,10,0,0,10,0,0,10,0,0,100,0,10,100,10,0,10,0,10,0,10,0,10,0,100
"SMC02088 2011-06-14",0,10,0,0,10,0,5.5,10,1.58113883008419,0,10,0,0,10,0,94.5,10,1.58113883008419,0,10,0,94.5,5.5,0,10,5.5,10,0,10,0,10,94.5,10,0,10,94.5,5.5
"SMC02092 2011-06-14",0,10,0,0,10,0,5,10,0,0.5,10,1.58113883008419,6,10,13.4989711542111,83.5,10,13.5503177494519,5,10,8.16496580927726,94.5,5.5,0,10,5,10,0.5,10,6,10,83.5,10,5,10,94.5,5.5
"SMC02123 2011-07-05",0,10,0,0,10,0,55,10,29.4392028877595,0,10,0,0,10,0,45,10,29.4392028877595,0,10,0,45,55,0,10,55,10,0,10,0,10,45,10,0,10,45,55
"SMC02127 2009-06-04",8.5,10,25.1716330640487,0,10,0,51.5,10,37.568456035468,0.5,10,1.58113883008419,4,10,12.6491106406735,35.5,10,39.8922158934408,0,10,0,48,52,8.5,10,51.5,10,0.5,10,4,10,35.5,10,0,10,48,52
"SMC02145 2011-07-19",0,10,0,0,10,0,69.5,10,22.6629898978734,0,10,0,0,10,0,30.5,10,22.6629898978734,0,10,0,30.5,69.5,0,10,69.5,10,0,10,0,10,30.5,10,0,10,30.5,69.5
"SMC02152 2010-07-14",0,10,0,0,10,0,53,10,38.020462326957,20,10,30.5505046330389,0,10,0,27,10,41.3790070231539,0,10,0,27,73,0,10,53,10,20,10,0,10,27,10,0,10,27,73
"SMC02167 2010-06-07",0,10,0,0,10,0,0,10,0,0,10,0,0,10,0,100,10,0,0,10,0,100,0,0,10,0,10,0,10,0,10,100,10,0,10,100,0
"SMC02206 2011-07-19",0,10,0,0,10,0,88,10,14.7572957474524,0,10,0,0,10,0,12,10,14.7572957474524,0,10,0,12,88,0,10,88,10,0,10,0,10,12,10,0,10,12,88
"SMC02228 2009-06-23",0,10,0,0,10,0,13.5,10,8.18195847242239,0,10,0,0,10,0,86.5,10,8.18195847242239,0,10,0,86.5,13.5,0,10,13.5,10,0,10,0,10,86.5,10,0,10,86.5,13.5
"SMC02270 2010-06-30",0,10,0,0,10,0,83,10,4.83045891539648,0,10,0,0,10,0,17,10,4.83045891539648,0,10,0,17,83,0,10,83,10,0,10,0,10,17,10,0,10,17,83
"SMC02417 2011-07-20",0,10,0,0,10,0,100,10,0,0,10,0,0,10,0,0,10,0,0,10,0,0,100,0,10,100,10,0,10,0,10,0,10,0,10,0,100
"SMC02436 2009-05-28",0,10,0,4,10,8.43274042711568,17,10,6.74948557710553,0,10,0,0,10,0,79,10,9.94428926011753,0,10,0,79,17,0,10,16.32,10,0,10,0,10,75.84,10,0,10,75.84,16.32
"SMC02452 2011-06-30",3,10,9.48683298050514,0,10,0,52.5,10,30.8445925388696,0.5,10,1.58113883008419,0,10,0,44,10,25.9058123036339,0,10,0,47,53,3,10,52.5,10,0.5,10,0,10,44,10,0,10,47,53
"SMC02457 2010-05-31",0,10,0,0,10,0,79.5,10,24.7711750046523,14.5,10,25.2157358277194,0,10,0,5,10,5.77350269189626,1,10,3.16227766016838,6,94,0,10,79.5,10,14.5,10,0,10,5,10,1,10,6,94
"SMC02464 2011-06-22",6,10,5.16397779494322,0,10,0,36,10,35.9629438913631,0,10,0,1,10,3.16227766016838,57,10,35.9165699921359,0,10,0,64,36,6,10,36,10,0,10,1,10,57,10,0,10,64,36
"SMC02536 2011-06-29",0,10,0,0,10,0,89,10,3.16227766016838,0,10,0,0,10,0,11,10,3.16227766016838,0,10,0,11,89,0,10,89,10,0,10,0,10,11,10,0,10,11,89
"SMC02548 2010-07-09",0,10,0,0,10,0,81.5,10,15.1015083867657,0,10,0,0,10,0,18.5,10,15.1015083867657,0,10,0,18.5,81.5,0,10,81.5,10,0,10,0,10,18.5,10,0,10,18.5,81.5
"SMC02563 2010-06-24",0,10,0,0,10,0,84,10,35.0238014308365,0,10,0,0,10,0,16,10,35.0238014308365,0,10,0,16,84,0,10,84,10,0,10,0,10,16,10,0,10,16,84
"SMC02573 2010-06-09",0,10,0,0,10,0,100,10,0,0,10,0,0,10,0,0,10,0,0,10,0,0,100,0,10,100,10,0,10,0,10,0,10,0,10,0,100
"SMC02591 2011-07-21",3.5,10,3.37474278855276,0,10,0,11,10,6.99205898780101,18,10,20.4396129556745,0,10,0,60.5,10,28.2302044704682,7,10,8.56348838577675,71,29,3.5,10,11,10,18,10,0,10,60.5,10,7,10,71,29
"SMC02622 2010-06-15",0,10,0,0,10,0,67,10,10.8525470640665,0,10,0,0,10,0,33,10,10.8525470640665,0,10,0,33,67,0,10,67,10,0,10,0,10,33,10,0,10,33,67
"SMC02644 2011-06-30",0.5,10,1.58113883008419,0,10,0,48.5,10,26.0394999098592,24,10,23.5466440165991,0,10,0,27,10,34.3349514181816,0,10,0,27.5,72.5,0.5,10,48.5,10,24,10,0,10,27,10,0,10,27.5,72.5
"SMC02656 2009-06-23",0,10,0,0,10,0,100,10,0,0,10,0,0,10,0,0,10,0,0,10,0,0,100,0,10,100,10,0,10,0,10,0,10,0,10,0,100
"SMC02749 2011-06-27",0,10,0,0,10,0,100,10,0,0,10,0,0,10,0,0,10,0,0,10,0,0,100,0,10,100,10,0,10,0,10,0,10,0,10,0,100
"SMC02804 2011-06-20",0,10,0,0,10,0,0,10,0,0,10,0,0,10,0,100,10,0,0,10,0,100,0,0,10,0,10,0,10,0,10,100,10,0,10,100,0
"SMC02884 2010-06-23",0,10,0,0,10,0,66.5,10,31.5392172100422,0,10,0,0,10,0,33,10,32.0762979299184,0.5,10,1.58113883008419,33.5,66.5,0,10,66.5,10,0,10,0,10,33,10,0.5,10,33.5,66.5
"SMC02902 2011-08-02",0,10,0,0,10,0,50.5,10,20.0624026477389,39,10,26.9567554922076,1.5,10,4.74341649025257,9,10,19.1195071996,0,10,0,10.5,89.5,0,10,50.5,10,39,10,1.5,10,9,10,0,10,10.5,89.5
"SMC02933 2010-06-01",0,10,0,0,10,0,59.5,10,27.4317334486904,31.5,10,27.6937618326663,0,10,0,8,10,8.56348838577675,1,10,2.10818510677892,9,91,0,10,59.5,10,31.5,10,0,10,8,10,1,10,9,91
"SMC02947 2011-07-12",0,10,0,0,10,0,98,10,6.32455532033676,0,10,0,0,10,0,2,10,6.32455532033676,0,10,0,2,98,0,10,98,10,0,10,0,10,2,10,0,10,2,98
"SMC02976 2010-07-27",0,10,0,0,10,0,14,10,13.703203194063,3,10,4.83045891539648,13.5,10,16.6749979177077,63.5,10,23.1000240500115,6,10,13.4989711542111,83,17,0,10,14,10,3,10,13.5,10,63.5,10,6,10,83,17
"SMC02984 2010-06-23",0,10,0,0,10,0,92.5,10,6.7700320038633,7.5,10,6.7700320038633,0,10,0,0,10,0,0,10,0,0,100,0,10,92.5,10,7.5,10,0,10,0,10,0,10,0,100
"SMC03110 2011-07-26",0,10,0,0,10,0,68.5,10,24.8383663803489,18.5,10,17.3285249740934,0,10,0,13,10,17.5119007154183,0,10,0,13,87,0,10,68.5,10,18.5,10,0,10,13,10,0,10,13,87
"SMC03133 2010-06-02",0,10,0,0,10,0,100,10,0,0,10,0,0,10,0,0,10,0,0,10,0,0,100,0,10,100,10,0,10,0,10,0,10,0,10,0,100
"SMC03216 2011-07-27",0,10,0,0,10,0,5.5,10,2.83823106098773,0.5,10,1.58113883008419,55,10,13.5400640077266,34.5,10,13.8343373129648,4.5,10,4.37797517885457,94,6,0,10,5.5,10,0.5,10,55,10,34.5,10,4.5,10,94,6
"SMC03234 2011-06-28",0,10,0,0,10,0,99,10,3.16227766016838,0,10,0,0,10,0,1,10,3.16227766016838,0,10,0,1,99,0,10,99,10,0,10,0,10,1,10,0,10,1,99
"SMC03268 2009-05-28",0,10,0,0,10,0,49,10,8.75595035770913,0,10,0,0,10,0,32.5,10,18.4466196843155,18.5,10,22.3668902124944,51,49,0,10,49,10,0,10,0,10,32.5,10,18.5,10,51,49
"SMC03280 2011-08-11",1,10,3.16227766016838,0,10,0,15.5,10,10.3949774196751,5,10,8.16496580927726,12,10,14.9443411809733,56,10,19.4079021706795,10.5,10,8.64420165325996,79.5,20.5,1,10,15.5,10,5,10,12,10,56,10,10.5,10,79.5,20.5
"SMC03304 2011-06-29",0,10,0,0,10,0,52.5,10,17.5198300346905,0,10,0,0,10,0,47.5,10,17.5198300346905,0,10,0,47.5,52.5,0,10,52.5,10,0,10,0,10,47.5,10,0,10,47.5,52.5
"SMC03510 2011-07-21",0,10,0,0,10,0,59.5,10,23.5053185470863,1.5,10,3.37474278855276,0,10,0,38.5,10,21.2197497105356,0.5,10,1.58113883008419,39,61,0,10,59.5,10,1.5,10,0,10,38.5,10,0.5,10,39,61
"SMC03533 2010-06-01",0,10,0,0,10,0,0,10,0,0,10,0,0,10,0,100,10,0,0,10,0,100,0,0,10,0,10,0,10,0,10,100,10,0,10,100,0
"SMC03687 2010-06-02",0,10,0,0,10,0,100,10,0,0,10,0,0,10,0,0,10,0,0,10,0,0,100,0,10,100,10,0,10,0,10,0,10,0,10,0,100
"SMC03944 2010-07-12",0,10,0,0,10,0,100,10,0,0,10,0,0,10,0,0,10,0,0,10,0,0,100,0,10,100,10,0,10,0,10,0,10,0,10,0,100
"SMC03971 2011-07-11",0,10,0,0,10,0,96,10,9.66091783079296,1,10,3.16227766016838,0,10,0,3,10,9.48683298050514,0,10,0,3,97,0,10,96,10,1,10,0,10,3,10,0,10,3,97
"SMC03988 2011-06-29",1.5,10,3.37474278855276,0,10,0,40,10,30.092450142113,17,10,28.0079353834667,0,10,0,23.5,10,19.1557940175928,0,10,0,25,57,1.23,10,32.8,10,13.94,10,0,10,19.27,10,0,10,20.5,46.74
"SMC04047 2009-05-14",0.5,10,1.58113883008419,1.5,10,4.74341649025257,60.5,10,28.2302044704682,7.5,10,23.7170824512628,0,10,0,30,10,18.8561808316413,0,10,0,30.5,68,0.4925,10,59.5925,10,7.3875,10,0,10,29.55,10,0,10,30.0425,66.98
"SMC04054 2009-05-27",0,10,0,0,10,0,77,10,41.6466618643613,23,10,41.6466618643613,0,10,0,0,10,0,0,10,0,0,100,0,10,77,10,23,10,0,10,0,10,0,10,0,100
"SMC04134 2011-07-26",3,10,3.4960294939005,0,10,0,36,10,12.2020034784821,36.5,10,18.7157093848397,0,10,0,20.5,10,18.3257560098713,4,10,7.74596669241483,27.5,72.5,3,10,36,10,36.5,10,0,10,20.5,10,4,10,27.5,72.5
"SMC04175 2009-06-11",0,10,0,7,10,16.3639169448448,84,10,18.5292561462497,0,10,0,0,10,0,9,10,14.6818103636968,0,10,0,9,84,0,10,78.12,10,0,10,0,10,8.37,10,0,10,8.37,78.12
"SMC04239 2009-06-11",0,10,0,2,10,4.83045891539648,65.5,10,13.4267560407486,3,10,9.48683298050514,0,10,0,29.5,10,14.6154408455958,0,10,0,29.5,68.5,0,10,64.19,10,2.94,10,0,10,28.91,10,0,10,28.91,67.13
"SMC04264 2010-07-09",0,10,0,0,10,0,64.5,10,33.3708122632805,19,10,32.1282153600573,0,10,0,16.5,10,22.613909190781,0,10,0,16.5,83.5,0,10,64.5,10,19,10,0,10,16.5,10,0,10,16.5,83.5
"SMC04308 2009-06-17",1,10,2.10818510677892,0,10,0,48,10,35.9165699921359,22,10,34.253953543107,0,10,0,24.5,10,34.1117444747569,4.5,10,8.3166499665831,30,70,1,10,48,10,22,10,0,10,24.5,10,4.5,10,30,70
"SMC04383 2010-06-09",1.5,10,4.74341649025257,0,10,0,19,10,15.2388392675499,4.5,10,7.61941963377497,0,10,0,73,10,18.4390889145858,2,10,3.4960294939005,76.5,23.5,1.5,10,19,10,4.5,10,0,10,73,10,2,10,76.5,23.5
"SMC04399 2009-06-11",0,10,0,0,10,0,62,10,37.874060311042,1,10,3.16227766016838,0,10,0,27,10,33.2665998663324,0,10,0,27,63,0,10,55.8,10,0.9,10,0,10,24.3,10,0,10,24.3,56.7
"SMC04426 2011-07-25",5,10,5.77350269189626,0,10,0,51,10,27.3658343356984,5.5,10,5.50252467307306,0,10,0,38.5,10,24.2727556463346,0,10,0,43.5,56.5,5,10,51,10,5.5,10,0,10,38.5,10,0,10,43.5,56.5
"SMC04661 2011-07-18",2.5,10,3.53553390593274,0,10,0,50,10,14.7196014438797,12,10,12.7366487830285,0.5,10,1.58113883008419,24,10,23.0699419639977,11,10,9.66091783079296,38,62,2.5,10,50,10,12,10,0.5,10,24,10,11,10,38,62
"SMC04682 2011-07-25",4,10,3.94405318873308,0,10,0,23.5,10,14.7290340635238,10.5,10,18.6264447612647,0,10,0,61.5,10,28.1908180481202,0.5,10,1.58113883008419,66,34,4,10,23.5,10,10.5,10,0,10,61.5,10,0.5,10,66,34
"SMC04748 2009-07-02",0,10,0,0,10,0,30,10,22.973414586817,0,10,0,0,10,0,25.5,10,11.6547558246981,44.5,10,21.660255461713,70,30,0,10,30,10,0,10,0,10,25.5,10,44.5,10,70,30
"SMC04749 2009-06-23",0,10,0,0,10,0,18,10,37.9473319220206,82,10,37.9473319220206,0,10,0,0,10,0,0,10,0,0,100,0,10,18,10,82,10,0,10,0,10,0,10,0,100
"SMC04756 2010-07-07",0,10,0,0,10,0,10,10,0,0,10,0,0,10,0,90,10,0,0,10,0,90,10,0,10,10,10,0,10,0,10,90,10,0,10,90,10
"SMC04795 2011-07-14",13,10,21.7562251627743,0,10,0,15.5,10,4.97214463005877,6.5,10,7.09068246206088,14.5,10,17.551511489201,50.5,10,24.318488622628,0,10,0,78,22,13,10,15.5,10,6.5,10,14.5,10,50.5,10,0,10,78,22
"SMC04932 2010-07-12",0,10,0,0,10,0,58.5,10,33.4207187900626,20.5,10,27.5328087117089,0,10,0,7.5,10,10.0692049779955,3.5,10,7.47217059048663,11,79,0,10,52.65,10,18.45,10,0,10,6.75,10,3.15,10,9.9,71.1
"SMC05109 2009-06-23",0,10,0,2,10,4.21637021355784,98,10,4.21637021355784,0,10,0,0,10,0,0,10,0,0,10,0,0,98,0,10,96.04,10,0,10,0,10,0,10,0,10,0,96.04
"SMC05199 2011-07-06",0,10,0,0,10,0,14,10,20.2484567313166,1,10,2.10818510677892,1.5,10,2.41522945769824,80.5,10,20.8766216934957,3,10,3.4960294939005,85,15,0,10,14,10,1,10,1.5,10,80.5,10,3,10,85,15
"SMC05243 2010-06-10",0,10,0,0,10,0,60,10,41.6999866773227,40,10,41.6999866773227,0,10,0,0,10,0,0,10,0,0,100,0,10,60,10,40,10,0,10,0,10,0,10,0,100
"SMC05402 2011-07-28",3,10,2.58198889747161,0,10,0,47.5,10,17.3605555466664,12.5,10,20.0346921336188,0,10,0,36.5,10,25.9326049597799,0.5,10,1.58113883008419,40,60,3,10,47.5,10,12.5,10,0,10,36.5,10,0.5,10,40,60
"SMC05407 2011-07-21",5,10,7.07106781186548,0,10,0,9.5,10,10.9163485958752,3,10,3.4960294939005,5.5,10,5.98609499868932,71,10,12.4275679215382,6,10,3.16227766016838,87.5,12.5,5,10,9.5,10,3,10,5.5,10,71,10,6,10,87.5,12.5
"SMC05524 2011-06-30",0,10,0,0,10,0,22.5,10,17.5198300346905,0,10,0,0,10,0,77.5,10,17.5198300346905,0,10,0,77.5,22.5,0,10,22.5,10,0,10,0,10,77.5,10,0,10,77.5,22.5
"SMC05702 2010-06-07",0,10,0,6,10,15.7762127549323,51,10,38.0642731296539,43,10,39.665266081716,0,10,0,0,10,0,0,10,0,0,94,0,10,47.94,10,40.42,10,0,10,0,10,0,10,0,88.36
"SMC05759 2010-06-21",0,10,0,0,10,0,11.5,10,13.7537873571852,0,10,0,0,10,0,88.5,10,13.7537873571852,0,10,0,88.5,11.5,0,10,11.5,10,0,10,0,10,88.5,10,0,10,88.5,11.5
"SMC06019 2010-06-17",0,10,0,0,10,0,75.5,10,20.0624026477389,0,10,0,0,10,0,24.5,10,20.0624026477389,0,10,0,24.5,75.5,0,10,75.5,10,0,10,0,10,24.5,10,0,10,24.5,75.5
"SMC06216 2009-05-26",0,10,0,0,10,0,13,10,7.52772652709081,2,10,6.32455532033676,0,10,0,85,10,6.23609564462324,0,10,0,85,15,0,10,13,10,2,10,0,10,85,10,0,10,85,15
"SMC06458 2010-06-06",0,10,0,0,10,0,100,10,0,0,10,0,0,10,0,0,10,0,0,10,0,0,100,0,10,100,10,0,10,0,10,0,10,0,10,0,100
"SMC06467 2010-06-28",0,10,0,0,10,0,49,10,22.8278582243519,0,10,0,0,10,0,51,10,22.8278582243519,0,10,0,51,49,0,10,49,10,0,10,0,10,51,10,0,10,51,49
"SMC06653 2010-07-01",0,10,0,0,10,0,21.5,10,16.3384345775366,0,10,0,0,10,0,3,10,4.21637021355784,75.5,10,14.6154408455958,78.5,21.5,0,10,21.5,10,0,10,0,10,3,10,75.5,10,78.5,21.5
"SMC06714 2010-06-06",0,10,0,4,10,8.43274042711568,92,10,7.88810637746615,2,10,4.21637021355784,0,10,0,2,10,4.21637021355784,0,10,0,2,94,0,10,88.32,10,1.92,10,0,10,1.92,10,0,10,1.92,90.24
"SMC06863 2011-07-21",3,10,4.21637021355784,0,10,0,16,10,13.2916013582513,4.5,10,9.55975359979999,1.5,10,2.41522945769824,73,10,17.6698110409314,2,10,2.58198889747161,79.5,20.5,3,10,16,10,4.5,10,1.5,10,73,10,2,10,79.5,20.5
"SMC06926 2009-07-01",3,10,2.58198889747161,0,10,0,70.5,10,19.9234646696915,4.5,10,4.97214463005877,0,10,0,22,10,18.5891246581316,0,10,0,25,75,3,10,70.5,10,4.5,10,0,10,22,10,0,10,25,75
"SMC08150 2010-06-03",0,10,0,0,10,0,37,10,33.4331837816529,51.5,10,41.2344246689314,0.5,10,1.58113883008419,11,10,18.5292561462497,0,10,0,11.5,88.5,0,10,37,10,51.5,10,0.5,10,11,10,0,10,11.5,88.5
"SMC08335 2010-07-07",0,10,0,0,10,0,40.5,10,36.8518053228815,39,10,44.2090991136943,0,10,0,20.5,10,33.3708122632805,0,10,0,20.5,79.5,0,10,40.5,10,39,10,0,10,20.5,10,0,10,20.5,79.5
"SMC08426 2010-06-08",0,10,0,0,10,0,21.5,10,34.1605685614927,72.5,10,41.1804970020195,0,10,0,6,10,12.6491106406735,0,10,0,6,94,0,10,21.5,10,72.5,10,0,10,6,10,0,10,6,94
"SMC08766 2009-05-26",0,10,0,0,10,0,0,10,0,0,10,0,0,10,0,100,10,0,0,10,0,100,0,0,10,0,10,0,10,0,10,100,10,0,10,100,0
"SMC08845 2009-06-22",0,10,0,0,10,0,10,10,18.8561808316413,90,10,18.8561808316413,0,10,0,0,10,0,0,10,0,0,100,0,10,10,10,90,10,0,10,0,10,0,10,0,100
"SMC09162 2011-08-01",0,10,0,0,10,0,80,10,15.9861050777091,0,10,0,0,10,0,20,10,15.9861050777091,0,10,0,20,80,0,10,80,10,0,10,0,10,20,10,0,10,20,80
"SMC09286 2010-06-09",0,10,0,0,10,0,0,10,0,100,10,0,0,10,0,0,10,0,0,10,0,0,100,0,10,0,10,100,10,0,10,0,10,0,10,0,100
"SMC09534 2009-06-17",0,10,0,0,10,0,0,10,0,0,10,0,0,10,0,0,10,0,100,10,0,100,0,0,10,0,10,0,10,0,10,0,10,100,10,100,0
"SMC09564 2010-06-01",0,10,0,15.3,10,10.6358931088189,8.2,10,5.28730134903956,0,10,0,1,10,3.16227766016838,72.5,10,10.0692049779955,3,10,6.74948557710553,76.5,8.2,0,10,6.9454,10,0,10,0.847,10,61.4075,10,2.541,10,64.7955,6.9454
"SMC09591 2010-06-03",0,10,0,0,10,0,30,10,42.1637021355784,0,10,0,0,10,0,70,10,42.1637021355784,0,10,0,70,30,0,10,30,10,0,10,0,10,70,10,0,10,70,30
"SMC09698 2010-06-09",15,10,17.4801474695025,0,10,0,30,10,32.9140294302192,0,10,0,2.5,10,7.90569415042095,52.5,10,24.8607231502938,0,10,0,70,30,15,10,30,10,0,10,2.5,10,52.5,10,0,10,70,30
"SMC10146 2011-06-28",2,10,4.21637021355784,0,10,0,98,10,4.21637021355784,0,10,0,0,10,0,0,10,0,0,10,0,2,98,2,10,98,10,0,10,0,10,0,10,0,10,2,98
"SMC10189 2010-06-24",3,10,6.74948557710553,0,10,0,0,10,0,0,10,0,7.5,10,9.20446751432272,34.5,10,24.9944438270233,55,10,30.2765035409749,100,0,3,10,0,10,0,10,7.5,10,34.5,10,55,10,100,0
"SMC10685 2010-07-01",0,10,0,7,10,8.56348838577675,21,10,11.9721899973786,0,10,0,0.5,10,1.58113883008419,9,10,14.2984070596848,62.5,10,16.5411943677327,72,21,0,10,19.53,10,0,10,0.465,10,8.37,10,58.125,10,66.96,19.53
"SMC11394 2011-06-30",16.5,10,12.9206982955429,0,10,0,8,10,25.298221281347,0,10,0,27.5,10,30.1155183326544,48,10,35.7615560188436,0,10,0,92,8,16.5,10,8,10,0,10,27.5,10,48,10,0,10,92,8
"SMC11581 2009-06-29",0,10,0,0,10,0,70,10,0,0,10,0,0,10,0,0,10,0,30,10,0,30,70,0,10,70,10,0,10,0,10,0,10,30,10,30,70
"SMC11727 2010-06-09",1,10,2.10818510677892,0,10,0,28,10,12.0646407139026,14,10,11.7378779077727,0,10,0,54.5,10,17.8652362611488,2.5,10,2.63523138347365,58,42,1,10,28,10,14,10,0,10,54.5,10,2.5,10,58,42
"SMC12862 2011-06-27",0,10,0,0,10,0,5,10,0,0,10,0,0,10,0,95,10,0,0,10,0,95,5,0,10,5,10,0,10,0,10,95,10,0,10,95,5
"SMC15677 2009-06-29",0,10,0,0,10,0,69.5,10,1.58113883008419,0,10,0,0,10,0,0,10,0,30.5,10,1.58113883008419,30.5,69.5,0,10,69.5,10,0,10,0,10,0,10,30.5,10,30.5,69.5
"SMC16266 2011-08-01",3,10,3.4960294939005,0,10,0,69,10,14.2984070596848,7.5,10,12.5277469819774,0,10,0,20.5,10,15.5366949152286,0,10,0,23.5,76.5,3,10,69,10,7.5,10,0,10,20.5,10,0,10,23.5,76.5
"SMC16832 2010-06-18",0,10,0,0,10,0,0,10,0,0,10,0,0,10,0,0,10,0,100,10,0,100,0,0,10,0,10,0,10,0,10,0,10,100,10,100,0
"SMC16980 2011-07-06",0,10,0,0,10,0,7,10,2.58198889747161,0,10,0,0,10,0,93,10,2.58198889747161,0,10,0,93,7,0,10,7,10,0,10,0,10,93,10,0,10,93,7
"SMC17056 2009-07-02",0,10,0,0,10,0,57.5,10,34.5004025741408,0,10,0,0,10,0,42.5,10,34.5004025741408,0,10,0,42.5,57.5,0,10,57.5,10,0,10,0,10,42.5,10,0,10,42.5,57.5
"SMC20032 2010-06-18",0,10,0,0,10,0,0,10,0,0,10,0,0,10,0,0,10,0,100,10,0,100,0,0,10,0,10,0,10,0,10,0,10,100,10,100,0
"SMC21822 2010-06-21",0,10,0,0,10,0,34.5,10,20.8766216934957,56.5,10,28.9683735592226,0,10,0,9,10,15.0554530541816,0,10,0,9,91,0,10,34.5,10,56.5,10,0,10,9,10,0,10,9,91
"SMC24222 2010-06-21",0,10,0,0,10,0,36.5,10,19.1557940175928,20.5,10,15.5366949152286,0,10,0,37,10,24.5175673979111,6,10,8.75595035770913,43,57,0,10,36.5,10,20.5,10,0,10,37,10,6,10,43,57
"SMC25288 2011-06-30",12,10,11.8321595661992,0,10,0,32,10,42.8952211790544,0,10,0,20.5,10,27.0236521916964,35.5,10,26.9206653376588,0,10,0,68,32,12,10,32,10,0,10,20.5,10,35.5,10,0,10,68,32
"SMC26288 2009-05-12",0,10,0,0,10,0,39.5,10,11.1679103785006,0,10,0,0,10,0,60.5,10,11.1679103785006,0,10,0,60.5,39.5,0,10,39.5,10,0,10,0,10,60.5,10,0,10,60.5,39.5
"SMC26909 2010-05-31",0,10,0,0,10,0,80,10,42.1637021355784,20,10,42.1637021355784,0,10,0,0,10,0,0,10,0,0,100,0,10,80,10,20,10,0,10,0,10,0,10,0,100
"SMC27709 2010-05-31",0,10,0,0,10,0,70,10,48.3045891539648,30,10,48.3045891539648,0,10,0,0,10,0,0,10,0,0,100,0,10,70,10,30,10,0,10,0,10,0,10,0,100
"SMC32718 2010-06-03",0,10,0,0,10,0,36,10,29.5145914949049,37,10,48.0855718716355,0,10,0,27,10,27.9085809185793,0,10,0,27,73,0,10,36,10,37,10,0,10,27,10,0,10,27,73
"SMC32897 2010-06-21",0,10,0,0,10,0,0,10,0,100,10,0,0,10,0,0,10,0,0,10,0,0,100,0,10,0,10,100,10,0,10,0,10,0,10,0,100
"SMC34888 2010-06-24",0,10,0,0,10,0,21,10,32.4722103412201,0,10,0,0,10,0,79,10,32.4722103412201,0,10,0,79,21,0,10,21,10,0,10,0,10,79,10,0,10,79,21
"SMC35697 2010-06-10",0,10,0,0,10,0,33,10,19.1775331515234,10.5,10,21.4022324899893,0,10,0,56,10,33.3166624979154,0.5,10,1.58113883008419,56.5,43.5,0,10,33,10,10.5,10,0,10,56,10,0.5,10,56.5,43.5
"SMCR8_020 2011-07-12",2,10,3.4960294939005,0,10,0,53.5,10,33.8337438398742,7,10,22.1359436211787,0,10,0,35.5,10,32.8675794328968,2,10,6.32455532033676,39.5,60.5,2,10,53.5,10,7,10,0,10,35.5,10,2,10,39.5,60.5
"SMCR8_026 2009-05-31",0,10,0,0,10,0,10,10,31.6227766016838,0,10,0,0,10,0,13,10,28.3039062871384,37,10,46.2000481000231,50,10,0,10,6,10,0,10,0,10,7.8,10,22.2,10,30,6
"SMCR8_105 2011-07-14",0,10,0,4,10,12.6491106406735,0,10,0,0,10,0,47,10,25.8413965910857,49,10,24.2441287279576,0,10,0,96,0,0,10,0,10,0,10,45.12,10,47.04,10,0,10,92.16,0
"SMCR8_116 2011-07-25",0,10,0,0,10,0,100,10,0,0,10,0,0,10,0,0,10,0,0,10,0,0,100,0,10,100,10,0,10,0,10,0,10,0,10,0,100
"SMCR8_124 2009-06-24",5,10,15.8113883008419,0,10,0,10,10,31.6227766016838,0,10,0,25,10,35.3553390593274,20,10,34.9602949390051,40,10,51.6397779494322,90,10,5,10,10,10,0,10,25,10,20,10,40,10,90,10
"SMCR8_131 2009-06-16",0,10,0,0,10,0,10,10,31.6227766016838,10,10,31.6227766016838,0,10,0,20,10,42.1637021355784,60,10,51.6397779494322,80,20,0,10,10,10,10,10,0,10,20,10,60,10,80,20
"SMCR8_175 2009-06-09",0,10,0,0,10,0,0,10,0,0,10,0,0,10,0,0,10,0,100,10,0,100,0,0,10,0,10,0,10,0,10,0,10,100,10,100,0
"SMCR8_179 2009-06-01",0,10,0,0,10,0,95,10,15.8113883008419,0,10,0,0,10,0,0,10,0,5,10,15.8113883008419,5,95,0,10,95,10,0,10,0,10,0,10,5,10,5,95
"SMCR8_184 2009-07-07",17.5,10,23.7170824512628,0,10,0,7.5,10,23.7170824512628,7.5,10,16.8737139427638,22.5,10,24.8607231502938,42.5,10,39.1755309118105,2.5,10,7.90569415042095,85,15,17.5,10,7.5,10,7.5,10,22.5,10,42.5,10,2.5,10,85,15
"SMCR8_191 2009-06-02",0,10,0,0,10,0,0,10,0,0,10,0,0,10,0,0,10,0,100,10,0,100,0,0,10,0,10,0,10,0,10,0,10,100,10,100,0
"SMCR8_196 2009-05-24",15,10,31.7104959840674,0,10,0,30,10,48.3045891539648,28,10,45.4116969758037,0,10,0,12,10,25.7336787541584,15,10,33.7474278855276,42,58,15,10,30,10,28,10,0,10,12,10,15,10,42,58
"SMCR8_197 2009-06-04",0,10,0,0,10,0,100,10,0,0,10,0,0,10,0,0,10,0,0,10,0,0,100,0,10,100,10,0,10,0,10,0,10,0,10,0,100
"SMCR8_197 2011-07-11",0,10,0,0.2,10,0.632455532033676,99.8,10,0.632455532033676,0,10,0,0,10,0,0,10,0,0,10,0,0,99.8,0,10,99.6004,10,0,10,0,10,0,10,0,10,0,99.6004
"SMCR8_207 2009-06-07",0,10,0,6,10,18.9736659610103,6,10,15.7762127549323,0,10,0,0,10,0,32,10,44.1713833959399,56,10,48.5798312059645,88,6,0,10,5.64,10,0,10,0,10,30.08,10,52.64,10,82.72,5.64
"SMCR8_218 2009-06-23",0,10,0,0,10,0,70,10,48.3045891539648,20,10,42.1637021355784,0,10,0,0,10,0,10,10,31.6227766016838,10,90,0,10,70,10,20,10,0,10,0,10,10,10,10,90
"SMCR8_219 2009-07-06",0,10,0,0,10,0,72.5,10,24.8607231502938,5,10,15.8113883008419,0,10,0,17.5,10,23.7170824512628,5,10,15.8113883008419,22.5,77.5,0,10,72.5,10,5,10,0,10,17.5,10,5,10,22.5,77.5
"SMCR8_229 2009-06-01",0,10,0,0,10,0,20,10,34.9602949390051,0,10,0,0,10,0,0,10,0,80,10,34.9602949390051,80,20,0,10,20,10,0,10,0,10,0,10,80,10,80,20
"SMCR8_240 2010-06-23",18,10,34.5768066130398,0,10,0,77,10,35.2924291535105,0,10,0,0,10,0,5,10,15.8113883008419,0,10,0,23,77,18,10,77,10,0,10,0,10,5,10,0,10,23,77
"SMCR8_254 2009-06-16",10,10,21.0818510677892,5,10,15.8113883008419,20,10,42.1637021355784,0,10,0,20,10,25.8198889747161,25,10,35.3553390593274,20,10,42.1637021355784,75,20,9.5,10,19,10,0,10,19,10,23.75,10,19,10,71.25,19
"SMCR8_254 2011-07-19",0,10,0,0,10,0,67.5,10,28.308812919105,0,10,0,0,10,0,32.5,10,28.308812919105,0,10,0,32.5,67.5,0,10,67.5,10,0,10,0,10,32.5,10,0,10,32.5,67.5
"SMCR8_262 2009-06-07",0,10,0,0,10,0,100,10,0,0,10,0,0,10,0,0,10,0,0,10,0,0,100,0,10,100,10,0,10,0,10,0,10,0,10,0,100
"SMCR8_274 2010-06-17",20,10,42.1637021355784,0,10,0,10,10,31.6227766016838,0,10,0,21,10,36.040101122068,36,10,42.2163738639668,13,10,31.9895816373602,90,10,20,10,10,10,0,10,21,10,36,10,13,10,90,10
"SMCR8_275 2009-06-09",0,10,0,0,10,0,0,10,0,0,10,0,0,10,0,0,10,0,100,10,0,100,0,0,10,0,10,0,10,0,10,0,10,100,10,100,0
"SMCR8_289 2009-06-03",0,10,0,0,10,0,10,10,21.0818510677892,0,10,0,10,10,31.6227766016838,0,10,0,80,10,34.9602949390051,90,10,0,10,10,10,0,10,10,10,0,10,80,10,90,10
"SMCR8_299 2009-06-09",0,10,0,0,10,0,90,10,31.6227766016838,0,10,0,0,10,0,0,10,0,10,10,31.6227766016838,10,90,0,10,90,10,0,10,0,10,0,10,10,10,10,90
"SMCR8_312 2009-06-14",0,10,0,0,10,0,10,10,31.6227766016838,0,10,0,0,10,0,0,10,0,90,10,31.6227766016838,90,10,0,10,10,10,0,10,0,10,0,10,90,10,90,10
"SMCR8_312 2011-07-26",0,10,0,0.2,10,0.632455532033676,99.8,10,0.632455532033676,0,10,0,0,10,0,0,10,0,0,10,0,0,99.8,0,10,99.6004,10,0,10,0,10,0,10,0,10,0,99.6004
"SMCR8_317 2009-06-03",10,10,31.6227766016838,0,10,0,0,10,0,0,10,0,0,10,0,0,10,0,90,10,31.6227766016838,100,0,10,10,0,10,0,10,0,10,0,10,90,10,100,0
"SMCR8_327 2009-06-28",0,10,0,0,10,0,0,10,0,0,10,0,0,10,0,50,10,52.704627669473,50,10,52.704627669473,100,0,0,10,0,10,0,10,0,10,50,10,50,10,100,0
"SMCR8_333 2009-06-17",5,10,15.8113883008419,0,10,0,0,10,0,0,10,0,70,10,48.3045891539648,25,10,42.4918292799399,0,10,0,100,0,5,10,0,10,0,10,70,10,25,10,0,10,100,0
"SMCR8_339 2009-06-08",0,10,0,0,10,0,38,10,45.5948340153672,17,10,36.1478445646026,0,10,0,29,10,46.7736868097628,16,10,33.3999334663343,45,55,0,10,38,10,17,10,0,10,29,10,16,10,45,55
"SMCR8_339 2011-07-25",0,10,0,0.2,10,0.632455532033676,97.8,10,6.28578643537236,0,10,0,0,10,0,2,10,6.32455532033676,0,10,0,2,97.8,0,10,97.6044,10,0,10,0,10,1.996,10,0,10,1.996,97.6044
"SMCR8_344 2009-06-15",0,10,0,0,10,0,50,10,52.704627669473,0,10,0,0,10,0,0,10,0,30,10,48.3045891539648,30,50,0,10,40,10,0,10,0,10,0,10,24,10,24,40
"SMCR8_356 2010-06-10",0,10,0,0,10,0,50,10,0,0,10,0,0,10,0,50,10,0,0,10,0,50,50,0,10,50,10,0,10,0,10,50,10,0,10,50,50
"SMCR8_376 2009-06-11",5,10,15.8113883008419,0,10,0,10,10,31.6227766016838,0,10,0,5,10,15.8113883008419,25,10,35.3553390593274,55,10,43.7797517885457,90,10,5,10,10,10,0,10,5,10,25,10,55,10,90,10
"SMCR8_396 2010-05-27",0,10,0,0,10,0,5,10,15.8113883008419,0,10,0,0,10,0,95,10,15.8113883008419,0,10,0,95,5,0,10,5,10,0,10,0,10,95,10,0,10,95,5
"SMCR8_404 2011-06-15",0,10,0,0,10,0,100,10,0,0,10,0,0,10,0,0,10,0,0,10,0,0,100,0,10,100,10,0,10,0,10,0,10,0,10,0,100
"SMCR8_407 2010-06-21",0,10,0,0,10,0,0,10,0,0,10,0,0,10,0,100,10,0,0,10,0,100,0,0,10,0,10,0,10,0,10,100,10,0,10,100,0
"SMCR8_415 2009-07-08",0,10,0,0,10,0,100,10,0,0,10,0,0,10,0,0,10,0,0,10,0,0,100,0,10,100,10,0,10,0,10,0,10,0,10,0,100
"SMCR8_418 2009-06-08",0,10,0,42,10,10.5934990547138,0,10,0,0,10,0,0,10,0,0,10,0,58,10,10.5934990547138,58,0,0,10,0,10,0,10,0,10,0,10,33.64,10,33.64,0
"SMCR8_418 2011-07-13",0,10,0,17.5,10,21.1147657655332,82.5,10,21.1147657655332,0,10,0,0,10,0,0,10,0,0,10,0,0,82.5,0,10,68.0625,10,0,10,0,10,0,10,0,10,0,68.0625
"SMCR8_436 2010-06-23",28,10,28.4995126663987,0,10,0,0,10,0,0,10,0,57,10,31.9026296373477,8,10,17.5119007154183,7,10,22.1359436211787,100,0,28,10,0,10,0,10,57,10,8,10,7,10,100,0
"SMCR8_439 2011-06-08",0,10,0,0,10,0,100,10,0,0,10,0,0,10,0,0,10,0,0,10,0,0,100,0,10,100,10,0,10,0,10,0,10,0,10,0,100
"SMCR8_445 2010-06-24",52.5,10,47.798767999,0,10,0,0,10,0,0,10,0,47.5,10,47.798767999,0,10,0,0,10,0,100,0,52.5,10,0,10,0,10,47.5,10,0,10,0,10,100,0
"SMCR8_453 2011-07-12",0,10,0,0,10,0,93,10,12.5166555703457,0,10,0,0,10,0,7,10,12.5166555703457,0,10,0,7,93,0,10,93,10,0,10,0,10,7,10,0,10,7,93
"SMCR8_467 2011-06-09",0,10,0,0,10,0,71,10,40.4007700696685,0,10,0,0,10,0,29,10,40.4007700696685,0,10,0,29,71,0,10,71,10,0,10,0,10,29,10,0,10,29,71
"SMCR8_474 2009-07-05",17.5,10,23.7170824512628,0,10,0,27.5,10,38.0970981688749,15,10,24.1522945769824,2.5,10,7.90569415042095,30,10,22.973414586817,7.5,10,16.8737139427638,57.5,42.5,17.5,10,27.5,10,15,10,2.5,10,30,10,7.5,10,57.5,42.5
"SMCR8_483 2011-06-06",0,10,0,0,10,0,7,10,4.83045891539648,0,10,0,0,10,0,93,10,4.83045891539648,0,10,0,93,7,0,10,7,10,0,10,0,10,93,10,0,10,93,7
"SMCR8_494 2011-06-20",0,10,0,0,10,0,100,10,0,0,10,0,0,10,0,0,10,0,0,10,0,0,100,0,10,100,10,0,10,0,10,0,10,0,10,0,100
"SMCR8_501 2011-06-14",0,10,0,0,10,0,0,10,0,0,10,0,100,10,0,0,10,0,0,10,0,100,0,0,10,0,10,0,10,100,10,0,10,0,10,100,0
"SMCR8_511 2011-06-09",0,10,0,2,10,4.21637021355784,98,10,4.21637021355784,0,10,0,0,10,0,0,10,0,0,10,0,0,98,0,10,96.04,10,0,10,0,10,0,10,0,10,0,96.04
"SMCR8_512 2011-07-19",1,10,3.16227766016838,0,10,0,15,10,24.1522945769824,5,10,10.8012344973464,3,10,6.74948557710553,75,10,22.7303028283098,1,10,3.16227766016838,80,20,1,10,15,10,5,10,3,10,75,10,1,10,80,20
"SMCR8_513 2009-06-22",15,10,33.7474278855276,0,10,0,20,10,42.1637021355784,10,10,31.6227766016838,0,10,0,5,10,15.8113883008419,50,10,52.704627669473,70,30,15,10,20,10,10,10,0,10,5,10,50,10,70,30
"SMCR8_521 2011-06-06",0,10,0,5,10,8.49836585598798,95,10,8.49836585598798,0,10,0,0,10,0,0,10,0,0,10,0,0,95,0,10,90.25,10,0,10,0,10,0,10,0,10,0,90.25
"SMCR8_528 2011-07-11",0,10,0,0.5,10,1.58113883008419,72,10,31.7280107581088,0,10,0,0,10,0,10,10,31.6227766016838,17.5,10,20.5818150587141,27.5,72,0,10,71.64,10,0,10,0,10,9.95,10,17.4125,10,27.3625,71.64
"SMCR8_533 2011-06-07",0,10,0,0,10,0,0.5,10,1.58113883008419,0,10,0,99,10,3.16227766016838,0,10,0,0.5,10,1.58113883008419,99.5,0.5,0,10,0.5,10,0,10,99,10,0,10,0.5,10,99.5,0.5
"SMCR8_549 2011-06-13",0,10,0,0,10,0,100,10,0,0,10,0,0,10,0,0,10,0,0,10,0,0,100,0,10,100,10,0,10,0,10,0,10,0,10,0,100
"SMCR8_558 2011-08-08",0,10,0,0,10,0,100,10,0,0,10,0,0,10,0,0,10,0,0,10,0,0,100,0,10,100,10,0,10,0,10,0,10,0,10,0,100
"SMCR8_566 2011-06-15",0,10,0,0,10,0,90,10,31.6227766016838,0,10,0,0,10,0,10,10,31.6227766016838,0,10,0,10,90,0,10,90,10,0,10,0,10,10,10,0,10,10,90
"SMCR8_572 2009-06-30",0,10,0,13,10,28.3039062871384,61,10,45.8136321294098,0,10,0,0,10,0,16,10,32.3865541373097,10,10,31.6227766016838,26,61,0,10,53.07,10,0,10,0,10,13.92,10,8.7,10,22.62,53.07
"SMCR8_575 2011-06-07",0,10,0,0,10,0,0,10,0,0,10,0,100,10,0,0,10,0,0,10,0,100,0,0,10,0,10,0,10,100,10,0,10,0,10,100,0
"SMCR8_590 2011-07-20",0,10,0,0,10,0,76.5,10,33.6691418232053,0,10,0,0,10,0,23.5,10,33.6691418232053,0,10,0,23.5,76.5,0,10,76.5,10,0,10,0,10,23.5,10,0,10,23.5,76.5
"SMCR8_593 2011-06-13",0,10,0,0,10,0,100,10,0,0,10,0,0,10,0,0,10,0,0,10,0,0,100,0,10,100,10,0,10,0,10,0,10,0,10,0,100
"SMCR8_594 2011-06-20",0,10,0,0,10,0,100,10,0,0,10,0,0,10,0,0,10,0,0,10,0,0,100,0,10,100,10,0,10,0,10,0,10,0,10,0,100
"SMCR8_598 2010-06-15",0,10,0,0,10,0,95,10,15.8113883008419,0,10,0,0,10,0,5,10,15.8113883008419,0,10,0,5,95,0,10,95,10,0,10,0,10,5,10,0,10,5,95
"SMCR8_600 2009-06-28",0,10,0,0,10,0,20,10,42.1637021355784,10,10,31.6227766016838,10,10,31.6227766016838,50,10,52.704627669473,10,10,31.6227766016838,70,30,0,10,20,10,10,10,10,10,50,10,10,10,70,30
"SMCR8_601 2009-06-24",0,10,0,0,10,0,60,10,51.6397779494322,0,10,0,0,10,0,0,10,0,40,10,51.6397779494322,40,60,0,10,60,10,0,10,0,10,0,10,40,10,40,60
"SMCR8_605 2009-07-01",0,10,0,0,10,0,95,10,15.8113883008419,5,10,15.8113883008419,0,10,0,0,10,0,0,10,0,0,100,0,10,95,10,5,10,0,10,0,10,0,10,0,100
"SMCR8_607 2011-07-19",0,10,0,0,10,0,5,10,15.8113883008419,0,10,0,3,10,4.83045891539648,92,10,15.4919333848297,0,10,0,95,5,0,10,5,10,0,10,3,10,92,10,0,10,95,5
"SMCR8_613 2009-06-29",0,10,0,0,10,0,0,10,0,0,10,0,0,10,0,100,10,0,0,10,0,100,0,0,10,0,10,0,10,0,10,100,10,0,10,100,0
"SMCR8_618 2011-07-19",0,10,0,0,10,0,100,10,0,0,10,0,0,10,0,0,10,0,0,10,0,0,100,0,10,100,10,0,10,0,10,0,10,0,10,0,100
"SMCR8_622 2011-06-16",0,10,0,0,10,0,100,10,0,0,10,0,0,10,0,0,10,0,0,10,0,0,100,0,10,100,10,0,10,0,10,0,10,0,10,0,100
"SMCR8_629 2011-07-14",0,10,0,0,10,0,100,10,0,0,10,0,0,10,0,0,10,0,0,10,0,0,100,0,10,100,10,0,10,0,10,0,10,0,10,0,100
"SMCR8_633 2011-07-26",0,10,0,0,10,0,100,10,0,0,10,0,0,10,0,0,10,0,0,10,0,0,100,0,10,100,10,0,10,0,10,0,10,0,10,0,100
"SMCR8_688 2009-07-01",0,10,0,0,10,0,100,10,0,0,10,0,0,10,0,0,10,0,0,10,0,0,100,0,10,100,10,0,10,0,10,0,10,0,10,0,100
"VA_RC 2010-06-02",0,10,0,8.5,10,12.703892666773,8.2,10,5.07280330126581,0,10,0,0,10,0,82.3,10,14.8925783156876,1,10,3.16227766016838,83.3,8.2,0,10,7.503,10,0,10,0,10,75.3045,10,0.915,10,76.2195,7.503
"WN_RD 2010-05-27",0,10,0,6,10,13.4989711542111,67,10,22.3855111871744,8,10,9.18936583472681,0,10,0,11,10,6.58280588604383,8,10,16.8654808542314,19,75,0,10,62.98,10,7.52,10,0,10,10.34,10,7.52,10,17.86,70.5
"WN_RD1 2010-05-27",0,10,0,0,10,0,35,10,29.3446947694317,22.5,10,25.7390753524675,0,10,0,42.5,10,38.7477597918756,0,10,0,42.5,57.5,0,10,35,10,22.5,10,0,10,42.5,10,0,10,42.5,57.5
