"","FL_N_F.result","FL_N_M.result","FL_Q_F.result","FL_Q_M.result","FL_F.result","FL_M.result","MWVM_F.result","MWVM_M.result","XWV_F.result","XWV_M.result","PWVZ.result"
"903ACPCT1 2010-06-15",0.00142679702248029,0.0503868613138686,NA,NA,0.00142679702248029,0.0503868613138686,0.555555555555556,0.169333333075947,0.547445255474453,0.166861313614984,0
"903ACPCT1 2010-06-30",0.000288195841973904,0.0101775401069519,NA,NA,0.000288195841973904,0.0101775401069519,0.402684563758389,0.122738254846995,0.320855614973262,0.0977967912951991,0
"903ACPCT1 2010-07-13",1.19591961275127e-05,0.000422335025380711,NA,NA,1.19591961275127e-05,0.000422335025380711,0.220994475138122,0.0673591159197136,0.203045685279188,0.0618883247790262,0
"903CVPCT1 2010-06-15",0.000250673724,0.00885245901639344,NA,NA,0.000250673724,0.00885245901639344,0.245901639344262,0.0749508195582059,0.245901639344262,0.0749508195582059,0
"903CVPCT1 2010-06-30",0.000139952414721356,0.00494237288135593,NA,NA,0.000139952414721356,0.00494237288135593,0.185185185185185,0.0564444443586489,0.169491525423729,0.0516610168706278,0
"905DGCC1 2010-06-16",8.71404774993948e-05,0.0030773369199731,NA,NA,8.71404774993948e-05,0.0030773369199731,0.28169014084507,0.0858591547990716,0.268997982515131,0.0819905849459863,0
"905DGCC1 2010-06-29",6.05086301031579e-05,0.00213684210526316,NA,NA,6.05086301031579e-05,0.00213684210526316,0.263157894736842,0.0802105261938695,0.263157894736842,0.0802105261938695,0
"905DGUT1 2010-06-16",8.72349240635294e-05,0.00308067226890756,NA,NA,8.72349240635294e-05,0.00308067226890756,0.348837209302326,0.106325581233734,0.252100840336134,0.0768403360176565,0
"905DGUT1 2010-06-29",1.66920358905263e-05,0.000589473684210526,NA,NA,1.66920358905263e-05,0.000589473684210526,0.526315789473684,0.160421052387739,0.526315789473684,0.160421052387739,0
"905S01953 2009-04-29",9.18061973978947e-05,0.00324210526315789,NA,NA,9.18061973978947e-05,0.00324210526315789,0.266666666666667,0.0812799998764544,0.210526315789474,0.0641684209550956,0
"907S01418 2009-05-12",0.00104257480663636,0.0368181818181818,NA,NA,0.00104257480663636,0.0368181818181818,0.245454545454545,0.0748145453408273,0.245454545454545,0.0748145453408273,0
"907S01434 2009-05-13",0.0003822774291,0.0135,NA,NA,0.0003822774291,0.0135,0.130434782608696,0.0397565216787005,0.115384615384615,0.0351692307157735,0
"907SRSD1x 2010-06-29",2.77012629782609e-05,0.000978260869565218,NA,NA,2.77012629782609e-05,0.000978260869565218,0.256410256410256,0.0781538460350523,0.217391304347826,0.0662608694645009,0
"911S00538 2009-05-05",0.00131738683259077,0.0465230769230769,NA,NA,0.00131738683259077,0.0465230769230769,0.230769230769231,0.0703384614315471,0.230769230769231,0.0703384614315471,0
"911TJPC2 2010-06-14",0.103170195046579,3.64342105263158,NA,NA,0.103170195046579,3.64342105263158,0.493421052631579,0.150394736613505,0.493421052631579,0.150394736613505,0
"LALT500 2010-07-15",1.48797577081263e-05,0.000525473684210526,NA,NA,1.48797577081263e-05,0.000525473684210526,0.222222222222222,0.0677333332303787,0.210526315789474,0.0641684209550956,0
"LAR0080 2010-07-08",0.000142665028671756,0.0050381679389313,NA,NA,0.000142665028671756,0.0050381679389313,0.318471337579618,0.097070063546721,0.305343511450382,0.0930687021486119,0
"ME-SCR 2011-07-13",0.071952643,2.54098360655738,NA,NA,0.071952643,2.54098360655738,0.585480093676815,0.178454332281443,0.585480093676815,0.178454332281443,0
"REF-TCAS 2009-04-30",0.00263818620823333,0.0931666666666667,NA,NA,0.00263818620823333,0.0931666666666667,0.294117647058824,0.0896470586872659,0.277777777777778,0.0846666665379733,0
"SMC00382 2009-06-23",8.45279002985075e-05,0.00298507462686567,NA,NA,8.45279002985075e-05,0.00298507462686567,0.154798761609907,0.047182662466982,0.149253731343284,0.0454925372442842,0
"SMC00473 2009-06-03",0.000415313750133333,0.0146666666666667,NA,NA,0.000415313750133333,0.0146666666666667,0.166666666666667,0.050799999922784,0.166666666666667,0.050799999922784,0
"SMC00476 2009-06-08",NA,NA,NA,NA,NA,NA,0.14,0.0426719999351386,0.116666666666667,0.0355599999459488,0
"SMC00479 2011-07-13",0.000414392877073171,0.0146341463414634,NA,NA,0.000414392877073171,0.0146341463414634,0.326086956521739,0.0993913041967513,0.304878048780488,0.0929268291270439,0
"SMC00531 2009-05-18",0.0004126169076,0.0145714285714286,NA,NA,0.0004126169076,0.0145714285714286,0.535714285714286,0.16328571403752,0.535714285714286,0.16328571403752,0
"SMC00608 2011-06-27",0.00105279170919455,0.0371789883268483,NA,NA,0.00105279170919455,0.0371789883268483,0.583657587548638,0.177898832414419,0.583657587548638,0.177898832414419,0
"SMC00670 2009-05-21",0.0005784727234,0.0204285714285714,NA,NA,0.0005784727234,0.0204285714285714,0.535714285714286,0.16328571403752,0.357142857142857,0.10885714269168,0
"SMC00748 2011-06-21",0.000266135776315789,0.0093984962406015,NA,NA,0.000266135776315789,0.0093984962406015,0.31328320802005,0.0954887216593684,0.31328320802005,0.0954887216593684,0
"SMC00756 2009-06-23",4.90099268076923e-05,0.00173076923076923,NA,NA,4.90099268076923e-05,0.00173076923076923,0.227272727272727,0.0692727271674327,0.192307692307692,0.0586153845262892,0
"SMC00830 2011-06-21",3.26563114036364e-05,0.00115324675324675,NA,NA,3.26563114036364e-05,0.00115324675324675,0.093482905982906,0.0284935897002795,0.051948051948052,0.0158337662096989,0
"SMC00910 2009-04-30",0.0037863669168,0.133714285714286,NA,NA,0.0037863669168,0.133714285714286,0.714285714285714,0.21771428538336,0.714285714285714,0.21771428538336,0
"SMC00957 2010-06-21",0.000748287733557447,0.0264255319148936,NA,NA,0.000748287733557447,0.0264255319148936,0.319148936170213,0.0972765955968204,0.319148936170213,0.0972765955968204,0
"SMC01158 2009-05-20",3.398021592e-05,0.0012,NA,NA,3.398021592e-05,0.0012,0.4,0.121919999814682,0.4,0.121919999814682,0
"SMC01174 2011-07-20",2.51705303111111e-05,0.000888888888888889,NA,NA,2.51705303111111e-05,0.000888888888888889,0.111111111111111,0.0338666666151893,0.111111111111111,0.0338666666151893,0
"SMC01248 2011-07-26",4.63459036500423e-05,0.00163669014084507,NA,NA,4.63459036500423e-05,0.00163669014084507,0.276073619631902,0.0841472391358999,0.211267605633803,0.0643943660993037,0
"SMC01257 2011-06-16",0.00073445141738852,0.0259369070208729,NA,NA,0.00073445141738852,0.0259369070208729,0.191570881226054,0.0583908045089471,0.177893738140417,0.0542220113027818,0
"SMC01358 2011-06-21",0.000190985925809353,0.00674460431654676,NA,NA,0.000190985925809353,0.00674460431654676,0.154926668043793,0.0472216483479711,0.141991669822037,0.0432790608959727,0
"SMC01383 2010-06-01",0.000458436575827674,0.0161895348837209,NA,NA,0.000458436575827674,0.0161895348837209,0.545454545454545,0.166254545201839,0.436046511627907,0.132906976542167,0
"SMC01452 2010-07-15",0.000344604796178414,0.0121696035242291,NA,NA,0.000344604796178414,0.0121696035242291,0.578257517347725,0.176252891019682,0.550660792951542,0.167841409436511,0
"SMC01512 2010-06-23",0.00022329856176,0.00788571428571429,NA,NA,0.00022329856176,0.00788571428571429,0.428571428571429,0.130628571230016,0.428571428571429,0.130628571230016,0
"SMC01640 2009-06-29",6.53465690769231e-05,0.00230769230769231,NA,NA,6.53465690769231e-05,0.00230769230769231,0.384615384615385,0.117230769052578,0.384615384615385,0.117230769052578,0
"SMC01684 2009-06-03",0.000125111251546392,0.00441826215022091,NA,NA,0.000125111251546392,0.00441826215022091,0.334224598930481,0.101871657599166,0.245459008345606,0.0748159056300206,0
"SMC01694 2010-06-28",0.0031748464450678,0.112118644067797,NA,NA,0.0031748464450678,0.112118644067797,1.27118644067797,0.387457626529708,1.27118644067797,0.387457626529708,0
"SMC01716 2010-06-08",0.000832650132166667,0.0294047619047619,NA,NA,0.000832650132166667,0.0294047619047619,0.882352941176471,0.268941176061798,0.850340136054422,0.259183673075429,0
"SMC01726 2010-06-30",0.000805982351043643,0.0284629981024668,NA,NA,0.000805982351043643,0.0284629981024668,0.566037735849057,0.172528301624549,0.47438330170778,0.144592030140751,0
"SMC01972 2010-06-07",0.00053617697704142,0.0189349112426035,NA,NA,0.00053617697704142,0.0189349112426035,0.493096646942801,0.150295857759716,0.493096646942801,0.150295857759716,0
"SMC02059 2010-06-03",0.000389024403380144,0.0137382671480144,NA,NA,0.000389024403380144,0.0137382671480144,0.113636363636364,0.0346363635837164,0.108303249097473,0.0330108302747333,0
"SMC02206 2011-07-19",0.000525819257604502,0.0185691318327974,NA,NA,0.000525819257604502,0.0185691318327974,0.226860254083485,0.0691470053395426,0.20096463022508,0.0612540191994984,0
"SMC02270 2010-06-30",0.000394122997379691,0.0139183222958057,NA,NA,0.000394122997379691,0.0139183222958057,0.551876379690949,0.168211920274119,0.551876379690949,0.168211920274119,0
"SMC02452 2011-06-30",0.0120360031089184,0.425047438330171,NA,NA,0.0120360031089184,0.425047438330171,0.564759036144578,0.172138553955217,0.47438330170778,0.144592030140751,0
"SMC02536 2011-06-29",0.00103465401038462,0.0365384615384615,NA,NA,0.00103465401038462,0.0365384615384615,0.457875457875458,0.139560439348308,0.457875457875458,0.139560439348308,0
"SMC02563 2010-06-24",0.000337815012070175,0.0119298245614035,NA,NA,0.000337815012070175,0.0119298245614035,0.37037037037037,0.112888888717298,0.350877192982456,0.106947368258493,0
"SMC02573 2010-06-09",0.00226319844173055,0.0799240986717268,NA,NA,0.00226319844173055,0.0799240986717268,0.813008130081301,0.247804877672117,0.759013282732448,0.231347248225202,0
"SMC02656 2009-06-23",0.00239120037955556,0.0844444444444444,NA,NA,0.00239120037955556,0.0844444444444444,0.888888888888889,0.270933332921515,0.888888888888889,0.270933332921515,0
"SMC02749 2011-06-27",0.000231788648840382,0.00818553888130969,NA,NA,0.000231788648840382,0.00818553888130969,0.428571428571429,0.130628571230016,0.409276944065484,0.124747612361543,0
"SMC02947 2011-07-12",0.00985695945933333,0.348095238095238,NA,NA,0.00985695945933333,0.348095238095238,0.142857142857143,0.043542857076672,0.0952380952380952,0.029028571384448,0
"SMC03133 2010-06-02",0.00264994967435821,0.0935820895522388,NA,NA,0.00264994967435821,0.0935820895522388,1.2,0.365759999444045,1.11940298507463,0.341194029332131,0
"SMC03234 2011-06-28",0.000106370733216619,0.00375644699140401,NA,NA,0.000106370733216619,0.00375644699140401,0.22140221402214,0.0674833947313736,0.214899713467049,0.0655014325651943,0
"SMC03304 2011-06-29",0.00134407624520637,0.0474656046343229,NA,NA,0.00134407624520637,0.0474656046343229,0.54308472121651,0.165532222775183,0.54308472121651,0.165532222775183,0
"SMC03533 2010-06-01",0.0019113871455,0.0675,NA,NA,0.0019113871455,0.0675,1,0.304799999536704,0.75,0.228599999652528,0
"SMC03687 2010-06-02",0.000248457492748387,0.0087741935483871,NA,NA,0.000248457492748387,0.0087741935483871,0.645161290322581,0.196645160991422,0.645161290322581,0.196645160991422,0
"SMC04749 2009-06-23",0.0006512874718,0.023,NA,NA,0.0006512874718,0.023,0.166666666666667,0.050799999922784,0.166666666666667,0.050799999922784,0
"SMC04795 2011-07-14",0.0010194064776,0.036,NA,NA,0.0010194064776,0.036,0.436363636363636,0.133003636161471,0.436363636363636,0.133003636161471,0
"SMC05109 2009-06-23",0.00121633727440909,0.0429545454545455,NA,NA,0.00121633727440909,0.0429545454545455,0.714285714285714,0.21771428538336,0.681818181818182,0.207818181502298,0
"SMC06467 2010-06-28",0.000386138817272727,0.0136363636363636,NA,NA,0.000386138817272727,0.0136363636363636,0.340909090909091,0.103909090751149,0.340909090909091,0.103909090751149,0
"SMC06714 2010-06-06",2.973268893e-05,0.00105,NA,NA,2.973268893e-05,0.00105,0.15,0.0457199999305056,0.15,0.0457199999305056,0
"SMC08845 2009-06-22",0.001132673864,0.04,NA,NA,0.001132673864,0.04,0.25,0.076199999884176,0.25,0.076199999884176,0
"SMC10146 2011-06-28",0.00279584055037975,0.0987341772151899,NA,NA,0.00279584055037975,0.0987341772151899,0.785340314136126,0.239371727384846,0.759493670886076,0.231493670534206,0
"SMC21822 2010-06-21",0.0187015688451496,0.660439670748846,NA,NA,0.0187015688451496,0.660439670748846,0.214224507283633,0.0652956297208021,0.150572174262196,0.045894398645358,0
"SMC24222 2010-06-21",0.030130007713029,1.06403118040089,NA,NA,0.030130007713029,1.06403118040089,0.686184812442818,0.209149130514664,0.556792873051225,0.169710467448053,0
"SMC34888 2010-06-24",0.00254717839022362,0.0899527559055118,NA,NA,0.00254717839022362,0.0899527559055118,0.56,0.170687999740554,0.551181102362205,0.16799999974464,0
"SMCR8_020 2011-07-12",0.0017945173200355,0.0633727810650887,NA,NA,0.0017945173200355,0.0633727810650887,0.443786982248521,0.135266271983744,0.443786982248521,0.135266271983744,0
"SMCR8_026 2009-05-31",0.00095543394396088,0.0337408312958435,NA,NA,0.00095543394396088,0.0337408312958435,0.09765625,0.0297656249547562,0.0814995925020375,0.0248410757568626,0
"SMCR8_131 2009-06-16",9.60365852439e-05,0.0033915,NA,NA,9.60365852439e-05,0.0033915,0.25,0.076199999884176,0.15,0.0457199999305056,0
"SMCR8_179 2009-06-01",0.000972724830056513,0.0343514531754575,NA,NA,0.000972724830056513,0.0343514531754575,0.0932256059664388,0.0284151646553795,0.0807319698600646,0.0246071043759449,0
"SMCR8_196 2009-05-24",0.000490835982497182,0.0173337091319053,NA,NA,0.000490835982497182,0.0173337091319053,0.338218714768884,0.10308906410486,0.338218714768884,0.10308906410486,0
"SMCR8_197 2009-06-04",0.00519955890155172,0.183620689655172,NA,NA,0.00519955890155172,0.183620689655172,0.887573964497041,0.270532543967489,0.862068965517241,0.262758620290262,0
"SMCR8_254 2011-07-19",0.00196862431248,0.0695213114754098,NA,NA,0.00196862431248,0.0695213114754098,0.327868852459016,0.0999344260776079,0.327868852459016,0.0999344260776079,0
"SMCR8_327 2009-06-28",0.00149425821289231,0.0527692307692308,NA,NA,0.00149425821289231,0.0527692307692308,0.810810810810811,0.24713513475949,0.769230769230769,0.234461538105157,0
"SMCR8_333 2009-06-17",0.00116120361922105,0.0410075187969925,NA,NA,0.00116120361922105,0.0410075187969925,0.737100737100737,0.224668304326809,0.451127819548872,0.137503759189491,0
"SMCR8_339 2011-07-25",0.00309482488847008,0.109292709466812,NA,NA,0.00309482488847008,0.109292709466812,0.439882697947214,0.134076246130515,0.326441784548422,0.0994994557791199,0
"SMCR8_404 2011-06-15",0.00641831107898524,0.226660516605166,NA,NA,0.00641831107898524,0.226660516605166,1.1070110701107,0.337416973656868,1.1070110701107,0.337416973656868,0
"SMCR8_407 2010-06-21",0.00017414860659,0.00615,NA,NA,0.00017414860659,0.00615,0.5,0.152399999768352,0.5,0.152399999768352,0
"SMCR8_415 2009-07-08",6.93306018367742e-05,0.00244838709677419,NA,NA,6.93306018367742e-05,0.00244838709677419,0.12,0.0365759999444045,0.0967741935483871,0.0294967741487133,0
"SMCR8_418 2009-06-08",0.00137249080588925,0.0484690553745928,NA,NA,0.00137249080588925,0.0484690553745928,0.325732899022801,0.0992833874712391,0.325732899022801,0.0992833874712391,0
"SMCR8_418 2011-07-13",0.00134132431263158,0.0473684210526316,NA,NA,0.00134132431263158,0.0473684210526316,0.56390977443609,0.171879698986863,0.56390977443609,0.171879698986863,0
"SMCR8_439 2011-06-08",0.00662278879361842,0.233881578947368,NA,NA,0.00662278879361842,0.233881578947368,1.02040816326531,0.311020407690514,0.986842105263158,0.30078947322701,0
"SMCR8_511 2011-06-09",0.004368884904,0.154285714285714,NA,NA,0.004368884904,0.154285714285714,0.740740740740741,0.225777777434596,0.639658848614072,0.194968016761218,0
"SMCR8_521 2011-06-06",0.00473884541048507,0.167350746268657,NA,NA,0.00473884541048507,0.167350746268657,0.597609561752988,0.182151394145441,0.559701492537313,0.170597014666066,0
"SMCR8_549 2011-06-13",0.00154937898948157,0.0547158026233604,NA,NA,0.00154937898948157,0.0547158026233604,0.19723865877712,0.0601183431038864,0.18738288569644,0.0571143034734611,0
"SMCR8_558 2011-08-08",0.00648982612193023,0.229186046511628,NA,NA,0.00648982612193023,0.229186046511628,0.697674418604651,0.212651162467468,0.697674418604651,0.212651162467468,0
"SMCR8_566 2011-06-15",0.0059839449839233,0.211321022727273,NA,NA,0.0059839449839233,0.211321022727273,0.892857142857143,0.2721428567292,0.852272727272727,0.259772726877873,0
"SMCR8_593 2011-06-13",0.000470956373523729,0.0166316673666527,NA,NA,0.000470956373523729,0.0166316673666527,0.156331422615946,0.0476498175409126,0.125997480050399,0.0384040318609875,0
"SMCR8_598 2010-06-15",8.070301281e-05,0.00285,NA,NA,8.070301281e-05,0.00285,0.319148936170213,0.0972765955968204,0.208333333333333,0.06349999990348,0
"SMCR8_601 2009-06-24",0.000413832128930988,0.0146143437077131,NA,NA,0.000413832128930988,0.0146143437077131,0.40595399188092,0.123734776537228,0.40595399188092,0.123734776537228,0
"SMCR8_618 2011-07-19",0.00125029768833846,0.0441538461538462,NA,NA,0.00125029768833846,0.0441538461538462,0.887573964497041,0.270532543967489,0.854700854700855,0.260512820116841,0
"SMCR8_622 2011-06-16",0.000114234073086595,0.00403413821815154,NA,NA,0.000114234073086595,0.00403413821815154,0.3003003003003,0.0915315313924036,0.249791840133222,0.0761365527568786,0
"SMCR8_629 2011-07-14",0.0018689118756,0.066,NA,NA,0.0018689118756,0.066,1.02389078498294,0.312081910788434,0.923076923076923,0.281353845726188,0
"SMCR8_688 2009-07-01",0.000171899915830588,0.00607058823529412,NA,NA,0.000171899915830588,0.00607058823529412,0.142857142857143,0.043542857076672,0.0882352941176471,0.0268941176061798,0
"102PS0139 2010-07-15",NA,NA,NA,NA,NA,NA,0,0,0,0,100
"403S00640 2009-06-11",NA,NA,1.200606566016,0.0339973919568278,1.200606566016,0.0339973919568278,1.12,0.341375999481108,0.406923076923077,0.124030153657628,23.0769230769231
"403S00772 2009-05-20",NA,NA,4.06014700288,0.114970559854003,4.06014700288,0.114970559854003,0.63,0.192023999708124,0.149333333333333,0.0455167999308145,46.6666666666667
"403S01163 2009-06-08",NA,NA,31.2261040704,0.884224798877152,31.2261040704,0.884224798877152,0.49,0.149351999772985,0.159166666666667,0.0485139999262587,33.3333333333333
"403S01195 2009-06-10",NA,NA,1.39285000576,0.039441119949915,1.39285000576,0.039441119949915,0.07,0.0213359999675693,0.0185714285714286,0.00566057141996736,21.4285714285714
"403S01272 2009-06-09",NA,NA,4.7509532445312,0.134532014229162,4.7509532445312,0.134532014229162,1.36,0.414527999369917,0.649333333333333,0.197916799699166,13.3333333333333
"403S01784 2009-06-09",NA,NA,29.6983176838656,0.84096270613209,29.6983176838656,0.84096270613209,2.51,0.765047998837127,0.935333333333333,0.285089599566664,26.6666666666667
"403S03832 2009-06-08",NA,NA,1.06481983632,0.0301523399617106,1.06481983632,0.0301523399617106,0.13,0.0396239999397715,0.062,0.0188975999712756,13.3333333333333
"403S14156 2009-06-09",NA,NA,3.60339553453056,0.102036798590427,3.60339553453056,0.102036798590427,1.82,0.554735999156801,0.47,0.143255999782251,18.75
"404S02920 2009-05-12",NA,NA,0.1323530422784,0.00374782079524077,0.1323530422784,0.00374782079524077,0.03,0.00914399998610112,0.01,0.00304799999536704,58.3333333333333
"404S03048 2009-05-13",NA,NA,0,0,0,0,0.45,0.137159999791517,0.0645454545454545,0.0196734545155509,45.4545454545455
"404S05992 2009-05-12",NA,NA,1.094474409472,0.0309920639606442,1.094474409472,0.0309920639606442,0.1,0.0304799999536704,0.0454545454545455,0.0138545454334865,9.09090909090909
"404S06456 2009-05-14",NA,NA,1.1924690497536,0.0337669631571205,1.1924690497536,0.0337669631571205,0.89,0.271271999587667,0.129090909090909,0.0393469090311018,36.3636363636364
"404S08040 2009-05-12",NA,NA,0.513869082496,0.014551151981522,0.513869082496,0.014551151981522,0.1,0.0304799999536704,0.03,0.00914399998610112,54.5454545454545
"404S08616 2009-05-13",NA,NA,1.239356643456,0.0350946719554344,1.239356643456,0.0350946719554344,0.16,0.0487679999258726,0.0390909090909091,0.0119149090727984,45.4545454545455
"404S11406 2009-05-11",NA,NA,2.4138714906624,0.0683532287132005,2.4138714906624,0.0683532287132005,0.26,0.079247999879543,0.0981818181818182,0.0299258181363309,0
"404S16516 2009-05-18",NA,NA,4.506203449856,0.127601471837963,4.506203449856,0.127601471837963,0.68,0.207263999684959,0.153076923076923,0.0466578460829262,38.4615384615385
"404S17266 2009-05-19",NA,NA,4.16778610688,0.118018559850132,4.16778610688,0.118018559850132,1.04,0.316991999518172,0.135,0.041147999937455,56.25
"404S17664 2009-05-20",NA,NA,NA,NA,NA,NA,NA,NA,NA,NA,NA
"404S22464 2009-05-19",NA,NA,3.10484995488,0.0879195598883539,3.10484995488,0.0879195598883539,0.33,0.100583999847112,0.0825,0.0251459999617781,25
"901S00313 2009-04-30",NA,NA,NA,NA,NA,NA,NA,NA,NA,NA,NA
"901S00469 2009-05-13",NA,NA,NA,NA,NA,NA,NA,NA,NA,NA,NA
"901S00531 2009-05-07",NA,NA,0.159628791232,0.00452018399425997,0.159628791232,0.00452018399425997,0.37,0.11277599982858,0.108571428571429,0.0330925713782707,21.4285714285714
"901S00997 2009-05-14",NA,NA,NA,NA,NA,NA,NA,NA,NA,NA,NA
"901S01705 2009-05-14",NA,NA,0.076208485632,0.00215798399725965,0.076208485632,0.00215798399725965,0.4,0.121919999814682,0.170909090909091,0.0520930908299094,18.1818181818182
"901S01811 2009-05-07",NA,NA,2.604220482176,0.0737433119063558,2.604220482176,0.0737433119063558,2.24,0.682751998962217,1.085,0.330707999497324,16.6666666666667
"901S06030 2009-04-30",NA,NA,NA,NA,NA,NA,NA,NA,NA,NA,NA
"901SJMS1x 2008-05-13",NA,NA,0.0719459771136,0.00203728319741292,0.0719459771136,0.00203728319741292,0.06,0.0182879999722022,0.0142,0.0043281599934212,40
"901SJMS1x 2008-06-02",NA,NA,0.035197987008,0.000996695998734329,0.035197987008,0.000996695998734329,0.04,0.0121919999814682,0.0133333333333333,0.00406399999382272,22.2222222222222
"901SJMS1x 2008-06-25",NA,NA,0.013885444416,0.000393191999500699,0.013885444416,0.000393191999500699,0.08,0.0243839999629363,0.02,0.00609599999073408,45.4545454545455
"901SJMS1x 2008-07-03",NA,NA,0.006781263552,0.000192023999756155,0.006781263552,0.000192023999756155,0.06,0.0182879999722022,0.0157142857142857,0.00478971427843392,57.1428571428571
"901SJOF1x 2008-05-16",NA,NA,0.00322917312,9.14399998838834e-05,0.00322917312,9.14399998838834e-05,NA,NA,NA,NA,NA
"901SJOF1x 2008-06-25",NA,NA,NA,NA,NA,NA,NA,NA,NA,NA,NA
"901SJOF1x 2008-07-03",NA,NA,NA,NA,NA,NA,NA,NA,NA,NA,NA
"901TCSMP1 2010-05-25",NA,NA,NA,NA,NA,NA,NA,NA,NA,NA,NA
"902S00565 2009-04-27",NA,NA,10.07986389408,0.285429959637542,10.07986389408,0.285429959637542,2.05,0.624839999050243,0.838,0.255422399611758,30
"902S01097 2009-05-11",NA,NA,0.44724047712,0.0126644399839178,0.44724047712,0.0126644399839178,0.78,0.237743999638629,0.298571428571429,0.0910045712902445,42.8571428571429
"902SMAS1x 2008-04-02",NA,NA,0.252198420672,0.00714146399093129,0.252198420672,0.00714146399093129,0.39,0.118871999819315,0.228235294117647,0.0695661175413183,11.7647058823529
"902SMAS1x 2008-05-12",NA,NA,0.075508831456,0.00213817199728481,0.075508831456,0.00213817199728481,0.28,0.0853439998702771,0.137142857142857,0.0418011427936051,14.2857142857143
"902SMAS1x 2008-06-02",NA,NA,0.005489594304,0.000155447999802602,0.005489594304,0.000155447999802602,0.09,0.0274319999583034,0.0242857142857143,0.00740228570303424,57.1428571428571
"903ACPCT1 2010-05-25",NA,NA,1.54381384912,0.0437159399444866,1.54381384912,0.0437159399444866,1.5,0.457199999305056,1.09772727272727,0.3345872722187,0
"903CVPCT1 2010-06-01",NA,NA,0.676727046848,0.0191627759756658,0.676727046848,0.0191627759756658,2.07,0.630935999040977,0.745,0.227075999654844,0
"903CVPCT1 2010-07-13",NA,NA,NA,NA,NA,NA,NA,NA,NA,NA,NA
"904S00537 2009-05-04",NA,NA,5.028145465152,0.142381223819195,5.028145465152,0.142381223819195,4.1,1.24967999810049,0.756666666666667,0.230631999649439,26.6666666666667
"905DGCC1 2010-06-02",NA,NA,0.225181005568,0.0063764159919028,0.225181005568,0.0063764159919028,0.95,0.289559999559869,0.21625,0.0659129998998122,0
"905DGCC1 2010-07-13",NA,NA,NA,NA,NA,NA,NA,NA,NA,NA,NA
"905DGSY1x 2008-04-24",NA,NA,0.6229613144,0.0176402999775992,0.6229613144,0.0176402999775992,0.45,0.137159999791517,0.201666666666667,0.0614679999065686,33.3333333333333
"905DGSY1x 2008-05-14",NA,NA,0.476625952512,0.0134965439828612,0.476625952512,0.0134965439828612,0.38,0.115823999823948,0.185625,0.0565784999140007,18.75
"905DGSY1x 2008-06-03",NA,NA,0.364573645248,0.0103235759868904,0.364573645248,0.0103235759868904,0.35,0.106679999837846,0.173846153846154,0.0529883076117655,15.3846153846154
"905DGSY1x 2008-06-24",NA,NA,0.010817729952,0.000306323999611009,0.010817729952,0.000306323999611009,0.03,0.00914399998610112,0.009,0.00274319999583034,60
"905DGSY1x 2008-07-02",NA,NA,0.00161458656,4.57199999419417e-05,0.00161458656,4.57199999419417e-05,0.03,0.00914399998610112,0.00727272727272727,0.00221672726935785,45.4545454545455
"905DGSY1x 2008-07-09",NA,NA,0.00053819552,1.52399999806472e-05,0.00053819552,1.52399999806472e-05,0.01,0.00304799999536704,0.000714285714285714,0.00021771428538336,92.8571428571429
"905DGSY1x 2008-07-16",NA,NA,NA,NA,NA,NA,NA,NA,NA,NA,NA
"905DGSY1x 2010-06-01",NA,NA,3.260819016576,0.0923361118827455,3.260819016576,0.0923361118827455,1.87,0.569975999133637,0.569,0.173431199736385,0
"905DGSY1x 2010-06-14",NA,NA,0.120743110048781,0.00341906412525824,0.120743110048781,0.00341906412525824,0.094488,0.0287999423562241,0.0364744,0.0111173971031016,0
"905DGSY1x 2010-06-29",NA,NA,1.5448418025632,0.0437450483444496,1.5448418025632,0.0437450483444496,1.24,0.377951999425513,0.493533333333333,0.150428959771348,0
"905DGSY1x 2010-07-20",NA,NA,1.120845989952,0.0317388239596959,1.120845989952,0.0317388239596959,1.25,0.38099999942088,0.42625,0.12992099980252,0
"905DGSY1x 2010-08-19",NA,NA,0.598419598688,0.0169453559784817,0.598419598688,0.0169453559784817,0.93,0.283463999569135,0.3105,0.0946403998561466,0
"905DGSY1x 2010-09-15",NA,NA,0.214094177856,0.00606247199230147,0.214094177856,0.00606247199230147,0.43,0.131063999800783,0.123846153846154,0.0377483076349303,23.0769230769231
"905DGUT1 2010-06-02",NA,NA,NA,NA,NA,NA,NA,NA,NA,NA,NA
"905DGUT1 2010-07-13",NA,NA,NA,NA,NA,NA,NA,NA,NA,NA,NA
"907S00577 2009-05-12",NA,NA,0.059309146304,0.00167944799786732,0.059309146304,0.00167944799786732,0.42,0.128015999805416,0.086,0.0262127999601565,60
"907SRSD1x 2008-07-02",NA,NA,0.004520842368,0.000128015999837437,0.004520842368,0.000128015999837437,0.03,0.00914399998610112,0.01,0.00304799999536704,60
"907SRSD1x 2008-07-09",NA,NA,0.002045142976,5.79119999264595e-05,0.002045142976,5.79119999264595e-05,0.01,0.00304799999536704,0.006,0.00182879999722022,40
"907SRSD1x 2010-06-01",NA,NA,0.067866455072,0.00192176399755962,0.067866455072,0.00192176399755962,0.38,0.115823999823948,0.1475,0.0449579999316638,0
"907SRSD1x 2010-06-15",NA,NA,NA,NA,NA,NA,NA,NA,NA,NA,NA
"907SRSD1x 2010-07-13",NA,NA,NA,NA,NA,NA,NA,NA,NA,NA,NA
"911NCPCR2 2010-05-24",NA,NA,0.9362126348608,0.0265105895663351,0.9362126348608,0.0265105895663351,0.47,0.143255999782251,0.0861764705882353,0.0262665881953689,0
"911NCPCR2 2010-06-14",NA,NA,0.140554461724063,0.00398005913158586,0.140554461724063,0.00398005913158586,0.67056,0.204386687689332,0.0590005714285714,0.0179833741440938,0
"911NCPCR2 2010-06-30",NA,NA,0.672125475152,0.0190324739758313,0.672125475152,0.0190324739758313,0.91,0.277367999578401,0.325909090909091,0.0993370907580985,0
"911NCPCR2 2010-07-20",NA,NA,0.590723402752,0.0167274239787584,0.590723402752,0.0167274239787584,1.11,0.338327999485741,0.32,0.0975359998517453,0
"911NCPCR2 2010-08-19",NA,NA,0.321679462304,0.00910894798843285,0.321679462304,0.00910894798843285,0.46,0.140207999786884,0.205333333333333,0.0625855999048699,0
"911NCPCR2 2010-09-14",NA,NA,0.18998301856,0.00537971999316847,0.18998301856,0.00537971999316847,0.3,0.0914399998610112,0.078,0.0237743999638629,13.3333333333333
"911S01818 2009-05-06",NA,NA,0.17006978432,0.00481583999388453,0.17006978432,0.00481583999388453,0.3,0.0914399998610112,0.132307692307692,0.040327384554087,38.4615384615385
"911S02058 2009-05-05",NA,NA,0.72548756096,0.0205435199739125,0.72548756096,0.0205435199739125,1.13,0.344423999476475,0.24,0.073151999888809,45.4545454545455
"911S03354 2009-05-05",NA,NA,0.758963322304,0.0214914479727087,0.758963322304,0.0214914479727087,0.98,0.29870399954597,0.550714285714286,0.167857714030571,28.5714285714286
"911S04086 2009-05-06",NA,NA,NA,NA,NA,NA,NA,NA,NA,NA,NA
"911TJPC2 2010-05-24",NA,NA,3.7943752911936,0.10744474306356,3.7943752911936,0.10744474306356,NA,NA,NA,NA,NA
"911TJPC2 2010-07-01",NA,NA,0.17948820592,0.00508253999354585,0.17948820592,0.00508253999354585,0.84,0.256031999610831,0.206666666666667,0.0629919999042522,0
"911TJPC2 2010-07-19",NA,NA,NA,NA,NA,NA,NA,NA,NA,NA,NA
"LALT-501 2009-06-22",NA,NA,0.0232285186432,0.000657758399164735,0.0232285186432,0.000657758399164735,2.49,0.758951998846393,1.08083333333333,0.329437999499254,16.6666666666667
"LALT500 2009-06-22",NA,NA,NA,NA,NA,NA,NA,NA,NA,NA,NA
"LALT501 2010-07-15",NA,NA,5.9093868096,0.167335199787507,5.9093868096,0.167335199787507,4.88,1.48742399773912,2.745,0.836675998728252,16.6666666666667
"LALT502 2009-06-22",NA,NA,0.47468844864,0.0134416799829309,0.47468844864,0.0134416799829309,0.56,0.170687999740554,0.162307692307692,0.0494713845401881,38.4615384615385
"LALT502 2010-07-15",NA,NA,0.96767554496,0.0274015199652037,0.96767554496,0.0274015199652037,0.28,0.0853439998702771,0.129166666666667,0.0393699999401576,8.33333333333333
"LALT503 2010-07-15",NA,NA,0,0,0,0,1.9,0.579119999119738,1.402,0.427329599350459,0
"LAR0052 2010-07-08",NA,NA,18.60649551744,0.526877279330936,18.60649551744,0.526877279330936,3.77,1.14909599825337,1.59785714285714,0.487026856402576,0
"LAR0092 2010-07-27",NA,NA,4.907858766432,0.13897508382352,4.907858766432,0.13897508382352,NA,NA,NA,NA,NA
"LB_RA 2010-05-26",NA,NA,NA,NA,NA,NA,NA,NA,NA,NA,NA
"LB_RA1 2010-05-26",NA,NA,NA,NA,NA,NA,NA,NA,NA,NA,NA
"LC_R31 2010-05-25",NA,NA,NA,NA,NA,NA,NA,NA,NA,NA,NA
"LC_R4 2010-05-25",NA,NA,NA,NA,NA,NA,NA,NA,NA,NA,NA
"LC_R5 2010-05-25",NA,NA,NA,NA,NA,NA,NA,NA,NA,NA,NA
"ME-CC 2010-07-12",NA,NA,7.654431963648,0.216749375724757,7.654431963648,0.216749375724757,2.6,0.79247999879543,0.80375,0.244982999627626,0
"ME-CC 2011-07-07",NA,NA,NA,NA,NA,NA,NA,NA,NA,NA,NA
"ME-VR2 2010-07-07",NA,NA,12.51627501312,0.354421439549932,12.51627501312,0.354421439549932,0.72,0.219455999666427,0.321923076923077,0.0981221536970082,0
"ME-VR2 2011-07-06",NA,NA,26.05081595008,0.737676959063249,26.05081595008,0.737676959063249,1.07,0.326135999504273,0.586470588235294,0.178756235022408,11.7647058823529
"MO2_Mont 2010-06-30",NA,NA,NA,NA,NA,NA,NA,NA,NA,NA,NA
"POM_RC 2010-05-28",NA,NA,2.47398510149075,0.0700554566095989,2.47398510149075,0.0700554566095989,2.36712,0.721498174903323,0.6765075,0.206199485686577,33.3333333333333
"POM_RD 2010-06-16",NA,NA,10.9306947105667,0.309522805350547,10.9306947105667,0.309522805350547,3.17848,0.968800702527423,1.174311,0.357929992255946,10
"REF-CS 2008-10-22",NA,NA,0.045854258304,0.00129844799835114,0.045854258304,0.00129844799835114,0.02,0.00609599999073408,0.02,0.00609599999073408,0
"REF-CS 2009-04-29",NA,NA,0.8524586480384,0.0241389407693468,0.8524586480384,0.0241389407693468,NA,NA,NA,NA,NA
"SA_RB 2010-06-02",NA,NA,NA,NA,NA,NA,NA,NA,NA,NA,NA
"SGLT506 2010-07-06",NA,NA,0.28739640768,0.00813815998966562,0.28739640768,0.00813815998966562,0.29,0.0883919998656442,0.0890909090909091,0.0271549090496336,45.4545454545455
"SGLT508 2009-05-26",NA,NA,0,0,0,0,NA,NA,NA,NA,NA
"SGUR010 2010-06-18",NA,NA,0.102095690144,0.00289102799632878,0.102095690144,0.00289102799632878,0.88,0.2682239995923,0.419,0.127711199805879,0
"SGUR010 2011-06-27",NA,NA,0.0459403695872,0.00130088639834805,0.0459403695872,0.00130088639834805,0.74,0.225551999657161,0.143636363636364,0.0437803635698175,54.5454545454545
"SGUR103 2010-07-22",NA,NA,0.506872540736,0.0143530319817736,0.506872540736,0.0143530319817736,1.76,0.536447999184599,0.555,0.169163999742871,0
"SGUR103 2011-08-03",NA,NA,0.3169756334592,0.008975750388602,0.3169756334592,0.008975750388602,1.41,0.429767999346753,0.852727272727273,0.259911272332208,18.1818181818182
"SGUT 503 2009-05-08",NA,NA,4.753773389056,0.134611871829061,4.753773389056,0.134611871829061,4.27,1.30149599802173,1.08571428571429,0.330925713782707,0
"SGUT 503 2010-05-27",NA,NA,14.458515005696,0.409419551480092,14.458515005696,0.409419551480092,4.25,1.29539999803099,2.225,0.678179998969166,0
"SGUT501 2010-07-07",NA,NA,0,0,0,0,1.62,0.49377599924946,0.864615384615385,0.263534768830196,15.3846153846154
"SGUT502 2009-05-13",NA,NA,6.717003006912,0.190204343758466,6.717003006912,0.190204343758466,2.43,0.740663998874191,0.891,0.271576799587203,0
"SGUT502 2010-05-27",NA,NA,20.814281179584,0.589394807251547,20.814281179584,0.589394807251547,3.41,1.03936799842016,1.5703125,0.47863124927248,0
"SGUT502 2011-06-28",NA,NA,12.786664442368,0.362078015540209,12.786664442368,0.362078015540209,3.27,0.996695998485022,1.11846153846154,0.340907076404898,38.4615384615385
"SGUT503 2011-07-27",NA,NA,9.466213362176,0.268053311659608,9.466213362176,0.268053311659608,1.71,0.521207999207764,0.783333333333333,0.238759999637085,20
"SGUT504 2010-07-07",NA,NA,44.61425582592,1.26333503839573,44.61425582592,1.26333503839573,1.32,0.402335999388449,0.48,0.146303999777618,28.5714285714286
"SGUT505 2010-07-08",NA,NA,NA,NA,NA,NA,NA,NA,NA,NA,NA
"Site 19 2010-07-10",NA,NA,5.5776861467136,0.157942482999434,5.5776861467136,0.157942482999434,1.41,0.429767999346753,0.72525,0.221056199663995,16.6666666666667
"Site 6 2010-07-08",NA,NA,0,0,0,0,0.92,0.280415999573768,0.478181818181818,0.145749817960278,0
"Site 7 2010-07-06",NA,NA,1.42944730112,0.0404774399485991,1.42944730112,0.0404774399485991,0.56,0.170687999740554,0.226363636363636,0.068995636258763,27.2727272727273
"SJC_C1Alt 2010-06-03",NA,NA,NA,NA,NA,NA,NA,NA,NA,NA,NA
"SJC_R2 2010-05-25",NA,NA,NA,NA,NA,NA,NA,NA,NA,NA,NA
"SMC00080 2011-06-13",NA,NA,0.380719510848,0.0107807759863099,0.380719510848,0.0107807759863099,1.7,0.518159999212397,0.4675,0.142493999783409,62.5
"SMC00105 2009-05-12",NA,NA,0.0903199721664,0.00255757679675222,0.0903199721664,0.00255757679675222,0.13,0.0396239999397715,0.0490909090909091,0.0149629090681655,0
"SMC00135 2010-06-07",NA,NA,0.0746531005792,0.00211394039731558,0.0746531005792,0.00211394039731558,1.9,0.579119999119738,1.04666666666667,0.319023999515083,13.3333333333333
"SMC00153 2009-06-08",NA,NA,0.950668566528,0.0269199359658153,0.950668566528,0.0269199359658153,0.56,0.170687999740554,0.240833333333333,0.0734059998884229,16.6666666666667
"SMC00180 2010-06-18",NA,NA,0,0,0,0,9,2.74319999583034,9,2.74319999583034,0
"SMC00191 2010-07-12",NA,NA,1.974962280192,0.0559247039289831,1.974962280192,0.0559247039289831,0.37,0.11277599982858,0.196363636363636,0.0598516362726619,0
"SMC00198 2009-05-20",NA,NA,1.1162605641216,0.0316089791598608,1.1162605641216,0.0316089791598608,0.72,0.219455999666427,0.322142857142857,0.0981891427078954,14.2857142857143
"SMC00206 2009-05-18",NA,NA,2.885427641376,0.081706211896244,2.885427641376,0.081706211896244,0.3,0.0914399998610112,0.098,0.029870399954597,0
"SMC00271 2009-06-04",NA,NA,0.40843873291008,0.0115656969453131,0.40843873291008,0.0115656969453131,0.24,0.073151999888809,0.0879310344827586,0.0268013792696067,0
"SMC00282 2009-06-09",NA,NA,0.592876184832,0.016788383978681,0.592876184832,0.016788383978681,0.92,0.280415999573768,0.498,0.151790399769279,33.3333333333333
"SMC00288 2009-06-18",NA,NA,NA,NA,NA,NA,NA,NA,NA,NA,NA
"SMC00318 2010-06-15",NA,NA,133.9057363536,3.79178819518493,133.9057363536,3.79178819518493,2.35,0.716279998911254,1.0425,0.317753999517014,0
"SMC00324 2010-06-21",NA,NA,35.9984828785824,1.01936351750554,35.9984828785824,1.01936351750554,1,0.304799999536704,0.524375,0.159829499757059,0
"SMC00345 2011-07-19",NA,NA,0.070934169536,0.00200863199744931,0.070934169536,0.00200863199744931,0.49,0.149351999772985,0.208571428571429,0.0635725713319411,28.5714285714286
"SMC00375 2010-06-08",NA,NA,0.06059704818336,0.00171591731782101,0.06059704818336,0.00171591731782101,0.56,0.170687999740554,0.238823529411765,0.0727934116540599,17.6470588235294
"SMC00428 2010-07-22",NA,NA,0.524632992896,0.0148559519811349,0.524632992896,0.0148559519811349,1.65,0.502919999235562,0.554545454545455,0.169025454288536,0
"SMC00428 2011-08-03",NA,NA,0.629204382432,0.0178170839773747,0.629204382432,0.0178170839773747,0.84,0.256031999610831,0.220909090909091,0.0673330908067446,63.6363636363636
"SMC00436 2009-05-26",NA,NA,59.404191632832,1.68213938186391,59.404191632832,1.68213938186391,1.74,0.530351999193865,1.02789473684211,0.313302315313254,0
"SMC00440 2009-05-20",NA,NA,0,0,0,0,0.43,0.131063999800783,0.175714285714286,0.0535577142043066,0
"SMC00446 2010-07-01",NA,NA,0.113505435168,0.0032141159959185,0.113505435168,0.0032141159959185,0.38,0.115823999823948,0.132857142857143,0.040494857081305,0
"SMC00457 2009-06-04",NA,NA,0.24732882760704,0.0070035724711064,0.24732882760704,0.0070035724711064,0.558,0.170078399741481,0.202466666666667,0.061711839906198,33.3333333333333
"SMC00464 2009-05-08",NA,NA,41.45935368768,1.17399815850918,41.45935368768,1.17399815850918,1.21,0.368807999439412,0.436,0.132892799798003,0
"SMC00480 2009-05-13",NA,NA,4.851617334592,0.137382503825543,4.851617334592,0.137382503825543,1.51,0.460247999300423,0.815833333333333,0.248665999622028,0
"SMC00520 2009-05-19",NA,NA,104.363269328416,2.95523868824724,104.363269328416,2.95523868824724,98,29.870399954597,9.42545454545455,2.87287854108777,0
"SMC00520 2011-08-05",NA,NA,74.378620864,2.10616799732545,74.378620864,2.10616799732545,4.18,1.27406399806342,2.27066666666667,0.692099198948009,13.3333333333333
"SMC00544 2011-06-22",NA,NA,0.21177993712,0.00599693999238469,0.21177993712,0.00599693999238469,1.45,0.441959999328221,0.53375,0.162686999752716,50
"SMC00632 2011-06-13",NA,NA,NA,NA,NA,NA,NA,NA,NA,NA,NA
"SMC00665 2011-07-27",NA,NA,5.060760113664,0.143304767818022,5.060760113664,0.143304767818022,1.69,0.51511199921703,0.916428571428571,0.279327428146851,14.2857142857143
"SMC00684 2011-06-27",NA,NA,195.85796085632,5.54607983295722,195.85796085632,5.54607983295722,4.5,1.37159999791517,2.91571428571429,0.888709712934875,14.2857142857143
"SMC00686 2011-06-27",NA,NA,NA,NA,NA,NA,NA,NA,NA,NA,NA
"SMC00693 2010-05-31",NA,NA,0.434539062848,0.0123047759843746,0.434539062848,0.0123047759843746,1.17,0.356615999457944,0.526666666666667,0.160527999755997,8.33333333333333
"SMC00702 2011-07-19",NA,NA,0.879626757888,0.0249082559683698,0.879626757888,0.0249082559683698,1.72,0.524255999203131,1.11733333333333,0.340563199482344,13.3333333333333
"SMC00710 2009-05-20",NA,NA,0,0,0,0,0.58,0.176783999731288,0.210526315789474,0.0641684209550956,31.5789473684211
"SMC00729 2009-06-03",NA,NA,3.06340889984,0.086746079889844,3.06340889984,0.086746079889844,1.214,0.370027199437559,0.707818181818182,0.215742981490252,18.1818181818182
"SMC00766 2011-07-11",NA,NA,0.54250108416,0.0153619199804924,0.54250108416,0.0153619199804924,0.42,0.128015999805416,0.0833333333333333,0.025399999961392,75
"SMC00791 2011-06-22",NA,NA,0.180187860096,0.00510235199352069,0.180187860096,0.00510235199352069,0.41,0.124967999810049,0.09,0.0274319999583034,73.3333333333333
"SMC00827 2009-06-15",NA,NA,2.7702430361856,0.0784445471003859,2.7702430361856,0.0784445471003859,1.02,0.310895999527438,0.255384615384615,0.0778412306509121,0
"SMC00857 2011-07-13",NA,NA,7.02668070912,0.19897343974733,7.02668070912,0.19897343974733,1.04,0.316991999518172,0.315,0.0960119998540618,37.5
"SMC00873 2009-05-19",NA,NA,0.3682656665152,0.0104281223867577,0.3682656665152,0.0104281223867577,1.25,0.38099999942088,0.463333333333333,0.14122399978534,0
"SMC00899 2011-07-12",NA,NA,0.668654114048,0.0189341759759561,0.668654114048,0.0189341759759561,1.91,0.582167999115105,1.09,0.332231999495007,21.4285714285714
"SMC00903 2011-07-06",NA,NA,24.61598669376,0.697047119114843,24.61598669376,0.697047119114843,4.13,1.25882399808659,1.611875,0.491299499253225,37.5
"SMC00911 2009-06-04",NA,NA,0.5424418826528,0.0153602435804945,0.5424418826528,0.0153602435804945,NA,NA,NA,NA,NA
"SMC00921 2010-06-02",NA,NA,5.32921203904,0.150906479808369,5.32921203904,0.150906479808369,1.68,0.512063999221663,0.657,0.200253599695615,20
"SMC00924 2009-06-09",NA,NA,0,0,0,0,1.38,0.420623999360651,0.291875,0.0889634998647755,0
"SMC00924 2011-06-20",NA,NA,10.2606975888,0.290550599631039,10.2606975888,0.290550599631039,3.45,1.05155999840163,1.57384615384615,0.479708306963151,23.0769230769231
"SMC00926 2010-06-28",NA,NA,NA,NA,NA,NA,NA,NA,NA,NA,NA
"SMC00958 2011-07-19",NA,NA,0.17329895744,0.00490727999376841,0.17329895744,0.00490727999376841,0.5,0.152399999768352,0.322,0.0981455998508187,20
"SMC00963 2010-06-17",NA,NA,5.45945535488,0.154594559803686,5.45945535488,0.154594559803686,1.71,0.521207999207764,0.378333333333333,0.11531599982472,0
"SMC01004 2009-05-26",NA,NA,2.261067018624,0.0640262879186951,2.261067018624,0.0640262879186951,2.69,0.819911998753734,0.991,0.302056799540874,0
"SMC01013 2010-06-24",NA,NA,NA,NA,NA,NA,NA,NA,NA,NA,NA
"SMC01040 2009-06-09",NA,NA,0.696640281088,0.0197266559749498,0.696640281088,0.0197266559749498,0.52,0.158495999759086,0.132666666666667,0.0404367999385361,0
"SMC01046 2009-05-21",NA,NA,NA,NA,NA,NA,NA,NA,NA,NA,NA
"SMC01049 2010-06-01",NA,NA,0.163396159872,0.0046268639941245,0.163396159872,0.0046268639941245,0.96,0.292607999555236,0.502307692307692,0.153103384382667,15.3846153846154
"SMC01096 2010-06-07",NA,NA,17.2397479944,0.488175299380083,17.2397479944,0.488175299380083,2.28,0.694943998943685,1.07227272727273,0.326828726775948,0
"SMC01151 2009-06-17",NA,NA,7.46773086136896,0.211462589251471,7.46773086136896,0.211462589251471,1.48,0.451103999314322,0.54,0.16459199974982,0
"SMC01155 2009-05-12",NA,NA,1.88314612448,0.0533247599322847,1.88314612448,0.0533247599322847,1.84,0.560831999147535,0.6,0.182879999722022,0
"SMC01161 2010-05-27",NA,NA,4.157452752896,0.117725951850504,4.157452752896,0.117725951850504,1.4,0.426719999351386,0.929285714285714,0.283246285283751,7.14285714285714
"SMC01172 2009-06-24",NA,NA,NA,NA,NA,NA,NA,NA,NA,NA,NA
"SMC01196 2010-07-14",NA,NA,0.695940626912,0.0197068439749749,0.695940626912,0.0197068439749749,1.77,0.539495999179966,0.6005,0.183032399721791,0
"SMC01201 2010-06-02",NA,NA,0.353271539328,0.0100035359872968,0.353271539328,0.0100035359872968,1.9,0.579119999119738,0.795714285714286,0.242533713917063,28.5714285714286
"SMC01208 2010-06-08",NA,NA,9.428324397568,0.26698041566097,9.428324397568,0.26698041566097,1.78,0.542543999175333,1.18,0.359663999453311,0
"SMC01215 2011-07-13",NA,NA,69.74368104576,1.97492111749211,69.74368104576,1.97492111749211,2.49,0.758951998846393,1.31722222222222,0.40148933272307,16.6666666666667
"SMC01258 2009-05-27",NA,NA,0.0421622370368,0.0011939015984839,0.0421622370368,0.0011939015984839,0.15,0.0457199999305056,0.031,0.00944879998563782,60
"SMC01278 2009-06-17",NA,NA,2.6533039136,0.0751331999045908,2.6533039136,0.0751331999045908,0.4,0.121919999814682,0.255,0.0777239998818595,20
"SMC01320 2010-06-07",NA,NA,14.00976758112,0.396712439496228,14.00976758112,0.396712439496228,1.9,0.579119999119738,1.02136363636364,0.311311635890443,0
"SMC01341 2009-06-22",NA,NA,0.67704996416,0.0191719199756542,0.67704996416,0.0191719199756542,2,0.609599999073408,1.1125,0.339089999484583,10
"SMC01367 2011-06-23",NA,NA,13.309467570496,0.37688215152141,13.309467570496,0.37688215152141,18,5.48639999166067,5.26933333333333,1.60609279755874,26.6666666666667
"SMC01372 2010-07-13",NA,NA,37.23451885568,1.0543641586611,37.23451885568,1.0543641586611,2.95,0.899159998633277,1.42375,0.433958999340382,12.5
"SMC01384 2009-06-29",NA,NA,0.44239671744,0.012527279984092,0.44239671744,0.012527279984092,0.62,0.188975999712756,0.22125,0.0674369998974958,37.5
"SMC01424 2009-07-01",NA,NA,NA,NA,NA,NA,NA,NA,NA,NA,NA
"SMC01504 2011-06-28",NA,NA,7.549376198144,0.213774527728535,7.549376198144,0.213774527728535,2.49,0.758951998846393,1.01416666666667,0.309117999530141,25
"SMC01523 2011-07-07",NA,NA,22.6121340780544,0.640304331986899,22.6121340780544,0.640304331986899,4.27,1.30149599802173,1.858125,0.566356499139138,25
"SMC01544 2010-07-14",NA,NA,8.423621000832,0.238530383697098,8.423621000832,0.238530383697098,2.55,0.777239998818595,1.03,0.313943999522805,0
"SMC01550 2009-06-25",NA,NA,0,0,0,0,0.05,0.0152399999768352,0.0116666666666667,0.00355599999459488,50
"SMC01555 2011-06-23",NA,NA,0.244663683392,0.00692810399120223,0.244663683392,0.00692810399120223,1.69,0.51511199921703,0.429,0.130759199801246,60
"SMC01559 2011-06-21",NA,NA,35.10030452112,0.993929938737842,35.10030452112,0.993929938737842,4.49,1.3685519979198,1.935625,0.589978499103233,31.25
"SMC01567 2010-06-09",NA,NA,0.450577289344,0.0127589279837979,0.450577289344,0.0127589279837979,0.8,0.243839999629363,0.162727272727273,0.0495992726518818,0
"SMC01606 2009-05-26",NA,NA,0,0,0,0,0.64,0.195071999703491,0.1175,0.0358139999455627,33.3333333333333
"SMC01655 2011-07-06",NA,NA,40.3099079877952,1.14144948095051,40.3099079877952,1.14144948095051,5.21,1.58800799758623,2.3525,0.717041998910096,18.75
"SMC01676 2010-07-03",NA,NA,28.97160303712,0.820384438958221,28.97160303712,0.820384438958221,3.47,1.05765599839236,1.75615384615385,0.535275691494073,15.3846153846154
"SMC01692 2011-06-20",NA,NA,3.321850388544,0.0940643278805508,3.321850388544,0.0940643278805508,1.15,0.35051999946721,0.368,0.112166399829507,53.3333333333333
"SMC01717 2009-05-28",NA,NA,0.168232600092928,0.00476381672995059,0.168232600092928,0.00476381672995059,0.97,0.295655999550603,0.162,0.049377599924946,35
"SMC01748 2009-06-03",NA,NA,18.79405665616,0.532188419324192,18.79405665616,0.532188419324192,1.72,0.524255999203131,1.150625,0.35071049946692,0
"SMC01808 2011-06-13",NA,NA,4.205244515072,0.119079263848785,4.205244515072,0.119079263848785,2.21,0.673607998976116,1.02545454545455,0.312558544979456,18.1818181818182
"SMC01814 2010-06-09",NA,NA,0,0,0,0,0.94,0.286511999564502,0.541428571428571,0.165027428320587,14.2857142857143
"SMC01860 2009-05-28",NA,NA,34.7776466193606,0.984793284429444,34.7776466193606,0.984793284429444,2.18,0.664463998990015,1.23866666666667,0.377545599426131,0
"SMC01909 2009-06-09",NA,NA,0.457789109312,0.0129631439835385,0.457789109312,0.0129631439835385,1.15,0.35051999946721,0.418125,0.127444499806284,12.5
"SMC01923 2011-07-12",NA,NA,0.95583524352,0.0270662399656295,0.95583524352,0.0270662399656295,1.08,0.32918399949964,0.328461538461538,0.100115076770902,53.8461538461538
"SMC01960 2010-06-23",NA,NA,0.955189408896,0.0270479519656527,0.955189408896,0.0270479519656527,0.68,0.207263999684959,0.181666666666667,0.0553719999158346,0
"SMC01962 2010-06-08",NA,NA,NA,NA,NA,NA,NA,NA,NA,NA,NA
"SMC01979 2011-07-14",NA,NA,2.009837349888,0.056912255927729,2.009837349888,0.056912255927729,2.26,0.688847998952951,0.395,0.120395999816998,21.4285714285714
"SMC01990 2009-05-21",NA,NA,0.3047047756032,0.00862827838904324,0.3047047756032,0.00862827838904324,1.72,0.524255999203131,0.8275,0.252221999616623,25
"SMC02006 2009-05-26",NA,NA,0.506454358511396,0.0143411903798686,0.506454358511396,0.0143411903798686,1.29,0.393191999402348,0.551875,0.168211499744319,18.75
"SMC02088 2011-06-14",NA,NA,406.05937051616,11.4983209053987,406.05937051616,11.4983209053987,195,59.4359999096573,14.246,4.34218079339989,26.6666666666667
"SMC02092 2011-06-14",NA,NA,27.60781558944,0.781766279007261,27.60781558944,0.781766279007261,1.67,0.509015999226296,0.916153846153846,0.279243691883242,15.3846153846154
"SMC02123 2011-07-05",NA,NA,4.8197131041664,0.13647907662669,4.8197131041664,0.13647907662669,1.4,0.426719999351386,0.784705882352941,0.239178352577625,23.5294117647059
"SMC02127 2009-06-04",NA,NA,0.4001268412992,0.011330330385612,0.4001268412992,0.011330330385612,0.2,0.0609599999073408,0.088,0.02682239995923,0
"SMC02145 2011-07-19",NA,NA,0.292886001984,0.00829360798946822,0.292886001984,0.00829360798946822,0.84,0.256031999610831,0.246363636363636,0.0750916362494971,54.5454545454545
"SMC02152 2010-07-14",NA,NA,0.663702715264,0.0187939679761342,0.663702715264,0.0187939679761342,1.51,0.460247999300423,0.224615384615385,0.0684627691267058,30.7692307692308
"SMC02167 2010-06-07",NA,NA,0.003674368454144,0.000104046527867875,0.003674368454144,0.000104046527867875,0.5,0.152399999768352,0.13,0.0396239999397715,13.3333333333333
"SMC02228 2009-06-23",NA,NA,90.603493566336,2.56560522874202,90.603493566336,2.56560522874202,4.27,1.30149599802173,1.46533333333333,0.446633599321117,0
"SMC02417 2011-07-20",NA,NA,1.0279534432,0.0291083999630362,1.0279534432,0.0291083999630362,0.43,0.131063999800783,0.283636363636364,0.086452363504956,18.1818181818182
"SMC02436 2009-05-28",NA,NA,8.69171556438272,0.246121976327458,8.69171556438272,0.246121976327458,2.44,0.743711998869558,1.353,0.41239439937316,0
"SMC02457 2010-05-31",NA,NA,0.82774470976,0.0234391199702354,0.82774470976,0.0234391199702354,0.44,0.13411199979615,0.155454545454545,0.047382545382524,18.1818181818182
"SMC02464 2011-06-22",NA,NA,3.956382906624,0.112032287857734,3.956382906624,0.112032287857734,2.23,0.67970399896685,0.84,0.256031999610831,26.6666666666667
"SMC02548 2010-07-09",NA,NA,0.205160132224,0.00580948799262272,0.205160132224,0.00580948799262272,1.48,0.451103999314322,0.857,0.261213599602955,10
"SMC02591 2011-07-21",NA,NA,3.287136777504,0.0930813478817991,3.287136777504,0.0930813478817991,3.13,0.954023998549883,1.63785714285714,0.499218856384044,14.2857142857143
"SMC02622 2010-06-15",NA,NA,158.75852907616,4.49554091429126,158.75852907616,4.49554091429126,2.51,0.765047998837127,0.61525,0.187528199714957,0
"SMC02644 2011-06-30",NA,NA,3.295478808064,0.0933175678814991,3.295478808064,0.0933175678814991,0.21,0.0640079999027078,0.0981818181818182,0.0299258181363309,27.2727272727273
"SMC02804 2011-06-20",NA,NA,55.5323592424,1.57250129800313,55.5323592424,1.57250129800313,2.37,0.722375998901988,1.865,0.568451999135953,0
"SMC02884 2010-06-23",NA,NA,18.395092317184,0.520891007338538,18.395092317184,0.520891007338538,1.89,0.57607199912437,0.651428571428571,0.198555428269624,0
"SMC02902 2011-08-02",NA,NA,0,0,0,0,0.78,0.237743999638629,0.413,0.125882399808659,10
"SMC02933 2010-06-01",NA,NA,0.5610688296,0.0158876999798247,0.5610688296,0.0158876999798247,0.35,0.106679999837846,0.136,0.0414527999369917,10
"SMC02976 2010-07-27",NA,NA,46.19924163232,1.30821683833874,46.19924163232,1.30821683833874,3.02,0.920495998600846,1.159375,0.353377499462866,0
"SMC02984 2010-06-23",NA,NA,0.352087509184,0.00997000798733942,0.352087509184,0.00997000798733942,0.05,0.0152399999768352,0.00941176470588235,0.00286870587799251,0
"SMC03110 2011-07-26",NA,NA,0,0,0,0,2.72,0.829055998739835,1.092,0.332841599494081,30
"SMC03216 2011-07-27",NA,NA,12.56067614352,0.355678739548335,12.56067614352,0.355678739548335,3.6,1.09727999833213,1.465,0.446531999321271,14.2857142857143
"SMC03268 2009-05-28",NA,NA,22.044004123232,0.624216683207328,22.044004123232,0.624216683207328,2.18,0.664463998990015,0.67,0.204215999689592,0
"SMC03280 2011-08-11",NA,NA,0,0,0,0,4.26,1.29844799802636,1.56466666666667,0.476910399275096,0
"SMC03510 2011-07-21",NA,NA,3.30505868832,0.0935888398811547,3.30505868832,0.0935888398811547,1.29,0.393191999402348,0.538571428571429,0.164156571179053,14.2857142857143
"SMC03944 2010-07-12",NA,NA,NA,NA,NA,NA,NA,NA,NA,NA,NA
"SMC03971 2011-07-11",NA,NA,2.15520395984,0.0610285799225018,2.15520395984,0.0610285799225018,1.88,0.573023999129003,0.360666666666667,0.109931199832905,40
"SMC03988 2011-06-29",NA,NA,1.361849943808,0.0385632959510298,1.361849943808,0.0385632959510298,1.41,0.429767999346753,0.76,0.231647999647895,27.2727272727273
"SMC04047 2009-05-14",NA,NA,3.0456592115904,0.0862434646904823,3.0456592115904,0.0862434646904823,NA,NA,NA,NA,NA
"SMC04054 2009-05-27",NA,NA,2.83091493660188,0.0801625839974042,2.83091493660188,0.0801625839974042,0.89,0.271271999587667,0.464375,0.141541499784857,18.75
"SMC04134 2011-07-26",NA,NA,1.149101254752,0.0325389239586799,1.149101254752,0.0325389239586799,0.37,0.11277599982858,0.236,0.0719327998906621,10
"SMC04175 2009-06-11",NA,NA,0.077572326899232,0.00219660368121061,0.077572326899232,0.00219660368121061,1.83,0.557783999152168,1.03863636363636,0.316576363155168,0
"SMC04239 2009-06-11",NA,NA,0,0,0,0,0.87,0.265175999596932,0.315833333333333,0.0962659998536757,0
"SMC04264 2010-07-09",NA,NA,1.95687891072,0.0554126399296333,1.95687891072,0.0554126399296333,1.38,0.420623999360651,0.539285714285714,0.164374285464437,14.2857142857143
"SMC04308 2009-06-17",NA,NA,4.41239381793792,0.124945078881336,4.41239381793792,0.124945078881336,0.71,0.21640799967106,0.414,0.126187199808195,0
"SMC04383 2010-06-09",NA,NA,14.862430743456,0.420857171465568,14.862430743456,0.420857171465568,0.88,0.2682239995923,0.22875,0.069722999894021,0
"SMC04399 2009-06-11",NA,NA,5.9405375662976,0.168217290986386,5.9405375662976,0.168217290986386,0.78,0.237743999638629,0.43,0.131063999800783,0
"SMC04426 2011-07-25",NA,NA,0.78630365472,0.0222656399717256,0.78630365472,0.0222656399717256,3.15,0.960119998540618,0.801111111111111,0.244178666295515,33.3333333333333
"SMC04661 2011-07-18",NA,NA,12.530483374848,0.354823775549421,12.530483374848,0.354823775549421,3.6,1.09727999833213,2.17533333333333,0.663041598992177,0
"SMC04682 2011-07-25",NA,NA,1.90305935872,0.0538886399315686,1.90305935872,0.0538886399315686,1.07,0.326135999504273,0.369,0.112471199829044,40
"SMC04748 2009-07-02",NA,NA,17.65927140224,0.500054879364997,17.65927140224,0.500054879364997,2.76,0.841247998721303,1.26545454545455,0.385710544868265,36.3636363636364
"SMC04756 2010-07-07",NA,NA,11.451670455008,0.324275195588214,11.451670455008,0.324275195588214,1.63,0.496823999244827,0.8424375,0.256774949609702,0
"SMC04932 2010-07-12",NA,NA,1.527721803072,0.0432602639450652,1.527721803072,0.0432602639450652,0.65,0.198119999698858,0.285384615384615,0.0869852306370132,0
"SMC05199 2011-07-06",NA,NA,9.331879760384,0.264249407664438,9.331879760384,0.264249407664438,4.2,1.28015999805416,1.6475,0.50215799923672,8.33333333333333
"SMC05243 2010-06-10",NA,NA,704.41020981024,19.9466758546704,704.41020981024,19.9466758546704,328,99.9743998480389,16.78975,5.11751579222138,0
"SMC05402 2011-07-28",NA,NA,0,0,0,0,0.6,0.182879999722022,0.371428571428571,0.113211428399347,0
"SMC05407 2011-07-21",NA,NA,13.8317109752832,0.391670437902631,13.8317109752832,0.391670437902631,1.48,0.451103999314322,0.8305,0.253136399615233,10
"SMC05524 2011-06-30",NA,NA,0.680085386892801,0.0192578735755451,0.680085386892801,0.0192578735755451,2.02,0.615695999064142,1.32769230769231,0.404680614769501,0
"SMC05702 2010-06-07",NA,NA,NA,NA,NA,NA,NA,NA,NA,NA,NA
"SMC05759 2010-06-21",NA,NA,41.39853759392,1.17227603851137,41.39853759392,1.17227603851137,2.36,0.719327998906621,1.25421052631579,0.382283367839982,0
"SMC06019 2010-06-17",NA,NA,0.0700084732416,0.00198241919748259,0.0700084732416,0.00198241919748259,0.85,0.259079999606198,0.197727272727273,0.0602672726356665,0
"SMC06216 2009-05-26",NA,NA,5.4479164429312,0.1542678142041,5.4479164429312,0.1542678142041,0.85,0.259079999606198,0.314666666666667,0.0959103998542162,0
"SMC06458 2010-06-06",NA,NA,NA,NA,NA,NA,NA,NA,NA,NA,NA
"SMC06653 2010-07-01",NA,NA,46.155217238784,1.30697020634032,46.155217238784,1.30697020634032,1.61,0.490727999254093,1.1665,0.355549199459565,0
"SMC06863 2011-07-21",NA,NA,3.200756396544,0.0906353278849052,3.200756396544,0.0906353278849052,1.32,0.402335999388449,0.48,0.146303999777618,30.7692307692308
"SMC06926 2009-07-01",NA,NA,0.060170259136,0.00170383199783636,0.060170259136,0.00170383199783636,0.18,0.0548639999166067,0.0754545454545455,0.0229985454195877,27.2727272727273
"SMC08150 2010-06-03",NA,NA,2.53167172608,0.0716889599089646,2.53167172608,0.0716889599089646,1.91,0.582167999115105,0.904615384615385,0.275726768811665,15.3846153846154
"SMC08335 2010-07-07",NA,NA,0.12469774920192,0.00353104703551604,0.12469774920192,0.00353104703551604,0.72,0.219455999666427,0.348333333333333,0.106171999838619,0
"SMC08426 2010-06-08",NA,NA,0.13562527104,0.0038404799951231,0.13562527104,0.0038404799951231,0.65,0.198119999698858,0.3825,0.116585999822789,25
"SMC08766 2009-05-26",NA,NA,0,0,0,0,NA,NA,NA,NA,NA
"SMC09162 2011-08-01",NA,NA,0.384056323072,0.0108752639861899,0.384056323072,0.0108752639861899,0.68,0.207263999684959,0.296,0.0902207998628644,20
"SMC09286 2010-06-09",NA,NA,0.498046134208,0.0141030959820909,0.498046134208,0.0141030959820909,0.39,0.118871999819315,0.186923076923077,0.0569741537595531,23.0769230769231
"SMC09534 2009-06-17",NA,NA,22.83940328224,0.646739879178727,22.83940328224,0.646739879178727,0.76,0.231647999647895,0.47875,0.145922999778197,12.5
"SMC09564 2010-06-01",NA,NA,NA,NA,NA,NA,NA,NA,NA,NA,NA
"SMC09591 2010-06-03",NA,NA,0.005467851204992,0.000154832303803384,0.005467851204992,0.000154832303803384,0.36,0.109727999833213,0.223125,0.0680084998966271,12.5
"SMC09698 2010-06-09",NA,NA,1.131905907888,0.0320520059592982,1.131905907888,0.0320520059592982,0.41,0.124967999810049,0.199333333333333,0.0607567999076497,6.66666666666667
"SMC10189 2010-06-24",NA,NA,3.65542397184,0.103510079868556,3.65542397184,0.103510079868556,2,0.609599999073408,0.6375,0.194309999704649,0
"SMC10685 2010-07-01",NA,NA,17.16197874176,0.485973119382879,17.16197874176,0.485973119382879,2,0.609599999073408,1.01,0.307847999532071,0
"SMC11394 2011-06-30",NA,NA,3.27518883696,0.0927430198822287,3.27518883696,0.0927430198822287,3.03,0.923543998596213,0.708125,0.215836499671929,31.25
"SMC11581 2009-06-29",NA,NA,0.117111345152,0.00331622399578884,0.117111345152,0.00331622399578884,3,0.914399998610112,1.0125,0.308609999530913,0
"SMC11727 2010-06-09",NA,NA,19.4897712409536,0.551888862499175,19.4897712409536,0.551888862499175,3.38,1.03022399843406,0.6734375,0.205263749687999,0
"SMC12862 2011-06-27",NA,NA,34.36001658336,0.972967318764461,34.36001658336,0.972967318764461,2.3,0.701039998934419,1.47076923076923,0.44829046085706,15.3846153846154
"SMC15677 2009-06-29",NA,NA,0.1774645907648,0.00502523759361862,0.1774645907648,0.00502523759361862,2.5,0.76199999884176,1.2625,0.384809999415089,10
"SMC16266 2011-08-01",NA,NA,0.3244457872768,0.00918728158833338,0.3244457872768,0.00918728158833338,0.58,0.176783999731288,0.236,0.0719327998906621,10
"SMC16832 2010-06-18",NA,NA,55.2538430608,1.56461459801315,55.2538430608,1.56461459801315,3.58,1.0911839983414,1.82866666666667,0.557377599152786,0
"SMC16980 2011-07-06",NA,NA,7.209451907712,0.204148943740758,7.209451907712,0.204148943740758,2.2,0.670559998980749,1.00454545454545,0.306185454080053,27.2727272727273
"SMC17056 2009-07-02",NA,NA,2.158056396096,0.0611093519223993,2.158056396096,0.0611093519223993,1.8,0.548639999166067,0.8815,0.268681199591605,15
"SMC20032 2010-06-18",NA,NA,144.883256555488,4.1026369507902,144.883256555488,4.1026369507902,4.42,1.34721599795223,3.14366666666667,0.958189598543552,0
"SMC25288 2011-06-30",NA,NA,2.258833507216,0.0639630419187755,2.258833507216,0.0639630419187755,2,0.609599999073408,0.404666666666667,0.12334239981252,60
"SMC26288 2009-05-12",NA,NA,1.2788171389824,0.0362120687540155,1.2788171389824,0.0362120687540155,1.41,0.429767999346753,0.765454545454545,0.233310545099913,0
"SMC26909 2010-05-31",NA,NA,0.00255266135136,7.22833199082098e-05,0.00255266135136,7.22833199082098e-05,0.12,0.0365759999444045,0.04875,0.0148589999774143,12.5
"SMC27709 2010-05-31",NA,NA,0.0045692799648,0.000129387599835695,0.0045692799648,0.000129387599835695,0.06,0.0182879999722022,0.044375,0.0135254999794412,12.5
"SMC32718 2010-06-03",NA,NA,0.249830360384,0.00707440799101645,0.249830360384,0.00707440799101645,1,0.304799999536704,0.54875,0.167258999745766,25
"SMC32897 2010-06-21",NA,NA,NA,NA,NA,NA,NA,NA,NA,NA,NA
"SMC35697 2010-06-10",NA,NA,25.557505936448,0.723707975080987,25.557505936448,0.723707975080987,3.38,1.03022399843406,1.43590909090909,0.43766509024384,0
"SMCR8_105 2011-07-14",NA,NA,55.155245641536,1.56182263001669,55.155245641536,1.56182263001669,7.15,2.17931999668743,3.805625,1.15995449823687,18.75
"SMCR8_116 2011-07-25",NA,NA,NA,NA,NA,NA,NA,NA,NA,NA,NA
"SMCR8_124 2009-06-24",NA,NA,1.615232394624,0.0457382879419185,1.615232394624,0.0457382879419185,1.38,0.420623999360651,0.468181818181818,0.142701817964911,45.4545454545455
"SMCR8_175 2009-06-09",NA,NA,9.8933791464,0.280149299644248,9.8933791464,0.280149299644248,1.84,0.560831999147535,0.568181818181818,0.173181817918582,63.6363636363636
"SMCR8_184 2009-07-07",NA,NA,9.027476374272,0.255629663675384,9.027476374272,0.255629663675384,3.33,1.01498399845722,0.645,0.196595999701174,22.2222222222222
"SMCR8_191 2009-06-02",NA,NA,0,0,0,0,1.33,0.405383999383816,0.954,0.290779199558016,10
"SMCR8_197 2011-07-11",NA,NA,64.543313014208,1.82766309367911,64.543313014208,1.82766309367911,3.02,0.920495998600846,2.076875,0.633031499037792,12.5
"SMCR8_207 2009-06-07",NA,NA,1.590475400704,0.0450372479428087,1.590475400704,0.0450372479428087,2.39,0.728471998892723,1.12142857142857,0.341811428051875,28.5714285714286
"SMCR8_218 2009-06-23",NA,NA,0.285028347392,0.00807110398975077,0.285028347392,0.00807110398975077,1.36,0.414527999369917,0.203636363636364,0.0620683635420197,72.7272727272727
"SMCR8_219 2009-07-06",NA,NA,1.408565314944,0.0398861279493499,1.408565314944,0.0398861279493499,2.8,0.853439998702771,0.8635,0.263194799599944,20
"SMCR8_229 2009-06-01",NA,NA,0,0,0,0,2.1,0.640079999027078,0.721111111111111,0.219794666332579,33.3333333333333
"SMCR8_240 2010-06-23",NA,NA,0.002018879034624,5.71682879274039e-05,0.002018879034624,5.71682879274039e-05,0.25,0.076199999884176,0.09,0.0274319999583034,13.3333333333333
"SMCR8_254 2009-06-16",NA,NA,1.155721059648,0.0327263759584419,1.155721059648,0.0327263759584419,1.36,0.414527999369917,0.5,0.152399999768352,30
"SMCR8_262 2009-06-07",NA,NA,NA,NA,NA,NA,NA,NA,NA,NA,NA
"SMCR8_274 2010-06-17",NA,NA,0.0169773776784,0.000480745799389517,0.0169773776784,0.000480745799389517,0.83,0.252983999615464,0.262,0.0798575998786164,0
"SMCR8_275 2009-06-09",NA,NA,8.88614623072,0.251627639680466,8.88614623072,0.251627639680466,1.91,0.582167999115105,0.78875,0.240410999634575,25
"SMCR8_289 2009-06-03",NA,NA,1.7518264176,0.0496061999370067,1.7518264176,0.0496061999370067,1.65,0.502919999235562,0.5325,0.162305999753295,62.5
"SMCR8_299 2009-06-09",NA,NA,2.084269790304,0.0590199479250525,2.084269790304,0.0590199479250525,1.29,0.393191999402348,0.507777777777778,0.154770666431415,44.4444444444444
"SMCR8_312 2009-06-14",NA,NA,43.11053754304,1.2207544784498,43.11053754304,1.2207544784498,1.93,0.588263999105839,1.3265,0.404317199385438,10
"SMCR8_312 2011-07-26",NA,NA,96.501255352704,2.73261124452995,96.501255352704,2.73261124452995,2.59,0.789431998800063,1.39875,0.426338999351965,25
"SMCR8_317 2009-06-03",NA,NA,0.269313038208,0.00762609599031588,0.269313038208,0.00762609599031588,0.61,0.185927999717389,0.201666666666667,0.0614679999065686,50
"SMCR8_339 2009-06-08",NA,NA,0.394174398848,0.011161775985826,0.394174398848,0.011161775985826,0.26,0.079247999879543,0.05375,0.0163829999750978,75
"SMCR8_344 2009-06-15",NA,NA,0.28416723456,0.00804671998978174,0.28416723456,0.00804671998978174,0.87,0.265175999596932,0.411428571428571,0.125403428380815,42.8571428571429
"SMCR8_356 2010-06-10",NA,NA,0.1888770267664,0.00534840179320824,0.1888770267664,0.00534840179320824,0.62,0.188975999712756,0.3475,0.105917999839005,15
"SMCR8_376 2009-06-11",NA,NA,0.06888472099584,0.001950598077523,0.06888472099584,0.001950598077523,1.83,0.557783999152168,0.660769230769231,0.20140246123233,38.4615384615385
"SMCR8_436 2010-06-23",NA,NA,0.0581964270664,0.00164793929790734,0.0581964270664,0.00164793929790734,1.61,0.490727999254093,0.656,0.199948799696078,6.66666666666667
"SMCR8_445 2010-06-24",NA,NA,0.03510999204048,0.000994204258737493,0.03510999204048,0.000994204258737493,0.62,0.188975999712756,0.292666666666667,0.0892047998644087,6.66666666666667
"SMCR8_453 2011-07-12",NA,NA,NA,NA,NA,NA,NA,NA,NA,NA,NA
"SMCR8_467 2011-06-09",NA,NA,2.9183974989312,0.0826398142950585,2.9183974989312,0.0826398142950585,NA,NA,NA,NA,NA
"SMCR8_474 2009-07-05",NA,NA,2.146835019504,0.0607915979228028,2.146835019504,0.0607915979228028,1.6,0.487679999258726,0.3715,0.113233199827886,45
"SMCR8_483 2011-06-06",NA,NA,10.895875941504,0.308536847608199,10.895875941504,0.308536847608199,1.76,0.536447999184599,1.1575,0.352805999463735,8.33333333333333
"SMCR8_494 2011-06-20",NA,NA,56.141112195072,1.58973926198124,56.141112195072,1.58973926198124,1.91,0.582167999115105,0.800666666666667,0.244043199629054,20
"SMCR8_501 2011-06-14",NA,NA,18.5189526341568,0.524398340934084,18.5189526341568,0.524398340934084,4.88,1.48742399773912,1.985,0.605027999080357,31.25
"SMCR8_512 2011-07-19",NA,NA,19.0523474501184,0.539502400114904,19.0523474501184,0.539502400114904,3.51,1.06984799837383,1.570625,0.478726499272336,12.5
"SMCR8_513 2009-06-22",NA,NA,0.202146237312,0.0057241439927311,0.202146237312,0.0057241439927311,1,0.304799999536704,0.32,0.0975359998517453,66.6666666666667
"SMCR8_528 2011-07-11",NA,NA,3.930011326144,0.111285527858682,3.930011326144,0.111285527858682,0.81,0.24688799962473,0.36375,0.110870999831476,18.75
"SMCR8_533 2011-06-07",NA,NA,43.1211722865152,1.22105562084942,43.1211722865152,1.22105562084942,5.45,1.66115999747504,1.74529411764706,0.531965646250236,23.5294117647059
"SMCR8_572 2009-06-30",NA,NA,3.257589843456,0.0922446718828616,3.257589843456,0.0922446718828616,2.04,0.621791999054876,0.707777777777778,0.215730666338756,55.5555555555556
"SMCR8_575 2011-06-07",NA,NA,28.3290621697024,0.802189707781326,28.3290621697024,0.802189707781326,4.47,1.36245599792907,1.713125,0.522160499206316,18.75
"SMCR8_590 2011-07-20",NA,NA,20.3612927743104,0.576567604067836,20.3612927743104,0.576567604067836,3.2,0.975359998517453,1.26125,0.384428999415668,12.5
"SMCR8_594 2011-06-20",NA,NA,52.2826378174464,1.48047943491999,52.2826378174464,1.48047943491999,2.42,0.737615998878824,1.19533333333333,0.364337599446207,26.6666666666667
"SMCR8_600 2009-06-28",NA,NA,1.29328383456,0.0366217199534953,1.29328383456,0.0366217199534953,1.23,0.374903999430146,0.471111111111111,0.143594666448403,44.4444444444444
"SMCR8_605 2009-07-01",NA,NA,0.202146237312,0.0057241439927311,0.202146237312,0.0057241439927311,0.78,0.237743999638629,0.07875,0.0240029999635154,62.5
"SMCR8_607 2011-07-19",NA,NA,19.021228985152,0.538621223316023,19.021228985152,0.538621223316023,3.44,1.04851199840626,1.65125,0.503300999234982,12.5
"SMCR8_613 2009-06-29",NA,NA,0.556870904544,0.0157688279799757,0.556870904544,0.0157688279799757,1.72,0.524255999203131,0.9005,0.274472399582802,25
"SMCR8_633 2011-07-26",NA,NA,2.6616244163392,0.0753688103042917,2.6616244163392,0.0753688103042917,1.43,0.435863999337487,0.625,0.19049999971044,43.75
"VA_RC 2010-06-02",NA,NA,8.20853618801015,0.232439860046432,8.20853618801015,0.232439860046432,3.71752,1.13310009427769,1.34514636363636,0.410000611013163,27.2727272727273
"WN_RD 2010-05-27",NA,NA,NA,NA,NA,NA,NA,NA,NA,NA,NA
"WN_RD1 2010-05-27",NA,NA,NA,NA,NA,NA,NA,NA,NA,NA,NA
