"","W1H_BRDG.result","W1H_BRDG.count","W1H_BRDG.sd","W1H_BLDG.result","W1H_BLDG.count","W1H_BLDG.sd","W1H_LDFL.result","W1H_LDFL.count","W1H_LDFL.sd","W1H_LOG.result","W1H_LOG.count","W1H_LOG.sd","W1H_MINE.result","W1H_MINE.count","W1H_MINE.sd","W1H_ORVY.result","W1H_ORVY.count","W1H_ORVY.sd","W1H_PARK.result","W1H_PARK.count","W1H_PARK.sd","W1H_PSTR.result","W1H_PSTR.count","W1H_PSTR.sd","W1H_PVMT.result","W1H_PVMT.count","W1H_PVMT.sd","W1H_PIPE.result","W1H_PIPE.count","W1H_PIPE.sd","W1H_ROAD.result","W1H_ROAD.count","W1H_ROAD.sd","W1H_CROP.result","W1H_CROP.count","W1H_CROP.sd","W1H_VEGM.result","W1H_VEGM.count","W1H_VEGM.sd","W1H_WALL.result","W1H_WALL.count","W1H_WALL.sd","W1_HALL_EMAP.result","W1_HALL_SWAMP.result"
"102PS0139 2010-07-15",0,6,0,0,6,0,0,6,0,0,6,0,0,6,0,0,6,0,0,6,0,0,6,0,0,6,0,0,6,0,0,6,0,0,6,0,0,6,0,0,6,0,0,0
"202PES162 2010-07-20",0,1,NA,0,1,NA,0,1,NA,0,1,NA,0,1,NA,0,1,NA,0,1,NA,0,1,NA,0,1,NA,0,1,NA,0,1,NA,0,1,NA,0,1,NA,0,1,NA,0,0
"403S00640 2009-06-11",0,11,0,0,11,0,0,11,0,0,11,0,0,11,0,0,11,0,0,11,0,0,11,0,0,11,0,0,11,0,0,11,0,0,11,0,0,11,0,0,11,0,0,0
"403S00772 2009-05-20",0,11,0,0,11,0,0,11,0,0,11,0,0,11,0,0,11,0,0,11,0,0,11,0,0,11,0,0,11,0,0,11,0,0,11,0,0,11,0,0,11,0,0,0
"403S01163 2009-06-08",0,11,0,0,11,0,0,11,0,0,11,0,0,11,0,0,11,0,0,11,0,0,11,0,0,11,0,0,11,0,0,11,0,0,11,0,0,11,0,0,11,0,0,0
"403S01195 2009-06-10",0,11,0,0,11,0,0,11,0,0,11,0,0,11,0,0,11,0,0,11,0,0,11,0,0,11,0,0,11,0,0.3335,11,0,0,11,0,0,11,0,0,11,0,0,0
"403S01272 2009-06-09",0,11,0,0,11,0,0,11,0,0,11,0,0,11,0,0,11,0,0,11,0,0,11,0,0,11,0,0,11,0,0.3335,11,0,0.3335,11,0,0,11,0,0,11,0,0,0
"403S01784 2009-06-09",0,11,0,0,11,0,0,11,0,0,11,0,0,11,0,0,11,0,0,11,0,0,11,0,0,11,0,0,11,0,0,11,0,0,11,0,0,11,0,0,11,0,0,0
"403S03832 2009-06-08",0,11,0,0,11,0,0,11,0,0,11,0,0,11,0,0,11,0,0,11,0,0.0606363636363636,11,0.269814784957789,0,11,0,0,11,0,0,11,0,0.151590909090909,11,0.348329389567351,0,11,0,0,11,0,0,0
"403S14156 2009-06-09",0,11,0,0,11,0,0.409090909090909,11,1.23029929839709,0,11,0,0,11,0,0,11,0,0,11,0,0,11,0,0,11,0,0.113636363636364,11,0.517862740677313,0.3335,11,0,0,11,0,0,11,0,0.863636363636364,11,0.467099366496914,0.409090909090909,0.409090909090909
"404S02920 2009-05-12",0,11,0,0,11,0,0,11,0,0,11,0,0,11,0,0,11,0,0,11,0,0,11,0,0,11,0,0,11,0,0.606363636363636,11,0.269814784957789,0,11,0,0,11,0,0,11,0,0,0
"404S03048 2009-05-13",0,11,0,0.272863636363636,11,0.269814784957789,0.0681818181818182,11,0.452267016866645,0,11,0,0,11,0,0,11,0,0.212227272727273,11,0.336518161066045,0,11,0,0,11,0,0,11,0,0.0303181818181818,11,0.201108066833368,0,11,0,0,11,0,0,11,0,0.341045454545455,0.341045454545455
"404S05992 2009-05-12",0,11,0,0,11,0,0,11,0,0,11,0,0,11,0,0,11,0,0.515409090909091,11,0.458596951185203,0,11,0,0,11,0,0,11,0,0,11,0,0,11,0,0,11,0,0.0909090909090909,11,0.603022689155527,0,0
"404S06456 2009-05-14",0,11,0,0,11,0,0.0681818181818182,11,0.452267016866645,0,11,0,0,11,0,0,11,0,0,11,0,0,11,0,0,11,0,0,11,0,0.303181818181818,11,0.201108066833368,0,11,0,0,11,0,0,11,0,0.0681818181818182,0.0681818181818182
"404S08040 2009-05-12",0,11,0,0.394045454545455,11,0.34235083015686,0,11,0,0,11,0,0,11,0,0,11,0,0,11,0,0,11,0,0.151545454545455,11,0.433505814158347,0,11,0,0.651727272727273,11,0.433456886814909,0,11,0,0,11,0,0.894181818181818,11,0.778187544583858,0.394045454545455,0.394045454545455
"404S08616 2009-05-13",0,11,0,0.272863636363636,11,0.269814784957789,0,11,0,0,11,0,0,11,0,0,11,0,0,11,0,0,11,0,0.0303181818181818,11,0.201108066833368,0,11,0,0.212227272727273,11,0.336518161066045,0,11,0,0,11,0,0,11,0,0.272863636363636,0.272863636363636
"404S11406 2009-05-11",0,11,0,0,11,0,0,11,0,0,11,0,0,11,0,0,11,0,0,11,0,0,11,0,0,11,0,0,11,0,0,11,0,0,11,0,0,11,0,0,11,0,0,0
"404S16516 2009-05-18",0,11,0,0.272863636363636,11,0.269814784957789,0.204545454545455,11,0.700649049745371,0,11,0,0,11,0,0,11,0,0.0606363636363636,11,0.269814784957789,0,11,0,0.462318181818182,11,0.574405305116043,0.0681818181818182,11,0.452267016866645,0,11,0,0,11,0,0,11,0,0.287954545454545,11,0.396996336140639,0.477409090909091,0.477409090909091
"404S17266 2009-05-19",0,11,0,0,11,0,0,11,0,0,11,0,0,11,0,0,11,0,0,11,0,0,11,0,0,11,0,0,11,0,0,11,0,0,11,0,0,11,0,0,11,0,0,0
"404S17664 2009-05-20",0,11,0,0.3335,11,0,0,11,0,0,11,0,0,11,0,0,11,0,0,11,0,0,11,0,0.5,11,0,0,11,0,0.303181818181818,11,0.201108066833368,0,11,0,0,11,0,1.5,11,0,0.3335,0.3335
"404S22464 2009-05-19",0,11,0,0.3335,11,0,0.477272727272727,11,1.38662441660576,0,11,0,0,11,0,0,11,0,0.0303181818181818,11,0.201108066833368,0,11,0,0,11,0,0,11,0,0.272863636363636,11,0.269814784957789,0,11,0,0,11,0,0.901727272727273,11,0.536455844154272,0.810772727272727,0.810772727272727
"901S00313 2009-04-30",0,11,0,0,11,0,0.181818181818182,11,0.504524979109513,0,11,0,0,11,0,0,11,0,0,11,0,0,11,0,0,11,0,0.0454545454545455,11,0.301511344577764,0.363772727272727,11,0.134705132520156,0,11,0,0,11,0,0,11,0,0.181818181818182,0.181818181818182
"901S00469 2009-05-13",0,11,0,0,11,0,0,11,0,0,11,0,0,11,0,0,11,0,0,11,0,0,11,0,0,11,0,0,11,0,0,11,0,0,11,0,0,11,0,0,11,0,0,0
"901S00531 2009-05-07",0,11,0,0.469772727272727,11,0.20100266845809,0.681818181818182,11,1.56669890360128,0,11,0,0,11,0,0,11,0,0,11,0,0,11,0,0.515181818181818,11,0.233588643870918,0,11,0,0.3335,11,0,0,11,0,0,11,0,1.43181818181818,11,0.452267016866645,1.15159090909091,1.15159090909091
"901S00997 2009-05-14",0.409090909090909,11,1.40129809949074,0,11,0,1.5,11,0,0,11,0,0,11,0,0,11,0,0.363636363636364,11,0.467099366496914,0,11,0,0,11,0,0.525,10,NA,0.954545454545455,11,0.917010954628728,0,11,0,0.977272727272727,11,1.31252705599819,0.954545454545455,11,1.51357493732854,1.5,1.5
"901S01705 2009-05-14",0.212136363636364,11,0.92004392187646,0.128818181818182,11,0.490880489065775,0.0681818181818182,11,0.452267016866645,0,11,0,0,11,0,0,11,0,0,11,0,0,11,0,0,11,0,0,11,0,0.515227272727273,11,0.674109985630886,0,11,0,0,11,0,0.0681818181818182,11,0.452267016866645,0.197,0.197
"901S01811 2009-05-07",0,11,0,0.363818181818182,11,0.696658779134703,0.204545454545455,11,0.970004686024295,0,11,0,0,11,0,0,11,0,0.151590909090909,11,0.348329389567351,0,11,0,0.363727272727273,11,0.786399563025866,0.0681818181818182,11,0.452267016866645,0.439590909090909,11,0.563391660957423,0,11,0,0,11,0,0.348545454545455,11,0.805732021772184,0.568363636363636,0.568363636363636
"901S06030 2009-04-30",0.469863636363636,11,0.680346101761315,0.651772727272727,11,0.458477995903045,1.46213636363636,11,0.251158950033277,0,11,0,0,11,0,0,11,0,0.181909090909091,11,0.623110554906883,0,11,0,0.71695,10,NA,0.416833333333333,9,NA,0.772954545454545,11,0.22450855420026,0,11,0,0,11,0,0.522909090909091,11,0.796270408615292,2.11390909090909,2.11390909090909
"901SJMS1x 2008-04-23",0,11,0,0,11,0,0,11,0,0,11,0,0,11,0,0,11,0,0,11,0,0,11,0,0,11,0,0,11,0,0.212227272727273,11,0.449691308262982,0,11,0,0,11,0,0,11,0,0,0
"901SJMS1x 2008-05-13",0,10,NA,0,10,NA,0,10,NA,0,10,NA,0,10,NA,0,10,NA,0,10,NA,0,10,NA,0,10,NA,0,10,NA,0.23345,10,NA,0,10,NA,0,10,NA,0,10,NA,0,0
"901SJMS1x 2008-06-02",0,10,NA,0,10,NA,0,10,NA,0,10,NA,0,10,NA,0,10,NA,0,10,NA,0,10,NA,0,10,NA,0,10,NA,0.40005,10,NA,0,10,NA,0,10,NA,0,10,NA,0,0
"901SJMS1x 2008-06-25",0,5,NA,0,5,NA,0,5,NA,0,5,NA,0,5,NA,0,5,NA,0,5,NA,0,5,NA,0,5,NA,0,5,NA,0.2668,5,NA,0,5,NA,0,5,NA,0,5,NA,0,0
"901SJMS1x 2008-07-03",0,3,NA,0,3,NA,0,3,NA,0,3,NA,0,3,NA,0,3,NA,0,3,NA,0,3,NA,0,3,NA,0,3,NA,0.3335,3,NA,0,3,NA,0,3,NA,0,3,NA,0,0
"901SJOF1x 2008-04-28",0,10,0,0,10,0,0,10,0,0,10,0,0,10,0,0,10,0,0,10,0,0,10,0,0,10,0,0,10,0,0.0667,10,0.281231893244308,0,10,0,0,10,0,0,10,0,0,0
"901SJOF1x 2008-05-16",0,11,0,0,11,0,0,11,0,0,11,0,0,11,0,0,11,0,0,11,0,0,11,0,0,11,0,0,11,0,0.0909545454545455,11,0.43132875038547,0,11,0,0,11,0,0,11,0,0,0
"901SJOF1x 2008-06-05",0,10,0,0,10,0,0,10,0,0,10,0,0,10,0,0,10,0,0.05,10,0.316227766016838,0,10,0,0,10,0,0,10,0,0.10005,10,0.450190687992939,0,10,0,0,10,0,0,10,0,0,0
"901SJOF1x 2008-06-25",0,10,NA,0,10,NA,0.075,10,NA,0,10,NA,0,10,NA,0,10,NA,0,10,NA,0,10,NA,0,10,NA,0.0667,10,NA,0.10005,10,NA,0,10,NA,0,10,NA,0,10,NA,0.075,0.075
"901SJOF1x 2008-07-03",0,11,0,0,11,0,0,11,0,0,11,0,0,11,0,0,11,0,0,11,0,0,11,0,0,11,0,0,11,0,0.0606363636363636,11,0.402216133666737,0,11,0,0,11,0,0,11,0,0,0
"901TCSMP1 2010-04-05",0,4,0,0,4,0,1.5,4,0,0,4,0,0,4,0,0,4,0,0,4,0,0,4,0,0,4,0,0,4,0,0,4,0,0,4,0,0,4,0,0,4,0,1.5,1.5
"901TCSMP1 2010-05-05",0,11,0,0,11,0,1.00004545454545,11,0.960283547140682,0,11,0,0,11,0,0,11,0,0,11,0,0,11,0,0,11,0,0,11,0,0,11,0,0,11,0,0,11,0,0,11,0,1.00004545454545,1.00004545454545
"901TCSMP1 2010-05-25",0,8,NA,0,8,NA,0.53125,8,NA,0,8,NA,0,8,NA,0,8,NA,0,8,NA,0,8,NA,0,8,NA,0,8,NA,0,8,NA,0,8,NA,0,8,NA,0,8,NA,0.53125,0.53125
"902S00565 2009-04-27",0,11,0,0,11,0,0,11,0,0,11,0,0,11,0,0,11,0,0,11,0,0,11,0,0,11,0,0,11,0,0,11,0,0,11,0,0,11,0,0,11,0,0,0
"902S01097 2009-05-11",0.394,11,1.21361970979381,0.0757727272727273,11,0.345291576392001,0.204545454545455,11,0.700649049745371,0,11,0,0,11,0,0,11,0,0.0303181818181818,11,0.201108066833368,0,11,0,0,11,0,0,11,0,0.3865,11,0.700425584912487,0,11,0,0,11,0,0,11,0,0.280318181818182,0.280318181818182
"902SMAS1x 2008-04-02",0,11,0,0,11,0,0,11,0,0,11,0,0,11,0,0,11,0,0,11,0,0,11,0,0,11,0,0,11,0,0,11,0,0,11,0,0,11,0,0,11,0,0,0
"902SMAS1x 2008-04-08",0,9,NA,0,9,NA,0,9,NA,0,9,NA,0,9,NA,0,9,NA,0,9,NA,0,9,NA,0,9,NA,0,9,NA,0,9,NA,0,9,NA,0,9,NA,0,8,NA,0,0
"902SMAS1x 2008-05-12",0,11,0,0,11,0,0,10,NA,0,11,0,0,11,0,0,11,0,0,11,0,0,11,0,0,11,0,0,11,0,0,11,0,0,11,0,0,11,0,0,10,NA,0,0
"902SMAS1x 2008-06-02",0,3,NA,0,3,NA,0,3,NA,0,3,NA,0,3,NA,0,3,NA,0,3,NA,0,3,NA,0,3,NA,0,3,NA,0,3,NA,0,3,NA,0,3,NA,0,3,NA,0,0
"903ACPCT1 2010-05-11",0,10,0,0,10,0,0,10,0,0,10,0,0,10,0,0,10,0,0,10,0,0,10,0,0,10,0,0,10,0,0,10,0,0,10,0,0,10,0,0,10,0,0,0
"903ACPCT1 2010-05-25",0,11,0,0,11,0,0,11,0,0,11,0,0,11,0,0,11,0,0,11,0,0,11,0,0,11,0,0,11,0,0,11,0,0,11,0,0,11,0,0,11,0,0,0
"903ACPCT1 2010-06-15",0,11,0,0,11,0,0,11,0,0,11,0,0,11,0,0,11,0,0,11,0,0,11,0,0,11,0,0,11,0,0,11,0,0,11,0,0,11,0,0,11,0,0,0
"903ACPCT1 2010-06-30",0,11,0,0,11,0,0,11,0,0,11,0,0,11,0,0,11,0,0,11,0,0,11,0,0,11,0,0,11,0,0,11,0,0,11,0,0,11,0,0,11,0,0,0
"903ACPCT1 2010-07-13",0,11,0,0,11,0,0,11,0,0,11,0,0,11,0,0,11,0,0,11,0,0,11,0,0,11,0,0,11,0,0,11,0,0,11,0,0,11,0,0,11,0,0,0
"903CVPCT1 2010-05-10",0,10,0,0,10,0,0,10,0,0,10,0,0,10,0,0,10,0,0,10,0,1.24175,10,0.695661196273013,0,10,0,0,10,0,0,10,0,0,10,0,0,10,0,0,10,0,0,0
"903CVPCT1 2010-06-01",0,11,0,0,11,0,0,11,0,0,11,0,0,11,0,0,11,0,0,11,0,1.36363636363636,11,0.904534033733291,0,11,0,0,11,0,0,11,0,0,11,0,0,11,0,0,11,0,0,0
"903CVPCT1 2010-06-15",0,11,0,0,11,0,0,11,0,0,11,0,0,11,0,0,11,0,0,11,0,1.5,11,0,0,11,0,0,11,0,0,11,0,0,11,0,0,11,0,0,11,0,0,0
"903CVPCT1 2010-06-30",0,11,0,0,11,0,0,11,0,0,11,0,0,11,0,0,11,0,0,11,0,1.5,11,0,0,11,0,0,11,0,0,11,0,0,11,0,0,11,0,0,11,0,0,0
"903CVPCT1 2010-07-13",NA,0,NA,NA,0,NA,NA,0,NA,NA,0,NA,NA,0,NA,NA,0,NA,NA,0,NA,NA,0,NA,NA,0,NA,NA,0,NA,NA,0,NA,NA,0,NA,NA,0,NA,NA,0,NA,NA,NA
"904S00537 2009-05-04",0.212181818181818,11,0.746872314753636,0.181863636363636,11,0.433519801372231,0.0681818181818182,11,0.452267016866645,0,11,0,0,11,0,0,11,0,0.401545454545455,11,1.09247658597752,0.242454545454545,11,0.705072543011775,0.409090909090909,11,0.78334945180064,0,11,0,0.257636363636364,11,0.750902535740703,0,11,0,0.371227272727273,11,0.955576408628464,0.272727272727273,11,0.934198732993827,0.250045454545455,0.250045454545455
"905DGCC1 2010-05-12",0,10,0,0,10,0,0,10,0,0,10,0,0,10,0,0,10,0,0,10,0,0.03335,10,0.210923919933231,0,10,0,0,10,0,0.35015,10,0.105303846083607,0,10,0,0,10,0,0,10,0,0,0
"905DGCC1 2010-06-02",0,11,0,0,11,0,0,11,0,0,11,0,0,11,0,0,11,0,0,11,0,0,11,0,0,11,0,0,11,0,0.3335,11,0,0,11,0,0,11,0,0,11,0,0,0
"905DGCC1 2010-06-16",0,11,0,0,11,0,0,11,0,0,11,0,0,11,0,0,11,0,0,11,0,0,11,0,0,11,0,0,11,0,0.3335,11,0,0,11,0,0,11,0,0,11,0,0,0
"905DGCC1 2010-06-29",0,9,NA,0,9,NA,0,9,NA,0,9,NA,0,9,NA,0,9,NA,0,9,NA,0,9,NA,0,9,NA,0,9,NA,0.3335,9,NA,0,9,NA,0,9,NA,0,9,NA,0,0
"905DGCC1 2010-07-13",NA,0,NA,NA,0,NA,NA,0,NA,NA,0,NA,NA,0,NA,NA,0,NA,NA,0,NA,NA,0,NA,NA,0,NA,NA,0,NA,NA,0,NA,NA,0,NA,NA,0,NA,NA,0,NA,NA,NA
"905DGSY1x 2008-04-10",0,10,0,0,10,0,0,10,0,0,10,0,0,10,0,0,10,0,0,10,0,1.5,10,0,0.16675,10,0.351539866555385,0,10,0,0,10,0,0,10,0,0,10,0,0,10,0,0,0
"905DGSY1x 2008-04-24",0,10,NA,0,11,0,0,11,0,0,10,NA,0,10,NA,0,10,NA,0.121272727272727,11,0.336518161066045,1.5,11,0,0.0303181818181818,11,0.201108066833368,0,11,0,0,11,0,0,11,0,0,10,NA,0,11,0,0,0
"905DGSY1x 2008-05-14",0,11,0,0,11,0,0,11,0,0,11,0,0,11,0,0,11,0,0.151590909090909,11,0.348329389567351,1.5,11,0,0,11,0,0,11,0,0,11,0,0,11,0,0,11,0,0,11,0,0,0
"905DGSY1x 2008-06-03",0,11,0,0,11,0,0,11,0,0,11,0,0,11,0,0,11,0,0.0909545454545455,11,0.311555277453442,1.5,11,0,0,11,0,0,11,0,0,11,0,0,11,0,0,11,0,0,11,0,0,0
"905DGSY1x 2008-06-24",0,11,0,0,11,0,0.0454545454545455,11,0.301511344577764,0,11,0,0,11,0,0,11,0,0.151590909090909,11,0.348329389567351,1.5,11,0,0,11,0,0,11,0,0,11,0,0,11,0,0,11,0,0,11,0,0.0454545454545455,0.0454545454545455
"905DGSY1x 2008-07-02",0,11,0,0,11,0,0,11,0,0.136363636363636,11,0.904534033733291,0,11,0,0,11,0,0.151590909090909,11,0.348329389567351,1.36363636363636,11,0.904534033733291,0,11,0,0,11,0,0,11,0,0,11,0,0,11,0,0,11,0,0.136363636363636,0.136363636363636
"905DGSY1x 2008-07-09",0,11,0,0,11,0,0.0303181818181818,11,0.201108066833368,0,11,0,0,11,0,0,11,0,0.0909545454545455,11,0.311555277453442,1.36363636363636,11,0.904534033733291,0,11,0,0,11,0,0,11,0,0,11,0,0,11,0,0,11,0,0.0303181818181818,0.0303181818181818
"905DGSY1x 2008-07-16",0,9,NA,0,9,NA,0,9,NA,0,9,NA,0,9,NA,0,9,NA,0,9,NA,0.666666666666667,9,NA,0,9,NA,0,9,NA,0,9,NA,0,9,NA,0,9,NA,0,9,NA,0,0
"905DGSY1x 2010-05-03",0,9,NA,0,9,NA,0,9,NA,0.0833333333333333,9,NA,0,9,NA,0,9,NA,0,9,NA,1.04644444444444,9,NA,0,9,NA,0,9,NA,0,9,NA,0,9,NA,0,9,NA,0,9,NA,0.0833333333333333,0.0833333333333333
"905DGSY1x 2010-06-01",0,11,0,0,11,0,0,11,0,0,11,0,0,11,0,0,11,0,0.181909090909091,11,0.348329389567351,1.5,11,0,0,11,0,0,11,0,0.3335,11,0,0,11,0,0,11,0,0,11,0,0,0
"905DGSY1x 2010-06-14",0,11,0,0,11,0,0,11,0,0,11,0,0,11,0,0,11,0,0.181909090909091,11,0.348329389567351,1.5,11,0,0,11,0,0,11,0,0.3335,11,0,0,11,0,0,11,0,0,11,0,0,0
"905DGSY1x 2010-06-29",0,11,0,0,11,0,0,11,0,0,11,0,0,11,0,0,11,0,0.181909090909091,11,0.348329389567351,1.5,11,0,0,11,0,0,11,0,0.3335,11,0,0,11,0,0,11,0,0,11,0,0,0
"905DGSY1x 2010-07-20",0,11,0,0,11,0,0,11,0,0,11,0,0,11,0,0,11,0,0.181909090909091,11,0.348329389567351,1.5,11,0,0,11,0,0,11,0,0.3335,11,0,0,11,0,0,11,0,0,11,0,0,0
"905DGSY1x 2010-08-19",0,11,0,0,11,0,0,11,0,0,11,0,0,11,0,0,11,0,0.181909090909091,11,0.348329389567351,1.5,11,0,0,11,0,0,11,0,0.3335,11,0,0,11,0,0,11,0,0,11,0,0,0
"905DGSY1x 2010-09-15",0,11,0,0,11,0,0,11,0,0,11,0,0,11,0,0,11,0,0,11,0,1.5,11,0,0.0909545454545455,11,0.311555277453442,0,11,0,0,11,0,0,11,0,0,11,0,0,11,0,0,0
"905DGUT1 2010-05-13",0,10,0,0,10,0,0,10,0,0,10,0,0,10,0,0,10,0,0,10,0,1.35,10,0.632455532033676,0,10,0,0.075,10,0.474341649025257,0,10,0,0,10,0,0,10,0,0,10,0,0,0
"905DGUT1 2010-06-02",0,11,0,0,11,0,0.136363636363636,11,0.904534033733291,0,11,0,0,11,0,0,11,0,0,11,0,1.5,11,0,0,11,0,0,11,0,0,11,0,0,11,0,0,11,0,0,11,0,0.136363636363636,0.136363636363636
"905DGUT1 2010-06-16",0,11,0,0,11,0,0,11,0,0,11,0,0,11,0,0,11,0,0,11,0,1.5,11,0,0,11,0,0,11,0,0,11,0,0,11,0,0,11,0,0,11,0,0,0
"905DGUT1 2010-06-29",0,9,NA,0,9,NA,0,9,NA,0,9,NA,0,9,NA,0,9,NA,0,9,NA,1.5,9,NA,0,9,NA,0,9,NA,0,9,NA,0,9,NA,0,9,NA,0,9,NA,0,0
"905DGUT1 2010-07-13",0,6,NA,0,6,NA,0,6,NA,0,6,NA,0,6,NA,0,6,NA,0,6,NA,1.5,6,NA,0,6,NA,0,6,NA,0,6,NA,0,6,NA,0,6,NA,0,6,NA,0,0
"905S01953 2009-04-29",0,11,0,0,11,0,0,11,0,0,11,0,0,11,0,0,11,0,0,11,0,0,11,0,0,11,0,0,11,0,0,11,0,0,11,0,0,11,0,0,11,0,0,0
"907S00577 2009-05-12",0,11,0,0,11,0,0,11,0,0,11,0,0,11,0,0,11,0,0,11,0,0,11,0,0,11,0,0,11,0,0,11,0,0,11,0,0,11,0,0,11,0,0,0
"907S01418 2009-05-12",0,11,0,0,11,0,0,11,0,0,11,0,0,11,0,0,11,0,0,11,0,0,11,0,0,11,0,0,11,0,0,11,0,0,11,0,0,11,0,0,11,0,0,0
"907S01434 2009-05-13",0,11,0,0.0606363636363636,11,0.269814784957789,0,11,0,0,11,0,0,11,0,0,11,0,0,11,0,0,11,0,0,11,0,0,11,0,0,11,0,0,11,0,0,11,0,0,11,0,0.0606363636363636,0.0606363636363636
"907SRSD1x 2008-04-11",0,9,NA,0,9,NA,0,9,NA,0,9,NA,0,9,NA,0,9,NA,0,9,NA,1.33333333333333,9,NA,0,9,NA,0,9,NA,0.0741111111111111,9,NA,0,9,NA,0,9,NA,0,9,NA,0,0
"907SRSD1x 2008-07-02",0,11,0,0,11,0,0,11,0,0,11,0,0,11,0,0,11,0,0,11,0,0.954545454545455,11,1.51357493732854,0,11,0,0,11,0,0,11,0,0,11,0,0,11,0,0,11,0,0,0
"907SRSD1x 2008-07-09",0,11,0,0,11,0,0,11,0,0,11,0,0,11,0,0,11,0,0,11,0,0.272727272727273,11,1.21355975243384,0,11,0,0,11,0,0,11,0,0.136363636363636,11,0.904534033733291,0,11,0,0,11,0,0,0
"907SRSD1x 2010-05-04",0,10,0,0,10,0,0,10,0,0,10,0,0,10,0,0,10,0,0,10,0,1.1668,10,0.860318700637541,0,10,0,0,10,0,0,10,0,0,10,0,0,10,0,0,10,0,0,0
"907SRSD1x 2010-06-01",0,11,0,0,11,0,0,11,0,0,11,0,0,11,0,0,11,0,0,11,0,1.5,11,0,0,11,0,0,11,0,0,11,0,0,11,0,0,11,0,0,11,0,0,0
"907SRSD1x 2010-06-15",0,11,0,0,11,0,0,11,0,0,11,0,0,11,0,0,11,0,0,11,0,1.5,11,0,0,11,0,0,11,0,0,11,0,0,11,0,0,11,0,0,11,0,0,0
"907SRSD1x 2010-06-29",0,11,0,0,11,0,0,11,0,0,11,0,0,11,0,0,11,0,0,11,0,1.5,11,0,0,11,0,0,11,0,0,11,0,0,11,0,0,11,0,0,11,0,0,0
"907SRSD1x 2010-07-13",0,11,0,0,11,0,0,11,0,0,11,0,0,11,0,0,11,0,0,11,0,1.5,11,0,0,11,0,0,11,0,0,11,0,0,11,0,0,11,0,0,11,0,0,0
"911NCPCR2 2010-04-28",0,11,0,0,11,0,0,11,0,0,11,0,0,11,0,0,11,0,0,11,0,0,11,0,0,11,0,0,11,0,0,11,0,0,11,0,0,11,0,0,11,0,0,0
"911NCPCR2 2010-05-24",0,11,0,0,11,0,0,11,0,0,11,0,0,11,0,0,11,0,0,11,0,0,11,0,0,11,0,0,11,0,0,11,0,0,11,0,0,11,0,0,11,0,0,0
"911NCPCR2 2010-06-14",0,11,0,0,11,0,0,11,0,0,11,0,0,11,0,0,11,0,0,11,0,0,11,0,0,11,0,0,11,0,0,11,0,0,11,0,0,11,0,0,11,0,0,0
"911NCPCR2 2010-06-30",0,11,0,0,11,0,0,11,0,0,11,0,0,11,0,0,11,0,0,11,0,0,11,0,0,11,0,0,11,0,0,11,0,0,11,0,0,11,0,0,11,0,0,0
"911NCPCR2 2010-07-20",0,11,0,0,11,0,0,11,0,0,11,0,0,11,0,0,11,0,0,11,0,0,11,0,0,11,0,0,11,0,0,11,0,0,11,0,0,11,0,0,11,0,0,0
"911NCPCR2 2010-08-19",0,11,0,0,11,0,0,11,0,0,11,0,0,11,0,0,11,0,0,11,0,0,11,0,0,11,0,0,11,0,0,11,0,0,11,0,0,11,0,0,11,0,0,0
"911NCPCR2 2010-09-14",0,11,0,0,11,0,0,11,0,0,11,0,0,11,0,0,11,0,0,11,0,0,11,0,0,11,0,0,11,0,0,11,0,0,11,0,0,11,0,0,11,0,0,0
"911S00538 2009-05-05",0,11,0,0,11,0,0,11,0,0,11,0,0,11,0,0,11,0,0,11,0,0,11,0,0,11,0,0,11,0,0,11,0,0,11,0,0,11,0,0,11,0,0,0
"911S01818 2009-05-06",0,11,0,0.0757727272727273,11,0.345291576392001,0.0606363636363636,11,0.402216133666737,0,11,0,0,11,0,0,11,0,0.0454545454545455,11,0.301511344577764,0,11,0,0,11,0,0,11,0,0.469909090909091,11,0.389350694922153,0,11,0,0,11,0,0,11,0,0.136409090909091,0.136409090909091
"911S02058 2009-05-05",0,11,0,0,11,0,0.136363636363636,11,0.904534033733291,0,11,0,0,11,0,0,11,0,0,11,0,0,11,0,0,11,0,0,11,0,0,11,0,0,11,0,0,11,0,0,11,0,0.136363636363636,0.136363636363636
"911S03354 2009-05-05",0,11,0,0,11,0,0,11,0,0,11,0,0,11,0,0,11,0,0,11,0,0,11,0,0,11,0,0,11,0,0,11,0,0,11,0,0,11,0,0,11,0,0,0
"911S04086 2009-05-06",0,11,0,0,11,0,0,11,0,0,11,0,0,11,0,0,11,0,0,11,0,0,11,0,0,11,0,0,11,0,0,11,0,0,11,0,0,11,0,0,11,0,0,0
"911TJPC2 2010-04-27",0,10,0,0.2584,10,0.69599916985902,0,10,0,0,10,0,0,10,0,0,10,0,0,10,0,1.4,10,0.632455532033676,0.10005,10,0.322191609656945,0,10,0,0.5419,10,0.573553019926377,0,10,0,0,10,0,0.0667,10,0.281231893244308,0.2584,0.2584
"911TJPC2 2010-05-24",0,11,0,0,11,0,0.136363636363636,11,0.904534033733291,0,11,0,0,11,0,0,11,0,0,11,0,1,11,0,0,11,0,0,11,0,0.667,11,0,0,11,0,0,11,0,0,11,0,0.136363636363636,0.136363636363636
"911TJPC2 2010-06-14",0,11,0,0,11,0,0,11,0,0,11,0,0,11,0,0,11,0,0,11,0,1,11,0,0,11,0,0,11,0,0.667,11,0,0,11,0,0,11,0,0,11,0,0,0
"911TJPC2 2010-07-01",0,11,0,0,11,0,0,11,0,0,11,0,0,11,0,0,11,0,0,11,0,1,11,0,0,11,0,0,11,0,0.667,11,0,0,11,0,0,11,0,0,11,0,0,0
"911TJPC2 2010-07-19",NA,0,NA,NA,0,NA,NA,0,NA,NA,0,NA,NA,0,NA,NA,0,NA,NA,0,NA,NA,0,NA,NA,0,NA,NA,0,NA,NA,0,NA,NA,0,NA,NA,0,NA,NA,0,NA,NA,NA
"LALT500 2009-06-22",0,11,0,0.0303181818181818,11,0.201108066833368,0,11,0,0,11,0,0,11,0,0,11,0,0,11,0,0,11,0,0.212227272727273,11,0.449691308262982,0.204545454545455,11,0.970004686024295,0.272727272727273,11,1.21355975243384,0,11,0,0,11,0,1.5,11,0,0.0303181818181818,0.0303181818181818
"LALT500 2010-07-15",0,11,0,0.0909545454545455,11,0.311555277453442,0,11,0,0,11,0,0,11,0,0.3335,11,0,0.0606363636363636,11,0.269814784957789,0,11,0,0.924272727272727,11,0.345142394856489,0.136363636363636,11,0.606779876216918,0,11,0,0,11,0,0,11,0,1.5,11,0,0.0909545454545455,0.0909545454545455
"LALT501 2010-07-15",0,11,0,0,11,0,1.5,11,0,0,11,0,0,11,0,0,11,0,0,11,0,0,11,0,1,11,0,0,11,0,0,11,0,0,11,0,0,11,0,1.5,11,0,1.5,1.5
"LALT-501 2009-06-22",0,11,0,0.3335,11,0,0.477272727272727,11,0.756787468664269,0,11,0,0,11,0,0,11,0,0,11,0,0,11,0,0,11,0,0,11,0,0.3335,11,0,0,11,0,0,11,0,1.5,11,0,0.810772727272727,0.810772727272727
"LALT502 2009-06-22",0.136363636363636,11,0.904534033733291,0.606363636363636,11,0.402216133666737,0.340909090909091,11,0.78334945180064,0,11,0,0,11,0,0,11,0,0,11,0,0,11,0,0.757727272727273,11,0.602922277517818,0.136363636363636,11,0.606779876216918,0,11,0,0,11,0,0,11,0,1.09090909090909,11,0.404519917477945,0.947272727272727,0.947272727272727
"LALT502 2010-07-15",0.386363636363636,11,1.32972997942508,0,11,0,1.38640909090909,11,0.538675935638825,0,11,0,0,11,0,0,11,0,0,11,0,0,11,0,0.0909545454545455,11,0.43132875038547,0,11,0,0,11,0,0,11,0,0,11,0,0.553272727272727,11,0.54932474250417,1.38640909090909,1.38640909090909
"LALT503 2010-07-15",0,11,0,0.454772727272727,11,0.336518161066045,0,11,0,0,11,0,0,11,0,0,11,0,0,11,0,0,11,0,0.984863636363636,11,0.100403277744395,0.0681818181818182,11,0.452267016866645,0,11,0,0,11,0,0,11,0,1.43181818181818,11,0.452267016866645,0.454772727272727,0.454772727272727
"LAR0052 2010-07-08",0,11,0,0,11,0,0.113636363636364,11,0.517862740677313,0,11,0,0,11,0,0,11,0,0,11,0,0,11,0,0,11,0,0,11,0,0,11,0,0,11,0,0,11,0,0,11,0,0.113636363636364,0.113636363636364
"LAR0080 2010-07-08",0,11,0,0,11,0,0,11,0,0,11,0,0,11,0,0,11,0,0,11,0,0,11,0,0,11,0,0,11,0,0,11,0,0,11,0,0,11,0,0,11,0,0,0
"LAR0092 2010-07-27",0,11,0,0,11,0,0,11,0,0,11,0,0,11,0,0,11,0,0,11,0,0,11,0,0,11,0,0,11,0,0,11,0,0,11,0,0,11,0,0.181818181818182,11,0.504524979109513,0,0
"LB_RA 2010-05-26",0,11,0,0,11,0,0.280318181818182,11,0.688290966485435,0,11,0,0,11,0,0,11,0,0,11,0,0,11,0,1.5,11,0,0,11,0,1,11,0,0,11,0,0,11,0,1,11,0,0.280318181818182,0.280318181818182
"LB_RA1 2010-05-26",0,11,0,0,11,0,0.591,11,0.607597564182083,0,11,0,0,11,0,0,11,0,0.242545454545455,11,0.311555277453442,0,11,0,1.47727272727273,11,0.150755672288882,0.0303181818181818,11,0.201108066833368,0.984863636363636,11,0.100403277744395,0,11,0,0,11,0,1,11,0,0.591,0.591
"LC_R31 2010-05-25",0,11,0,0.0606363636363636,11,0.269814784957789,0.0454545454545455,11,0.301511344577764,0,11,0,0,11,0,0,11,0,0,11,0,0,11,0,1.5,11,0,0,11,0,1,11,0,0,11,0,0,11,0,1,11,0,0.106090909090909,0.106090909090909
"LC_R4 2010-05-25",0,11,0,0.303181818181818,11,0.201108066833368,0.340909090909091,11,1.03132747642849,0,11,0,0,11,0,0,11,0,0,11,0,0,11,0,1.5,11,0,0,11,0,1,11,0,0,11,0,0,11,0,1,11,0,0.644090909090909,0.644090909090909
"LC_R5 2010-05-25",0,11,0,0,11,0,0.75,11,1.5,0,11,0,0,11,0,0,11,0,0,11,0,0,11,0,1.5,11,0,0.0454545454545455,11,0.301511344577764,1,11,0,0,11,0,0,11,0,1,11,0,0.75,0.75
"ME-CC 2010-07-12",0,11,0,0,11,0,0.0681818181818182,11,0.452267016866645,0,11,0,0,11,0,0.303181818181818,11,0.467332916180162,0,11,0,0,11,0,0,11,0,0,11,0,0,11,0,0,11,0,0,11,0,0.538,11,0.344547819612895,0.0681818181818182,0.0681818181818182
"ME-CC 2011-07-07",0,11,0,0,11,0,0.409090909090909,11,1.23029929839709,0,11,0,0,11,0,0.242545454545455,11,0.311555277453442,0,11,0,0,11,0,0,11,0,0,11,0,0,11,0,0,11,0,0,11,0,1.05313636363636,11,0.238954008507533,0.409090909090909,0.409090909090909
"ME-SCR 2011-07-13",0,11,0,0,11,0,0,11,0,0,11,0,0,11,0,0,11,0,0,11,0,0,11,0,0,11,0,0,11,0,0,11,0,0,11,0,0,11,0,0,11,0,0,0
"ME-VR2 2010-07-07",0,11,0,0.0606363636363636,11,0.269814784957789,0.0909090909090909,11,0.404519917477945,0,11,0,0,11,0,0.3335,11,0,0,11,0,0,11,0,0,11,0,0.0681818181818182,11,0.452267016866645,0.3335,11,0,0,11,0,0,11,0,0.3335,11,0,0.151545454545455,0.151545454545455
"ME-VR2 2011-07-06",0,11,0,0.0303181818181818,11,0.201108066833368,0.113636363636364,11,0.517862740677313,0,11,0,0,11,0,0,11,0,0.0454545454545455,11,0.301511344577764,0,11,0,0.0909545454545455,11,0.311555277453442,0,11,0,0,11,0,0,11,0,0,11,0,0.0303181818181818,11,0.201108066833368,0.143954545454545,0.143954545454545
"MO2_Mont 2010-06-30",0,7,NA,0,7,NA,0,7,NA,0,7,NA,0,7,NA,0,7,NA,0,7,NA,0,7,NA,0,7,NA,0,7,NA,0,7,NA,0,7,NA,0,7,NA,0,7,NA,0,0
"POM_RC 2010-05-28",0,11,0,0.234863636363636,11,0.571647459700311,0.0909090909090909,11,0.404519917477945,0,11,0,0,11,0,0,11,0,0,11,0,0,11,0,0.5,11,0,0.136363636363636,11,0.606779876216918,0.909090909090909,11,0.603022689155527,0,11,0,0,11,0,1.5,11,0,0.325772727272727,0.325772727272727
"POM_RD 2010-06-16",0,11,0,0,11,0,0.681818181818182,11,0.80903983495589,0,11,0,0,11,0,0,11,0,0,11,0,0,11,0,0.681818181818182,11,0.452267016866645,0.363636363636364,11,1.08082460102545,0.894045454545455,11,0.22450855420026,0,11,0,0,11,0,1.5,11,0,0.681818181818182,0.681818181818182
"REF-CS 2008-10-22",0,11,0,0,11,0,0,11,0,0,11,0,0,11,0,0,11,0,0,11,0,0,11,0,0,11,0,0,11,0,0.3335,11,0,0,11,0,0,11,0,0,11,0,0,0
"REF-CS 2009-04-29",0,11,0,0,11,0,0,11,0,0,11,0,0,11,0,0,11,0,0,11,0,0,11,0,0,11,0,0,11,0,0,11,0,0,11,0,0,11,0,0,11,0,0,0
"REF-TCAS 2009-04-30",0,11,0,0,11,0,0,11,0,0,11,0,0,11,0,0,11,0,0,11,0,0,11,0,0,11,0,0,11,0,0.5,11,0,0,11,0,0,11,0,0,11,0,0,0
"SA_RB 2010-06-02",0,11,0,0,11,0,0.772727272727273,11,0.789130706998069,0,11,0,0,11,0,0,11,0,0,11,0,0,11,0,0,11,0,0,11,0,0,11,0,0,11,0,0,11,0,0,11,0,0.772727272727273,0.772727272727273
"SGLT506 2010-07-06",0,11,0,0.485045454545455,11,0.314774349191752,1.5,11,0,0,11,0,0,11,0,0,11,0,0,11,0,0,11,0,0,11,0,0,11,0,0.272863636363636,11,0.269814784957789,0,11,0,0,11,0,0.591,11,0.404594859087458,1.98504545454545,1.98504545454545
"SGLT508 2009-05-26",0,11,0,0,11,0,0.272727272727273,11,0.756787468664269,0,11,0,0,11,0,0,11,0,0,11,0,0,11,0,1.5,11,0,0,11,0,0.606363636363636,11,0.402216133666737,0,11,0,0,11,0,0,11,0,0.272727272727273,0.272727272727273
"SGUR010 2010-06-18",0,11,0,0,11,0,0,11,0,0,11,0,0,11,0,0,11,0,0,11,0,0,11,0,0,11,0,0,11,0,0,11,0,0,11,0,0,11,0,0,11,0,0,0
"SGUR010 2011-06-27",0,11,0,0,11,0,0.0681818181818182,11,0.452267016866645,0,11,0,0,11,0,0,11,0,0,11,0,0,11,0,0,11,0,0,11,0,0.0303181818181818,11,0.201108066833368,0,11,0,0,11,0,0,11,0,0.0681818181818182,0.0681818181818182
"SGUR103 2010-07-22",0,11,0,0,11,0,0,11,0,0,11,0,0,11,0,0,11,0,0,11,0,0,11,0,0,11,0,0,11,0,0,11,0,0,11,0,0,11,0,0,11,0,0,0
"SGUR103 2011-08-03",0,11,0,0,11,0,0,11,0,0,11,0,0,11,0,0,11,0,0,11,0,0,11,0,0,11,0,0,11,0,0,11,0,0,11,0,0,11,0,0,11,0,0,0
"SGUT 503 2009-05-08",0,11,0,0,11,0,0,11,0,0,11,0,0,11,0,0,11,0,0,11,0,0,11,0,0,11,0,0,11,0,0.484863636363636,11,0.100403277744395,0,11,0,0,11,0,0,11,0,0,0
"SGUT 503 2010-05-27",0,11,0,0.0303181818181818,11,0.201108066833368,0,11,0,0,11,0,0,11,0,0,11,0,0,11,0,0,11,0,0,11,0,0,11,0,0.0303181818181818,11,0.201108066833368,0,11,0,0,11,0,0,11,0,0.0303181818181818,0.0303181818181818
"SGUT501 2010-07-07",0,11,0,0,11,0,0,11,0,0,11,0,0,11,0,0,11,0,0,11,0,0,11,0,0,11,0,0,11,0,0.288,11,0.301591777076233,0,11,0,0,11,0,0,11,0,0,0
"SGUT502 2009-05-13",0,11,0,0,11,0,0.840909090909091,11,1.25045446283996,0,11,0,0,11,0,0,11,0,0,11,0,0,11,0,0.197045454545455,11,0.389366268324685,0,11,0,0.378909090909091,11,0.396981062062617,0,11,0,0,11,0,0.159090909090909,11,0.560032466591325,0.840909090909091,0.840909090909091
"SGUT502 2010-05-27",0,11,0,0,11,0,0.386363636363636,11,0.753778361444409,0,11,0,0,11,0,0,11,0,0,11,0,0,11,0,0.242454545454545,11,0.479924255387338,0,11,0,0.371272727272727,11,0.70458815823662,0,11,0,0,11,0,0.325772727272727,11,0.672700730434621,0.386363636363636,0.386363636363636
"SGUT502 2011-06-28",0,11,0,0,11,0,0.643954545454545,11,1.26289670634977,0,11,0,0,11,0,0,11,0,0,11,0,0,11,0,0,11,0,0.0303181818181818,11,0.201108066833368,0.272863636363636,11,0.269814784957789,0,11,0,0,11,0,0.234863636363636,11,0.571647459700311,0.643954545454545,0.643954545454545
"SGUT503 2011-07-27",0,11,0,0,11,0,0.409090909090909,11,1.23029929839709,0,11,0,0,11,0,0,11,0,0,11,0,0,11,0,0,11,0,0,11,0,0.0606363636363636,11,0.269814784957789,0,11,0,0,11,0,0,11,0,0.409090909090909,0.409090909090909
"SGUT504 2010-07-07",0,11,0,0,11,0,0.340909090909091,11,0.78334945180064,0,11,0,0,11,0,0,11,0,0,11,0,0,11,0,0,11,0,0,11,0,0.363772727272727,11,0.134705132520156,0,11,0,0,11,0,0.136363636363636,11,0.606779876216918,0.340909090909091,0.340909090909091
"SGUT505 2010-07-08",0,11,0,0,11,0,0.136363636363636,11,0.606779876216918,0,11,0,0,11,0,0,11,0,0,11,0,0,11,0,0,11,0,0,11,0,0.121272727272727,11,0.336518161066045,0,11,0,0,11,0,0,11,0,0.136363636363636,0.136363636363636
"Site 19 2010-07-10",0,11,0,0.454772727272727,11,0.336518161066045,0.681818181818182,11,1.41581971117281,0,11,0,0,11,0,0,11,0,0,11,0,0,11,0,0.242545454545455,11,0.311555277453442,0.0681818181818182,11,0.452267016866645,0,11,0,0,11,0,0,11,0,0,11,0,1.13659090909091,1.13659090909091
"Site 6 2010-07-08",0.0681818181818182,11,0.452267016866645,0,11,0,0.0681818181818182,11,0.452267016866645,0,11,0,0,11,0,0,11,0,0,11,0,0,11,0,0,11,0,0,11,0,0,11,0,0,11,0,0,11,0,0,11,0,0.0681818181818182,0.0681818181818182
"Site 7 2010-07-06",0.212227272727273,11,0.616585657250696,0,11,0,0.681818181818182,11,1.24681412189045,0,11,0,0,11,0,0,11,0,0,11,0,0,11,0,0,11,0,0.0681818181818182,11,0.452267016866645,0,11,0,0,11,0,0,11,0,0.818181818181818,11,0.710313631113366,0.681818181818182,0.681818181818182
"SJC_C1Alt 2010-06-03",0,11,0,0,11,0,0.909090909090909,11,0.873862897505303,0,11,0,0,11,0,0,11,0,0,11,0,0,11,0,0.0909545454545455,11,0.311555277453442,0.704545454545455,11,0.800567980192245,0.939454545454545,11,0.269410265040312,0,11,0,0,11,0,1.33336363636364,11,0.532165404908867,0.909090909090909,0.909090909090909
"SJC_R2 2010-05-25",0,11,0,0,11,0,0.409090909090909,11,1.03132747642849,0,11,0,0,11,0,0,11,0,0,11,0,0,11,0,1.5,11,0,0.0454545454545455,11,0.301511344577764,1,11,0,0,11,0,0,11,0,1,11,0,0.409090909090909,0.409090909090909
"SMC00080 2011-06-13",0,11,0,0,11,0,0,11,0,0,11,0,0,11,0,0,11,0,0,11,0,0,11,0,0,11,0,0,11,0,0,11,0,0,11,0,0,11,0,0,11,0,0,0
"SMC00105 2009-05-12",0,7,NA,0.0476428571428571,7,NA,0.214285714285714,7,NA,0,7,NA,0,7,NA,0,7,NA,0,7,NA,0,7,NA,0.107142857142857,7,NA,0,7,NA,0.511928571428571,7,NA,0,7,NA,0,7,NA,0,7,NA,0.261928571428571,0.261928571428571
"SMC00135 2010-06-07",0,11,0,0,11,0,0,11,0,0,11,0,0,11,0,0,11,0,0,11,0,0,11,0,0,11,0,0,11,0,0,11,0,0,11,0,0,11,0,0,11,0,0,0
"SMC00153 2009-06-08",0,11,0,0.0606363636363636,11,0.269814784957789,0.113636363636364,11,0.517862740677313,0,11,0,0,11,0,0,11,0,0,11,0,0,11,0,0,11,0,0,11,0,0.0909545454545455,11,0.311555277453442,0,11,0,0.75,11,1.5,0.181909090909091,11,0.348329389567351,0.174272727272727,0.174272727272727
"SMC00180 2010-06-18",0.166681818181818,11,0.756534503208845,0.166681818181818,11,0.756534503208845,0.166681818181818,11,0.756534503208845,0.166681818181818,11,0.756534503208845,0.166681818181818,11,0.756534503208845,0.166681818181818,11,0.756534503208845,0.166681818181818,11,0.756534503208845,0.166681818181818,11,0.756534503208845,0.166681818181818,11,0.756534503208845,0.166681818181818,11,0.756534503208845,0.166681818181818,11,0.756534503208845,0.166681818181818,11,0.756534503208845,0.166681818181818,11,0.756534503208845,0.166681818181818,11,0.756534503208845,0.666727272727273,0.666727272727273
"SMC00191 2010-07-12",0,11,0,0.0303181818181818,11,0.201108066833368,0.136363636363636,11,0.606779876216918,0,11,0,0,11,0,0.576045454545455,11,0.311555277453442,0,11,0,0,11,0,0,11,0,0,11,0,0,11,0,0,11,0,0,11,0,0.939545454545454,11,0.248209771985494,0.166681818181818,0.166681818181818
"SMC00198 2009-05-20",0,11,0,0,11,0,0.159090909090909,11,0.560032466591325,0,11,0,0,11,0,0,11,0,0,11,0,0,11,0,0,11,0,0,11,0,0.197045454545455,11,0.389366268324685,0,11,0,0,11,0,0,11,0,0.159090909090909,0.159090909090909
"SMC00206 2009-05-18",0,11,0,0,11,0,0,11,0,0,11,0,0,11,0,0,11,0,0.303181818181818,11,0.201108066833368,0,11,0,0,11,0,0,11,0,0.0303181818181818,11,0.201108066833368,0,11,0,0,11,0,0,11,0,0,0
"SMC00271 2009-06-04",0,11,0,0,11,0,0.0681818181818182,11,0.452267016866645,0,11,0,0,11,0,0,11,0,0,11,0,0,11,0,0,11,0,0,11,0,0,11,0,0,11,0,0,11,0,0,11,0,0.0681818181818182,0.0681818181818182
"SMC00282 2009-06-09",0,11,0,0,11,0,0,11,0,0,11,0,0,11,0,0,11,0,0,11,0,0,11,0,0,11,0,0,11,0,0,11,0,0,11,0,0,11,0,0,11,0,0,0
"SMC00288 2009-06-18",0,11,0,0.212227272727273,11,0.539629569915579,0,11,0,0,11,0,0,11,0,0,11,0,0,11,0,0,11,0,0,11,0,0,11,0,0.181909090909091,11,0.348329389567351,0,11,0,0,11,0,0,11,0,0.212227272727273,0.212227272727273
"SMC00318 2010-06-15",0,11,0,0,11,0,0,11,0,0,11,0,0,11,0,0,11,0,0,11,0,0,11,0,0,11,0,0,11,0,0.5,11,0,0,11,0,0,11,0,1.5,11,0,0,0
"SMC00324 2010-06-21",0,11,0,0,11,0,0,11,0,0,11,0,0,11,0,0,11,0,0,11,0,0,11,0,0,11,0,0,11,0,0,11,0,0,11,0,0,11,0,0,11,0,0,0
"SMC00345 2011-07-19",0,11,0,0.181909090909091,11,0.348329389567351,1.15909090909091,11,1.03132747642849,0,11,0,0,11,0,0,11,0,0.3335,11,0,0,11,0,0,11,0,0,11,0,0,11,0,0.0303181818181818,11,0.201108066833368,0,11,0,0,11,0,1.341,1.341
"SMC00375 2010-06-08",0,11,0,0,11,0,0.204545454545455,11,0.700649049745371,0,11,0,0,11,0,0,11,0,0,11,0,0,11,0,0,11,0,0,11,0,0,11,0,0,11,0,0,11,0,0,11,0,0.204545454545455,0.204545454545455
"SMC00382 2009-06-23",0,11,0,0.303181818181818,11,0.201108066833368,0.166681818181818,11,0.906776959646337,0,11,0,0,11,0,0,11,0,0,11,0,0,11,0,0,11,0,0,11,0,0.3335,11,0,0,11,0,0,11,0,0,11,0,0.469863636363636,0.469863636363636
"SMC00428 2010-07-22",0,11,0,0,11,0,0,11,0,0,11,0,0,11,0,0,11,0,0,11,0,0,11,0,0,11,0,0,11,0,0,11,0,0,11,0,0,11,0,0,11,0,0,0
"SMC00428 2011-08-03",0,11,0,0,11,0,0,11,0,0,11,0,0,11,0,0,11,0,0,11,0,0,11,0,0,11,0,0,11,0,0,11,0,0,11,0,0,11,0,0,11,0,0,0
"SMC00436 2009-05-26",0,11,0,0.318318181818182,11,0.233588643870918,1.29545454545455,11,0.970004686024295,0,11,0,0,11,0,0,11,0,0,11,0,0,11,0,0.5,11,0,1.36363636363636,11,0.904534033733291,0.984863636363636,11,0.100403277744395,0,11,0,0,11,0,1.5,11,0,1.61377272727273,1.61377272727273
"SMC00440 2009-05-20",0,11,0,0,11,0,0.545454545454545,11,0.970004686024295,0,11,0,0,11,0,0,11,0,0,11,0,0,11,0,0,11,0,0,11,0,0.431818181818182,11,0.452267016866645,0,11,0,0,11,0,0,11,0,0.545454545454545,0.545454545454545
"SMC00446 2010-07-01",0,11,0,0.272863636363636,11,0.269814784957789,0.136363636363636,11,0.904534033733291,0,11,0,0,11,0,0,11,0,0,11,0,0.181909090909091,11,0.348329389567351,0,11,0,0,11,0,0.181909090909091,11,0.348329389567351,0,11,0,0,11,0,0,11,0,0.409227272727273,0.409227272727273
"SMC00457 2009-06-04",0,11,0,0,11,0,0,11,0,0,11,0,0,11,0,0,11,0,0,11,0,0,11,0,0,11,0,0,11,0,0,11,0,0,11,0,0,11,0,0,11,0,0,0
"SMC00464 2009-05-08",0,11,0,0,11,0,0.954545454545455,11,0.970004686024295,0,11,0,0,11,0,0,11,0,0,11,0,0,11,0,0,11,0,0,11,0,0.409181818181818,11,0.173903578299742,0,11,0,0,11,0,0,11,0,0.954545454545455,0.954545454545455
"SMC00473 2009-06-03",0,11,0,0,11,0,0,11,0,0,11,0,0,11,0,0,11,0,0,11,0,0,11,0,0,11,0,0.0454545454545455,11,0.301511344577764,0.242545454545455,11,0.311555277453442,0,11,0,0.0909545454545455,11,0.311555277453442,0,11,0,0,0
"SMC00476 2009-06-08",0,11,0,0,11,0,0,11,0,0,11,0,0,11,0,0,11,0,0,11,0,0,11,0,0,11,0,0,11,0,0,11,0,0,11,0,0,11,0,0,11,0,0,0
"SMC00479 2011-07-13",0,11,0,0.272863636363636,11,0.269814784957789,0,11,0,0,11,0,0,11,0,0,11,0,0,11,0,0,11,0,0.409227272727273,11,0.229179564375345,0.204545454545455,11,0.700649049745371,0,11,0,0,11,0,0,11,0,1.5,11,0,0.272863636363636,0.272863636363636
"SMC00480 2009-05-13",0,11,0,0,11,0,0.0681818181818182,11,0.452267016866645,0,11,0,0,11,0,0,11,0,0,11,0,0,11,0,0,11,0,0,11,0,0.3335,11,0,0,11,0,0,11,0,0,11,0,0.0681818181818182,0.0681818181818182
"SMC00520 2009-05-19",0,11,0,0,11,0,0.136363636363636,11,0.904534033733291,0,11,0,0,11,0,0,11,0,0,11,0,0,11,0,0,11,0,0,11,0,0,11,0,0,11,0,0,11,0,0,11,0,0.136363636363636,0.136363636363636
"SMC00520 2011-08-05",0,11,0,0,11,0,0.295454545454545,11,0.970004686024295,0,11,0,0,11,0,0,11,0,0,11,0,0,11,0,0,11,0,0,11,0,0.181909090909091,11,0.348329389567351,0,11,0,0,11,0,0,11,0,0.295454545454545,0.295454545454545
"SMC00531 2009-05-18",0,11,0,0.818181818181818,11,0.674199862463242,0,11,0,0,11,0,0,11,0,0,11,0,0,11,0,0,11,0,0.772727272727273,11,0.820199532264724,0.75,11,1.34164078649987,0.666772727272727,11,0.577234850582735,0,11,0,0,11,0,1.36363636363636,11,0.606779876216918,0.818181818181818,0.818181818181818
"SMC00544 2011-06-22",0,11,0,0,11,0,0,11,0,0,11,0,0,11,0,0,11,0,0,11,0,0,11,0,0,11,0,0,11,0,0,11,0,0,11,0,0,11,0,0,11,0,0,0
"SMC00608 2011-06-27",0,11,0,0.121272727272727,11,0.449691308262982,0,11,0,0,11,0,0,11,0,0,11,0,0.0606363636363636,11,0.269814784957789,0,11,0,0,11,0,0.136363636363636,11,0.606779876216918,0.3485,11,1.10004499907958,0,11,0,0,11,0,1.5,11,0,0.121272727272727,0.121272727272727
"SMC00632 2011-06-13",0,11,0,0.3335,11,0,0,11,0,0,11,0,0,11,0,0,11,0,0,11,0,0,11,0,0,11,0,0.0681818181818182,11,0.452267016866645,0.3335,11,0,0,11,0,0,11,0,1,11,0,0.3335,0.3335
"SMC00665 2011-07-27",0,11,0,0,11,0,0.204545454545455,11,0.700649049745371,0,11,0,0,11,0,0,11,0,0,11,0,0,11,0,0,11,0,0,11,0,0,11,0,0,11,0,0,11,0,0,11,0,0.204545454545455,0.204545454545455
"SMC00670 2009-05-21",0,11,0,0.727363636363636,11,0.428759161047106,1.43181818181818,11,0.452267016866645,0,11,0,0,11,0,0,11,0,0,11,0,0,11,0,0.181818181818182,11,0.504524979109513,1.5,11,0,0.788090909090909,11,0.336013636086936,0,11,0,0,11,0,1.43181818181818,11,0.452267016866645,2.15918181818182,2.15918181818182
"SMC00684 2011-06-27",0,11,0,0.667,11,0,0.0681818181818182,11,0.452267016866645,0,11,0,0,11,0,0,11,0,0,11,0,0,11,0,0,11,0,0.303045454545455,11,0.995192489375342,0,11,0,0,11,0,0,11,0,1.5,11,0,0.735181818181818,0.735181818181818
"SMC00686 2011-06-27",0,11,0,0.303181818181818,11,0.201108066833368,0.0681818181818182,11,0.452267016866645,0,11,0,0,11,0,0,11,0,1.5,11,0,0,11,0,0,11,0,0,11,0,0.121272727272727,11,0.336518161066045,0,11,0,0,11,0,0,11,0,0.371363636363636,0.371363636363636
"SMC00693 2010-05-31",0,11,0,0,11,0,0,11,0,0,11,0,0,11,0,0,11,0,0,11,0,0.454772727272727,11,0.336518161066045,0,11,0,0,11,0,0.318227272727273,11,0.433456886814909,0,11,0,0.25,11,0.707106781186548,0,11,0,0,0
"SMC00702 2011-07-19",0,11,0,0,11,0,0.136363636363636,11,0.904534033733291,0,11,0,0,11,0,0,11,0,0,11,0,0,11,0,0,11,0,1,11,0,0,11,0,0,11,0,0,11,0,1.5,11,0,0.136363636363636,0.136363636363636
"SMC00710 2009-05-20",0,11,0,0,11,0,1.34090909090909,11,0.603022689155527,0,11,0,0,11,0,0,11,0,0,11,0,0,11,0,0,11,0,0.0681818181818182,11,0.452267016866645,0,11,0,0,11,0,0,11,0,0,11,0,1.34090909090909,1.34090909090909
"SMC00729 2009-06-03",0.0303181818181818,11,0.201108066833368,0.3335,11,0,1.5,11,0,0,11,0,0,11,0,0,11,0,0,11,0,0,11,0,0.303181818181818,11,0.201108066833368,0,11,0,0.375,4,NA,0,11,0,0.303181818181818,11,0.201108066833368,0.0303181818181818,11,0.201108066833368,1.8335,1.8335
"SMC00748 2011-06-21",0,11,0,0.348590909090909,11,0.586134424544715,0.477272727272727,11,1.38662441660576,0,11,0,0,11,0,0,11,0,0,11,0,0,11,0,0.0757727272727273,11,0.502619411411132,1.22727272727273,11,1.21355975243384,0.0303181818181818,11,0.201108066833368,0,11,0,0,11,0,1.22727272727273,11,1.21355975243384,0.825863636363636,0.825863636363636
"SMC00756 2009-06-23",0,11,0,0.363818181818182,11,0.201108066833368,0,11,0,0,11,0,0,11,0,0,11,0,0,11,0,0,11,0,0.667,11,0,0.0681818181818182,11,0.452267016866645,0,11,0,0,11,0,0,11,0,1.5,11,0,0.363818181818182,0.363818181818182
"SMC00766 2011-07-11",0,11,0,0,11,0,0.409090909090909,11,1.23029929839709,0,11,0,0,11,0,0,11,0,0.788045454545454,11,0.301511344577764,0,11,0,0,11,0,0.25,11,0.707106781186548,0.5,11,0,0,11,0,0,11,0,0,11,0,0.409090909090909,0.409090909090909
"SMC00791 2011-06-22",0,11,0,0,11,0,0,11,0,0,11,0,0,11,0,0,11,0,0,11,0,0,11,0,0,11,0,0,11,0,0,11,0,0,11,0,0,11,0,0,11,0,0,0
"SMC00827 2009-06-15",0,11,0,0,11,0,0,11,0,0,11,0,0,11,0,0,11,0,0,11,0,0,11,0,0,11,0,0,11,0,0,11,0,0,11,0,0,11,0,0,11,0,0,0
"SMC00830 2011-06-21",0,11,0,0,11,0,0,11,0,0,11,0,0,11,0,0,11,0,0,11,0,0,11,0,0,11,0,1.22727272727273,11,1.21355975243384,0,11,0,0,11,0,0,11,0,1.36363636363636,11,0.904534033733291,0,0
"SMC00857 2011-07-13",0,11,0,0,11,0,0.227272727272727,11,0.650174801670499,0,11,0,0,11,0,0,11,0,0,11,0,0,11,0,0.151590909090909,11,0.348329389567351,0.0303181818181818,11,0.201108066833368,0,11,0,0,11,0,0,11,0,0.3335,11,0,0.227272727272727,0.227272727272727
"SMC00873 2009-05-19",0,11,0,0,11,0,0.0681818181818182,11,0.452267016866645,0,11,0,0,11,0,0,11,0,0,11,0,0,11,0,0,11,0,0,11,0,0,11,0,0,11,0,0,11,0,0,11,0,0.0681818181818182,0.0681818181818182
"SMC00899 2011-07-12",0,11,0,0.212227272727273,11,0.336518161066045,0,11,0,0,11,0,0,11,0,0,11,0,0,11,0,0,11,0,0.667,11,0,1.09090909090909,11,1.40129809949074,0,11,0,0,11,0,0,11,0,1.5,11,0,0.212227272727273,0.212227272727273
"SMC00903 2011-07-06",0,11,0,0,11,0,0.136363636363636,11,0.606779876216918,0,11,0,0,11,0,0,11,0,0,11,0,0,11,0,0,11,0,0,11,0,0,11,0,0,11,0,0,11,0,0,11,0,0.136363636363636,0.136363636363636
"SMC00910 2009-04-30",0,11,0,0,11,0,0.136363636363636,11,0.606779876216918,0,11,0,0,11,0,0,11,0,0.863636363636364,11,0.467099366496914,0,11,0,0,11,0,0,11,0,0.454545454545455,11,0.301511344577764,0,11,0,0,11,0,0.477272727272727,11,1.01129979369486,0.136363636363636,0.136363636363636
"SMC00911 2009-06-04",0,11,0,0.272818181818182,11,0.373419943957811,0,11,0,0,11,0,0,11,0,0,11,0,0,11,0,0,11,0,0.0757727272727273,11,0.345291576392001,0,11,0,0.197045454545455,11,0.389366268324685,0,11,0,0,11,0,0.409090909090909,11,0.78334945180064,0.272818181818182,0.272818181818182
"SMC00921 2010-06-02",0,11,0,0.3335,11,0,1.5,11,0,0,11,0,0,11,0,0,11,0,0,11,0,0,11,0,0,11,0,0,11,0,0,11,0,0,11,0,0,11,0,0,11,0,1.8335,1.8335
"SMC00924 2009-06-09",0,11,0,0,11,0,0.25,11,0.707106781186548,0,11,0,0,11,0,0,11,0,0,11,0,0,11,0,0,11,0,0,11,0,0,11,0,0,11,0,0,11,0,0,11,0,0.25,0.25
"SMC00924 2011-06-20",0,11,0,0,11,0,0.272727272727273,11,0.756787468664269,0,11,0,0,11,0,0,11,0,0,11,0,0,11,0,0,11,0,0.136363636363636,11,0.606779876216918,0,11,0,0,11,0,0,11,0,0.272727272727273,11,0.756787468664269,0.272727272727273,0.272727272727273
"SMC00926 2010-06-28",0,11,0,0,11,0,0.0681818181818182,11,0.452267016866645,0,11,0,0,11,0,0,11,0,1.5,11,0,0,11,0,0,11,0,0,11,0,0.3335,11,0,0,11,0,0,11,0,0.0681818181818182,11,0.452267016866645,0.0681818181818182,0.0681818181818182
"SMC00957 2010-06-21",0,11,0,0,11,0,0.181818181818182,11,0.636038878171338,0,11,0,0,11,0,0,11,0,0.530409090909091,11,0.611190284311166,0,11,0,0,11,0,0.0454545454545455,11,0.301511344577764,0,11,0,0,11,0,0,11,0,0.477272727272727,11,0.687551650952329,0.181818181818182,0.181818181818182
"SMC00958 2011-07-19",0,11,0,0.651818181818182,11,0.233588643870918,0,11,0,0,11,0,0,11,0,0,11,0,0,11,0,0,11,0,0.0303181818181818,11,0.201108066833368,0.181818181818182,11,0.636038878171338,0,11,0,0,11,0,0,11,0,1.5,11,0,0.651818181818182,0.651818181818182
"SMC00963 2010-06-17",0,11,0,0,11,0,0.363636363636364,11,1.1908743922773,0,11,0,0,11,0,0,11,0,0,11,0,0,11,0,0,11,0,0,11,0,0,11,0,0,11,0,0,11,0,0.181909090909091,11,0.348329389567351,0.363636363636364,0.363636363636364
"SMC01004 2009-05-26",0,11,0,0,11,0,0.136363636363636,11,0.606779876216918,0,11,0,0,11,0,0,11,0,0,11,0,0,11,0,0.318318181818182,11,0.233588643870918,1.5,11,0,0.590909090909091,11,0.252262489554756,0,11,0,0,11,0,1.5,11,0,0.136363636363636,0.136363636363636
"SMC01013 2010-06-24",0,11,0,0,11,0,0,11,0,0,11,0,0,11,0,0,11,0,0,11,0,0,11,0,0,11,0,0,11,0,0.5,11,0,0,11,0,0,11,0,0,11,0,0,0
"SMC01040 2009-06-09",0,11,0,0,11,0,0.227272727272727,11,0.650174801670499,0,11,0,0,11,0,0,11,0,0,11,0,0,11,0,0,11,0,0,11,0,0,11,0,0,11,0,0,11,0,0,11,0,0.227272727272727,0.227272727272727
"SMC01046 2009-05-21",0.136363636363636,11,0.904534033733291,0,11,0,0.681818181818182,11,1.41581971117281,0,11,0,0,11,0,0,11,0,0.530363636363636,11,0.916787335308368,0,11,0,0.136363636363636,11,0.904534033733291,0,11,0,0,11,0,0,11,0,0.363636363636364,11,1.00904995821903,0.681818181818182,11,1.56669890360128,0.681818181818182,0.681818181818182
"SMC01049 2010-06-01",0,11,0,0.0303181818181818,11,0.201108066833368,0.204545454545455,11,0.700649049745371,0,11,0,0,11,0,0,11,0,0.3335,11,0,0,11,0,0,11,0,0,11,0,0.3335,11,0,0,11,0,0,11,0,0,11,0,0.234863636363636,0.234863636363636
"SMC01096 2010-06-07",0,11,0,0,11,0,0.492545454545455,11,0.672639941505923,0,11,0,0,11,0,0,11,0,0,11,0,0,11,0,0,11,0,0,11,0,0.363772727272727,11,0.134705132520156,0,11,0,0,11,0,0,11,0,0.492545454545455,0.492545454545455
"SMC01151 2009-06-17",0,11,0,0,11,0,0,11,0,0,11,0,0,11,0,0,11,0,0,11,0,0,11,0,0,11,0,0,11,0,0,11,0,0,11,0,0,11,0,0,11,0,0,0
"SMC01155 2009-05-12",0,11,0,0,11,0,0.25,11,0.707106781186548,0,11,0,0,11,0,0,11,0,0,11,0,0,11,0,0,11,0,0,11,0,0,11,0,0,11,0,0,11,0,0,11,0,0.25,0.25
"SMC01158 2009-05-20",0,11,0,0,11,0,1.5,11,0,0,11,0,0,11,0,0,11,0,0,11,0,0,11,0,0,11,0,0,11,0,0,11,0,0.3335,11,0,0,11,0,0,11,0,1.5,1.5
"SMC01161 2010-05-27",0,11,0,0,11,0,0,11,0,0,11,0,0,11,0,0,11,0,0,11,0,0.0303181818181818,11,0.201108066833368,0,11,0,0.0681818181818182,11,0.452267016866645,0,11,0,0,11,0,0.0909090909090909,11,0.603022689155527,0,11,0,0,0
"SMC01172 2009-06-24",0,11,0,0,11,0,0,11,0,0,11,0,0,11,0,0,11,0,0,11,0,0,11,0,0,11,0,0,11,0,0,11,0,0,11,0,0,11,0,0,11,0,0,0
"SMC01174 2011-07-20",0,11,0,0,11,0,0,11,0,0,11,0,0,11,0,0,11,0,0,11,0,0,11,0,0,11,0,0,11,0,0,11,0,0,11,0,0,11,0,0,11,0,0,0
"SMC01196 2010-07-14",0,11,0,0.0303181818181818,11,0.201108066833368,0,11,0,0,11,0,0,11,0,0,11,0,0,11,0,0,11,0,0,11,0,0,11,0,0.242545454545455,11,0.311555277453442,0,11,0,0,11,0,0,11,0,0.0303181818181818,0.0303181818181818
"SMC01201 2010-06-02",0.0681818181818182,11,0.452267016866645,0.560863636363636,11,0.373468630786868,0,11,0,0.0681818181818182,11,0.452267016866645,0.0681818181818182,11,0.452267016866645,0.0681818181818182,11,0.452267016866645,0.4395,11,0.224710925413074,0.0681818181818182,11,0.452267016866645,0.348545454545455,11,0.378716636694364,0,11,0,0,11,0,0.0681818181818182,11,0.452267016866645,0.0681818181818182,11,0.452267016866645,0.136363636363636,11,0.606779876216918,0.697227272727273,0.697227272727273
"SMC01208 2010-06-08",0,11,0,0.151590909090909,11,0.348329389567351,0.409090909090909,11,1.40129809949074,0,11,0,0,11,0,0,11,0,0,11,0,0,11,0,0.121272727272727,11,0.336518161066045,0,11,0,0.121272727272727,11,0.336518161066045,0,11,0,0,11,0,1.28790909090909,11,0.989763791839429,0.560681818181818,0.560681818181818
"SMC01215 2011-07-13",0,11,0,0,11,0,0.25,11,0.707106781186548,0,11,0,0,11,0,0,11,0,0,11,0,0,11,0,0,11,0,0,11,0,0,11,0,0,11,0,0,11,0,0,11,0,0.25,0.25
"SMC01248 2011-07-26",0,8,NA,0,8,NA,0,8,NA,0,8,NA,0,8,NA,0,8,NA,0,8,NA,0,8,NA,0,8,NA,0,8,NA,0,8,NA,0,8,NA,0,8,NA,0,8,NA,0,0
"SMC01257 2011-06-16",0,11,0,0,11,0,0.204545454545455,11,0.970004686024295,0,11,0,0,11,0,0,11,0,0,11,0,0,11,0,0,11,0,0,11,0,0,11,0,0,11,0,0,11,0,0.197,11,0.712176944305276,0.204545454545455,0.204545454545455
"SMC01258 2009-05-27",0,11,0,0,11,0,0.272727272727273,11,0.756787468664269,0,11,0,0,11,0,0,11,0,0,11,0,0.75,11,0,0,11,0,0,11,0,0.5,11,0,0,11,0,0,11,0,0,11,0,0.272727272727273,0.272727272727273
"SMC01278 2009-06-17",0,11,0,0.667,11,0,0,11,0,0,11,0,0,11,0,0,11,0,0.181909090909091,11,0.348329389567351,0,11,0,0.454772727272727,11,0.616585657250696,0,11,0,0.0606363636363636,11,0.402216133666737,0,11,0,0,11,0,1.42427272727273,11,0.502317900066554,0.667,0.667
"SMC01320 2010-06-07",0,11,0,0.0909545454545455,11,0.311555277453442,0.204545454545455,11,0.700649049745371,0,11,0,0,11,0,0,11,0,0,11,0,0,11,0,0,11,0,0,11,0,0.121272727272727,11,0.336518161066045,0,11,0,0,11,0,0,11,0,0.2955,0.2955
"SMC01341 2009-06-22",0,11,0,0.242545454545455,11,0.311555277453442,0.113636363636364,11,0.517862740677313,0,11,0,0,11,0,0,11,0,0,11,0,0,11,0,0,11,0,0,11,0,0,11,0,0,11,0,0,11,0,0,11,0,0.356181818181818,0.356181818181818
"SMC01358 2011-06-21",0,11,0,0.667,11,0,0,11,0,0,11,0,0,11,0,0,11,0,0,11,0,0,11,0,0,11,0,1.5,11,0,0,11,0,0,11,0,0,11,0,1.5,11,0,0.667,0.667
"SMC01367 2011-06-23",0,11,0,0,11,0,0.136363636363636,11,0.606779876216918,0,11,0,0,11,0,0,11,0,0,11,0,0,11,0,0,11,0,0,11,0,0,11,0,0,11,0,0,11,0,0,11,0,0.136363636363636,0.136363636363636
"SMC01372 2010-07-13",0,11,0,0,11,0,0,11,0,0,11,0,0,11,0,0,11,0,0,11,0,0,11,0,0,11,0,0,11,0,0,11,0,0,11,0,0,11,0,0,11,0,0,0
"SMC01383 2010-06-01",0,11,0,0.667,11,0,0,11,0,0,11,0,0,11,0,0,11,0,0,11,0,0,11,0,0.667,11,0,0,11,0,0.667,11,0,0,11,0,0,11,0,1.5,11,0,0.667,0.667
"SMC01384 2009-06-29",0,11,0,0,11,0,0.0681818181818182,11,0.452267016866645,0,11,0,0,11,0,0,11,0,0,11,0,0,11,0,0,11,0,0,11,0,0,11,0,0,11,0,0,11,0,0,11,0,0.0681818181818182,0.0681818181818182
"SMC01424 2009-07-01",0,11,0,0,11,0,0.0681818181818182,11,0.452267016866645,0,11,0,0,11,0,0,11,0,0,11,0,0,11,0,0,11,0,0,11,0,0,11,0,0,11,0,0,11,0,0,11,0,0.0681818181818182,0.0681818181818182
"SMC01452 2010-07-15",0,11,0,1.03795454545455,11,0.523551421456471,0,11,0,0,11,0,0,11,0,0,11,0,0.0454545454545455,11,0.301511344577764,0,11,0,0,11,0,0,11,0,0,11,0,0,11,0,0,11,0,1.5,11,0,1.03795454545455,1.03795454545455
"SMC01504 2011-06-28",0,11,0,0,11,0,0,11,0,0,11,0,0,11,0,0,11,0,0,11,0,0,11,0,0,11,0,0,11,0,0.348636363636364,11,0.100403277744395,0,11,0,0,11,0,0,11,0,0,0
"SMC01512 2010-06-23",0,11,0,1,11,0,1.09090909090909,11,1.40129809949074,0,11,0,0,11,0,0,11,0,0,11,0,0,11,0,0,11,0,1.5,11,0,0,11,0,0,11,0,0,11,0,1.5,11,0,2.09090909090909,2.09090909090909
"SMC01523 2011-07-07",0,11,0,0,11,0,0,11,0,0,11,0,0,11,0,0,11,0,0,11,0,0,11,0,0,11,0,0,11,0,0,11,0,0,11,0,0,11,0,0,11,0,0,0
"SMC01544 2010-07-14",0,11,0,0,11,0,0.0681818181818182,11,0.452267016866645,0,11,0,0,11,0,0,11,0,0,11,0,0,11,0,0,11,0,0,11,0,0,11,0,0,11,0,0,11,0,0,11,0,0.0681818181818182,0.0681818181818182
"SMC01550 2009-06-25",0,11,0,0,11,0,0,11,0,0,11,0,0,11,0,0,11,0,0,11,0,0,11,0,0,11,0,0,11,0,0,11,0,0,11,0,0,11,0,0,11,0,0,0
"SMC01555 2011-06-23",0,11,0,0.181909090909091,11,0.458596951185203,0,11,0,0,11,0,0,11,0,0,11,0,0,11,0,0,11,0,0,11,0,1.43181818181818,11,0.452267016866645,0.424409090909091,11,0.431061670340061,0,11,0,0,11,0,1.5,11,0,0.181909090909091,0.181909090909091
"SMC01559 2011-06-21",0,11,0,0,11,0,1.5,11,0,0,11,0,0,11,0,0,11,0,0,11,0,0,11,0,0,11,0,0,11,0,0,11,0,0,11,0,0,11,0,0,11,0,1.5,1.5
"SMC01567 2010-06-09",0,11,0,0,11,0,0,11,0,0,11,0,0,11,0,0,11,0,0,11,0,0,11,0,0,11,0,0,11,0,0,11,0,0,11,0,0,11,0,0,11,0,0,0
"SMC01606 2009-05-26",0,11,0,0,11,0,0,11,0,0,11,0,0,11,0,0,11,0,0,11,0,0,11,0,0,11,0,0,11,0,0.75,11,0,0,11,0,0.3335,11,0,1.5,11,0,0,0
"SMC01640 2009-06-29",0,11,0,0.424454545454545,11,0.67303632213209,0,11,0,0,11,0,0,11,0,0,11,0,0,11,0,0,11,0,0.295454545454545,11,0.583874208121142,0,11,0,0,11,0,0,11,0,0.0303181818181818,11,0.201108066833368,1.5,11,0,0.424454545454545,0.424454545454545
"SMC01655 2011-07-06",0,11,0,0,11,0,0.136363636363636,11,0.606779876216918,0,11,0,0,11,0,0,11,0,0,11,0,0,11,0,0,11,0,0,11,0,0,11,0,0,11,0,0,11,0,0,11,0,0.136363636363636,0.136363636363636
"SMC01676 2010-07-03",0,11,0,0,11,0,0,11,0,0,11,0,0,11,0,0,11,0,0,11,0,0,11,0,0,11,0,0,11,0,0,11,0,0,11,0,0,11,0,0,11,0,0,0
"SMC01684 2009-06-03",0,11,0,0,11,0,0.75,11,1.16189500386223,0,11,0,0,11,0,0,11,0,0,11,0,0,11,0,0,11,0,0,11,0,0,11,0,0.667,11,0,0,11,0,0,11,0,0.75,0.75
"SMC01692 2011-06-20",0,11,0,0,11,0,0.0454545454545455,11,0.301511344577764,0,11,0,0,11,0,0,11,0,0,11,0,0,11,0,0,11,0,0,11,0,0,11,0,0,11,0,0,11,0,0,11,0,0.0454545454545455,0.0454545454545455
"SMC01694 2010-06-28",0,11,0,0.242545454545455,11,0.311555277453442,0,11,0,0,11,0,0,11,0,0,11,0,0,11,0,0,11,0,0.0303181818181818,11,0.201108066833368,0.590909090909091,11,0.603022689155527,0.0681818181818182,11,0.452267016866645,0,11,0,0,11,0,1.40909090909091,11,0.252262489554756,0.242545454545455,0.242545454545455
"SMC01716 2010-06-08",0,11,0,0.667,11,0,1.5,11,0,0,11,0,0,11,0,0,11,0,0,11,0,0,11,0,0,11,0,1.5,11,0,0,11,0,0,11,0,0,11,0,1.5,11,0,2.167,2.167
"SMC01717 2009-05-28",0,11,0,0,11,0,0,11,0,0,11,0,0,11,0,0,11,0,0,11,0,0,11,0,0,11,0,0,11,0,0,11,0,0,11,0,0,11,0,0,11,0,0,0
"SMC01726 2010-06-30",0,11,0,0.242545454545455,11,0.311555277453442,0,11,0,0,11,0,0,11,0,0,11,0,0.3335,11,0,0,11,0,0,11,0,1.09090909090909,11,1.40129809949074,0.0303181818181818,11,0.201108066833368,0,11,0,0,11,0,0,11,0,0.242545454545455,0.242545454545455
"SMC01748 2009-06-03",0,11,0,0,11,0,0.363636363636364,11,0.719848468902878,0,11,0,0,11,0,0,11,0,0,11,0,0,11,0,0,11,0,0,11,0,0,11,0,0,11,0,0,11,0,0,11,0,0.363636363636364,0.363636363636364
"SMC01808 2011-06-13",0,11,0,0,11,0,0,11,0,0,11,0,0,11,0,0,11,0,0,11,0,0,11,0,0,11,0,0,11,0,0.212227272727273,11,0.336518161066045,0,11,0,0,11,0,0,11,0,0,0
"SMC01814 2010-06-09",0,11,0,0,11,0,0.0681818181818182,11,0.452267016866645,0,11,0,0,11,0,0,11,0,1.06818181818182,11,1.00227015048112,0,11,0,0,11,0,0,11,0,0.121272727272727,11,0.336518161066045,0.0454545454545455,11,0.301511344577764,0,11,0,0.272727272727273,11,1.21355975243384,0.0681818181818182,0.0681818181818182
"SMC01860 2009-05-28",0,11,0,0.348636363636364,11,0.100403277744395,0.25,11,0.707106781186548,0,11,0,0,11,0,0,11,0,0,11,0,0,11,0,0,11,0,0,11,0,0.939454545454545,11,0.269410265040312,0.5,11,0,0,11,0,1.45454545454545,11,0.301511344577764,0.598636363636364,0.598636363636364
"SMC01909 2009-06-09",0,11,0,0,11,0,0,11,0,0,11,0,0,11,0,0,11,0,0,11,0,0,11,0,0,11,0,0,11,0,0,11,0,0.484954545454545,11,1.03760603839275,0,11,0,0,11,0,0,0
"SMC01923 2011-07-12",0,11,0,0.3335,11,0.421847839866462,0,11,0,0,11,0,0,11,0,0,11,0,0.530454545454545,11,0.742807977144222,0,11,0,0.667,11,0,0.181909090909091,11,0.547073088020571,0,11,0,0,11,0,1.22727272727273,11,1.01129979369486,0.121272727272727,11,0.539629569915579,0.3335,0.3335
"SMC01960 2010-06-23",0,11,0,0.667,11,0,1.5,11,0,0,11,0,0,11,0,0,11,0,0,11,0,0,11,0,0,11,0,0,11,0,0,11,0,0,11,0,0,11,0,1.15909090909091,11,0.844770006354608,2.167,2.167
"SMC01962 2010-06-08",0,11,0,0,11,0,0.136363636363636,11,0.606779876216918,0,11,0,0,11,0,0,11,0,1.5,11,0,0,11,0,0,11,0,0,11,0,0,11,0,0,11,0,0,11,0,0,11,0,0.136363636363636,0.136363636363636
"SMC01972 2010-06-07",0,11,0,0.697272727272727,11,0.200806555488791,0.818181818181818,11,1.24681412189045,0,11,0,0,11,0,0,11,0,0,11,0,0,11,0,0,11,0,0.545454545454545,11,0.700649049745371,0.667,11,0,0,11,0,0,11,0,1.5,11,0,1.51545454545455,1.51545454545455
"SMC01979 2011-07-14",0,11,0,0,11,0,0.0681818181818182,11,0.452267016866645,0,11,0,0,11,0,0,11,0,0,11,0,0,11,0,0,11,0,0,11,0,0,11,0,0,11,0,0,11,0,0,11,0,0.0681818181818182,0.0681818181818182
"SMC01990 2009-05-21",0,11,0,0,11,0,1.47727272727273,11,0.150755672288882,0,11,0,0,11,0,0,11,0,0,11,0,0,11,0,0,11,0,0.212136363636364,11,0.834554263173952,0,11,0,0,11,0,0,11,0,1.29545454545455,11,0.700649049745371,1.47727272727273,1.47727272727273
"SMC02006 2009-05-26",0,11,0,0,11,0,1.5,11,0,0,11,0,0,11,0,0,11,0,0,11,0,0,11,0,1.04545454545455,11,0.202259958738973,0.0681818181818182,11,0.452267016866645,0,11,0,0,11,0,0,11,0,1.5,11,0,1.5,1.5
"SMC02059 2010-06-03",0,11,0,0,11,0,1.5,11,0,0,11,0,0,11,0,0,11,0,0,11,0,0,11,0,0.3335,11,0,0.0681818181818182,11,0.452267016866645,0,11,0,0,11,0,0,11,0,0.568227272727273,11,0.536455844154272,1.5,1.5
"SMC02088 2011-06-14",0,11,0,0,11,0,0,11,0,0,11,0,0,11,0,0,11,0,0,11,0,0,11,0,0,11,0,0,11,0,0,11,0,0,11,0,0,11,0,0,11,0,0,0
"SMC02092 2011-06-14",0,11,0,0,11,0,0,11,0,0,11,0,0,11,0,0,11,0,0,11,0,0,11,0,0,11,0,0,11,0,0,11,0,0,11,0,0,11,0,0,11,0,0,0
"SMC02123 2011-07-05",0,11,0,0,11,0,1.5,11,0,0,11,0,0,11,0,0,11,0,0,11,0,0,11,0,0,11,0,0,11,0,0,11,0,0,11,0,0,11,0,0,11,0,1.5,1.5
"SMC02127 2009-06-04",0,11,0,0.0909545454545455,11,0.311555277453442,0.0681818181818182,11,0.452267016866645,0,11,0,0,11,0,0,11,0,0,11,0,0,11,0,0,11,0,0,11,0,0.348636363636364,11,0.100403277744395,0,11,0,0,11,0,0.113636363636364,11,0.517862740677313,0.159136363636364,0.159136363636364
"SMC02145 2011-07-19",0,11,0,0,11,0,0.272727272727273,11,0.756787468664269,0,11,0,0,11,0,0,11,0,0,11,0,0,11,0,0,11,0,0,11,0,0,11,0,0,11,0,0,11,0,0.136363636363636,11,0.904534033733291,0.272727272727273,0.272727272727273
"SMC02152 2010-07-14",0,11,0,0,11,0,0.272727272727273,11,0.756787468664269,0,11,0,0,11,0,0,11,0,0,11,0,0,11,0,0,11,0,0,11,0,0,11,0,0,11,0,0,11,0,0,11,0,0.272727272727273,0.272727272727273
"SMC02167 2010-06-07",0,11,0,0,11,0,0,11,0,0,11,0,0,11,0,0,11,0,0,11,0,0,11,0,0,11,0,0,11,0,0,11,0,0,11,0,0,11,0,0,11,0,0,0
"SMC02206 2011-07-19",0,11,0,0.272863636363636,11,0.654760428081767,0,11,0,0,11,0,0,11,0,0,11,0,0.636681818181818,11,0.201108066833368,0,11,0,0,11,0,0.0454545454545455,11,0.301511344577764,0.0303181818181818,11,0.201108066833368,0,11,0,0,11,0,1.5,11,0,0.272863636363636,0.272863636363636
"SMC02228 2009-06-23",0,11,0,0,11,0,1.22727272727273,11,1.21355975243384,0,11,0,0,11,0,0,11,0,0,11,0,0,11,0,0,11,0,1.5,11,0,0.667,11,0,0,11,0,0,11,0,0,11,0,1.22727272727273,1.22727272727273
"SMC02270 2010-06-30",0,11,0,0,11,0,0.25,11,0.974679434480896,0,11,0,0,11,0,0,11,0,0,11,0,0,11,0,0.0303181818181818,11,0.201108066833368,0.136363636363636,11,0.904534033733291,0.409181818181818,11,0.173903578299742,0,11,0,0,11,0,0.272727272727273,11,1.21355975243384,0.25,0.25
"SMC02417 2011-07-20",0,11,0,0.712409090909091,11,0.417365503649216,0.886363636363636,11,1.47247472582106,0,11,0,0,11,0,0,11,0,0,11,0,0,11,0,0.3335,11,0,0,11,0,0,11,0,0,11,0,0,11,0,1.5,11,0,1.59877272727273,1.59877272727273
"SMC02436 2009-05-28",0,11,0,0,11,0,0.0681818181818182,11,0.452267016866645,0,11,0,0,11,0,0,11,0,0,11,0,0,11,0,0,11,0,0,11,0,0,11,0,0,11,0,0,11,0,0,11,0,0.0681818181818182,0.0681818181818182
"SMC02452 2011-06-30",0,11,0,0.0303181818181818,11,0.201108066833368,0.181818181818182,11,0.636038878171338,0,11,0,0,11,0,0.363818181818182,11,0.201108066833368,0.242545454545455,11,0.311555277453442,0,11,0,0.0303181818181818,11,0.201108066833368,0.0681818181818182,11,0.452267016866645,0,11,0,0,11,0,0,11,0,1.11363636363636,11,0.606779876216918,0.212136363636364,0.212136363636364
"SMC02457 2010-05-31",0,11,0,0,11,0,0,11,0,0,11,0,0.0454545454545455,11,0.301511344577764,0,11,0,0,11,0,0,11,0,0.0606363636363636,11,0.269814784957789,0,11,0,0,11,0,0,11,0,0.394,11,0.308086351531515,0.363681818181818,11,0.671939770028129,0.0454545454545455,0.0454545454545455
"SMC02464 2011-06-22",0,11,0,0,11,0,1.15909090909091,11,1.23029929839709,0,11,0,0,11,0,0,11,0,0,11,0,0,11,0,0,11,0,0,11,0,0.0909545454545455,11,0.311555277453442,0,11,0,0,11,0,0,11,0,1.15909090909091,1.15909090909091
"SMC02536 2011-06-29",0,11,0,0.697181818181818,11,0.533700716268448,0,11,0,0,11,0,0,11,0,0,11,0,0,11,0,0,11,0,0,11,0,1.36363636363636,11,0.904534033733291,0,11,0,0,11,0,0,11,0,1.5,11,0,0.697181818181818,0.697181818181818
"SMC02548 2010-07-09",0,11,0,0,11,0,0,11,0,0,11,0,0,11,0,0,11,0,0,11,0,0,11,0,0,11,0,0,11,0,0,11,0,0,11,0,0,11,0,0,11,0,0,0
"SMC02563 2010-06-24",0,11,0,0.667,11,0,0,11,0,0,11,0,0,11,0,0,11,0,0,11,0,0,11,0,0,11,0,0.0681818181818182,11,0.452267016866645,0.576045454545455,11,0.311555277453442,0,11,0,0,11,0,0.272727272727273,11,1.21355975243384,0.667,0.667
"SMC02573 2010-06-09",0,11,0,0,11,0,0.136363636363636,11,0.606779876216918,0,11,0,0,11,0,0.3335,11,0,0,11,0,0,11,0,0,11,0,0,11,0,0.0303181818181818,11,0.201108066833368,0,11,0,0,11,0,0,11,0,0.136363636363636,0.136363636363636
"SMC02591 2011-07-21",0,11,0,0,11,0,0.0681818181818182,11,0.452267016866645,0,11,0,0,11,0,0,11,0,0,11,0,0,11,0,0,11,0,0,11,0,0,11,0,0,11,0,0,11,0,0,11,0,0.0681818181818182,0.0681818181818182
"SMC02622 2010-06-15",0,11,0,0,11,0,0,11,0,0,11,0,0,11,0,0,11,0,0,11,0,0,11,0,0,11,0,0.0681818181818182,11,0.452267016866645,0.5,11,0,0,11,0,0,11,0,1.5,11,0,0,0
"SMC02644 2011-06-30",0,11,0,0,11,0,0,11,0,0,11,0,0,11,0,0,11,0,0,11,0,0,11,0,0.303181818181818,11,0.201108066833368,0.0303181818181818,11,0.201108066833368,0.667,11,0,0,11,0,0,11,0,0.636363636363636,11,1.1481209945741,0,0
"SMC02656 2009-06-23",0,11,0,0.363818181818182,11,0.201108066833368,0,11,0,0,11,0,0,11,0,0,11,0,0,11,0,0,11,0,0.954545454545455,11,0.301511344577764,0.272727272727273,11,1.01129979369486,0,11,0,0,11,0,0,11,0,1.5,11,0,0.363818181818182,0.363818181818182
"SMC02749 2011-06-27",0,11,0,0,11,0,0,11,0,0,11,0,0,11,0,0,11,0,0,11,0,0,11,0,0,11,0,0,11,0,0,11,0,0,11,0,0,11,0,0,11,0,0,0
"SMC02804 2011-06-20",0,11,0,0.181909090909091,11,0.348329389567351,0.0454545454545455,11,0.301511344577764,0,11,0,0,11,0,0,11,0,0.3335,11,0,0,11,0,0,11,0,1.5,11,0,0.3335,11,0,0,11,0,0,11,0,1.5,11,0,0.227363636363636,0.227363636363636
"SMC02884 2010-06-23",0,11,0,0,11,0,0.75,11,1.5,0,11,0,0,11,0,0,11,0,0,11,0,0,11,0,0,11,0,0.0303181818181818,11,0.201108066833368,0,11,0,0,11,0,0,11,0,1.0835,11,0,0.75,0.75
"SMC02902 2011-08-02",0,11,0,0.424454545454545,11,0.43132875038547,1.46213636363636,11,0.251158950033277,0,11,0,0,11,0,0,11,0,0,11,0,0,11,0,0.3335,11,0,0,11,0,0,11,0,0,11,0,0,11,0,0.333363636363636,11,0.447213615827848,1.88659090909091,1.88659090909091
"SMC02933 2010-06-01",0,11,0,0,11,0,0,11,0,0,11,0,0,11,0,0,11,0,0.181909090909091,11,0.348329389567351,0,11,0,0,11,0,0,11,0,0,11,0,0,11,0,0,11,0,0,11,0,0,0
"SMC02947 2011-07-12",0,11,0,0.3335,11,0,0.0681818181818182,11,0.452267016866645,0,11,0,0,11,0,0,11,0,0.3335,11,0,0,11,0,0,11,0,0.272727272727273,11,1.01129979369486,0.3335,11,0,0,11,0,0,11,0,1.5,11,0,0.401681818181818,0.401681818181818
"SMC02976 2010-07-27",0,11,0,0,11,0,0,11,0,0,11,0,0,11,0,0,11,0,0,11,0,0,11,0,0,11,0,0,11,0,0,11,0,0,11,0,0,11,0,0,11,0,0,0
"SMC02984 2010-06-23",0,11,0,0.0606363636363636,11,0.402216133666737,1.36363636363636,11,0.904534033733291,0,11,0,0,11,0,0,11,0,0,11,0,0,11,0,0,11,0,0,11,0,0,11,0,0,11,0,0,11,0,1.25,11,0,1.42427272727273,1.42427272727273
"SMC03110 2011-07-26",0,11,0,0,11,0,0.0681818181818182,11,0.452267016866645,0,11,0,0.3335,11,0,0,11,0,0,11,0,0,11,0,0,11,0,0,11,0,0,11,0,0,11,0,0,11,0,0,11,0,0.401681818181818,0.401681818181818
"SMC03133 2010-06-02",0,11,0,0,11,0,0,11,0,0,11,0,0,11,0,0,11,0,0,11,0,0.667,11,0,0,11,0,0,11,0,0,11,0,0,11,0,0,11,0,1.29545454545455,11,0.970004686024295,0,0
"SMC03216 2011-07-27",0,11,0,0,11,0,0.204545454545455,11,0.700649049745371,0,11,0,0,11,0,0,11,0,0,11,0,0,11,0,0,11,0,0,11,0,0,11,0,0,11,0,0,11,0,0,11,0,0.204545454545455,0.204545454545455
"SMC03234 2011-06-28",0,11,0,0,11,0,0,11,0,0,11,0,0,11,0,0,11,0,0,11,0,0,11,0,0,11,0,0,11,0,0,11,0,0,11,0,0,11,0,0,11,0,0,0
"SMC03268 2009-05-28",0,11,0,0,11,0,0,11,0,0,11,0,0,11,0,0,11,0,0,11,0,0,11,0,0,11,0,0,11,0,0.8335,11,0,0.818363636363636,11,0.100403277744395,0,11,0,1.5,11,0,0,0
"SMC03280 2011-08-11",0,11,0,0,11,0,0.181818181818182,11,0.924416277737175,0,11,0,0,11,0,0,11,0,0,11,0,0,11,0,0,11,0,0,11,0,0,11,0,0,11,0,0,11,0,0,11,0,0.181818181818182,0.181818181818182
"SMC03304 2011-06-29",0,11,0,0.121272727272727,11,0.336518161066045,0.0454545454545455,11,0.301511344577764,0,11,0,0,11,0,0,11,0,0.757636363636364,11,0.655937968242286,0,11,0,0,11,0,0.0681818181818182,11,0.452267016866645,0,11,0,0,11,0,0,11,0,1.5,11,0,0.166727272727273,0.166727272727273
"SMC03510 2011-07-21",0,11,0,0,11,0,0,11,0,0,11,0,0,11,0,0,11,0,0,11,0,0,11,0,0,11,0,0,11,0,0,11,0,0,11,0,0,11,0,0,11,0,0,0
"SMC03533 2010-06-01",0,11,0,0,11,0,0.613636363636364,11,1.47247472582106,0,11,0,0,11,0,0,11,0,0,11,0,0,11,0,0,11,0,0,11,0,0.272863636363636,11,0.269814784957789,0,11,0,0,11,0,0,11,0,0.613636363636364,0.613636363636364
"SMC03687 2010-06-02",0,11,0,0.636681818181818,11,0.201108066833368,0,11,0,0,11,0,0,11,0,0,11,0,0,11,0,0,11,0,0.0303181818181818,11,0.201108066833368,0,11,0,0,11,0,0,11,0,0,11,0,1.47727272727273,11,0.150755672288882,0.636681818181818,0.636681818181818
"SMC03944 2010-07-12",0,11,0,0.242545454545455,11,0.311555277453442,0.204545454545455,11,0.700649049745371,0,11,0,0,11,0,0,11,0,0,11,0,0,11,0,0.954590909090909,11,0.155544089043472,0.136363636363636,11,0.606779876216918,0.401681818181818,11,0.452267016866645,0,11,0,0,11,0,1.5,11,0,0.447090909090909,0.447090909090909
"SMC03971 2011-07-11",0,11,0,0.667,11,0,0,11,0,0,11,0,0,11,0,0,11,0,0.667,11,0,0,11,0,0,11,0,0.0681818181818182,11,0.452267016866645,0,11,0,0,11,0,0,11,0,1.5,11,0,0.667,0.667
"SMC03988 2011-06-29",0,11,0,0,11,0,0.204590909090909,11,0.757821854815737,0,11,0,0,11,0,0,11,0,0,11,0,0,11,0,0,11,0,0,11,0,0,11,0,0,11,0,0,11,0,0.0681818181818182,11,0.452267016866645,0.204590909090909,0.204590909090909
"SMC04047 2009-05-14",0,11,0,0,11,0,0,11,0,0,11,0,0,11,0,0,11,0,0,11,0,0,11,0,0,11,0,0,11,0,0.0909545454545455,11,0.311555277453442,0,11,0,0,11,0,0,11,0,0,0
"SMC04054 2009-05-27",0,11,0,0,11,0,1.43181818181818,11,0.452267016866645,0,11,0,0,11,0,0,11,0,0.5,11,0,0,11,0,0,11,0,0,11,0,0.3335,11,0,0,11,0,0,11,0,0,11,0,1.43181818181818,1.43181818181818
"SMC04134 2011-07-26",0,11,0,0,11,0,0,11,0,0,11,0,0,11,0,0,11,0,0,11,0,0,11,0,0.181909090909091,11,0.348329389567351,0,11,0,0,11,0,0,11,0,0,11,0,0,11,0,0,0
"SMC04175 2009-06-11",0,11,0,0,11,0,0,11,0,0,11,0,0,11,0,0,11,0,0,11,0,0,11,0,0,11,0,0,11,0,0,11,0,0,11,0,0,11,0,0,11,0,0,0
"SMC04239 2009-06-11",0,11,0,0,11,0,0.0681818181818182,11,0.452267016866645,0,11,0,0,11,0,0,11,0,0,11,0,0,11,0,0,11,0,0,11,0,0,11,0,0,11,0,0,11,0,0,11,0,0.0681818181818182,0.0681818181818182
"SMC04264 2010-07-09",0,11,0,0.363818181818182,11,0.359753046610386,0.681818181818182,11,1.41581971117281,0,11,0,0,11,0,0,11,0,0.0303181818181818,11,0.201108066833368,0.181863636363636,11,0.433519801372231,0.469863636363636,11,0.417004817935978,0,11,0,0,11,0,0,11,0,0,11,0,0,11,0,1.04563636363636,1.04563636363636
"SMC04308 2009-06-17",0,11,0,0,11,0,1.15909090909091,11,0.78334945180064,0,11,0,0,11,0,0,11,0,0,11,0,0,11,0,0,11,0,0,11,0,0,11,0,0,11,0,0,11,0,0.681818181818182,11,0.233549683248457,1.15909090909091,1.15909090909091
"SMC04383 2010-06-09",0,11,0,0,11,0,0,11,0,0,11,0,0,11,0,0,11,0,0,11,0,0,11,0,0,11,0,0,11,0,0,11,0,0,11,0,0,11,0,0,11,0,0,0
"SMC04399 2009-06-11",0,11,0,0,11,0,0.340909090909091,11,0.78334945180064,0,11,0,0,11,0,0,11,0,0,11,0,0,11,0,0,11,0,0,11,0,0,11,0,0,11,0,0,11,0,0,11,0,0.340909090909091,0.340909090909091
"SMC04426 2011-07-25",0,11,0,0,11,0,0,11,0,0,11,0,0,11,0,0,11,0,0,11,0,0,11,0,0,11,0,0,11,0,0,11,0,0,11,0,0,11,0,0,11,0,0,0
"SMC04661 2011-07-18",0,11,0,0,11,0,0.136363636363636,11,0.606779876216918,0,11,0,0,11,0,0,11,0,0,11,0,0,11,0,0,11,0,0,11,0,0,11,0,0,11,0,0,11,0,0,11,0,0.136363636363636,0.136363636363636
"SMC04682 2011-07-25",0,11,0,0,11,0,0,11,0,0,11,0,0,11,0,0,11,0,0,11,0,0,11,0,0,11,0,0,11,0,0,11,0,0,11,0,0,11,0,0,11,0,0,0
"SMC04748 2009-07-02",0,11,0,0,11,0,0,11,0,0,11,0,0,11,0,0,11,0,0,11,0,0,11,0,0,11,0,0,11,0,0,11,0,0.212227272727273,11,0.336518161066045,0,11,0,0,11,0,0,0
"SMC04749 2009-06-23",0,11,0,0.454590909090909,11,0.155544089043472,1.46213636363636,11,0.251158950033277,0,11,0,0,11,0,0,11,0,0.0909090909090909,11,0.404519917477945,0,11,0,0.0454545454545455,11,0.301511344577764,1.15922727272727,11,0.336965091259128,0.530318181818182,11,0.201108066833368,0,11,0,0.204545454545455,11,0.970004686024295,1.0835,11,0,1.91672727272727,1.91672727272727
"SMC04756 2010-07-07",0,11,0,0,11,0,0.272727272727273,11,1.21355975243384,0,11,0,0,11,0,0.667,11,0,0,11,0,0,11,0,0,11,0,0,11,0,0,11,0,0,11,0,0,11,0,0,11,0,0.272727272727273,0.272727272727273
"SMC04795 2011-07-14",0,11,0,0,11,0,0,11,0,0,11,0,0,11,0,0,11,0,0,11,0,0,11,0,0,11,0,0,11,0,0,11,0,0,11,0,0,11,0,0,11,0,0,0
"SMC04932 2010-07-12",0,11,0,0,11,0,0.0681818181818182,11,0.452267016866645,0,11,0,0,11,0,0,11,0,0,11,0,0,11,0,0,11,0,0.0681818181818182,11,0.452267016866645,0,11,0,0.3335,11,0,0,11,0,0.469863636363636,11,0.606779876216918,0.0681818181818182,0.0681818181818182
"SMC05109 2009-06-23",0.151545454545455,11,0.690583152784001,0,11,0,0.613636363636364,11,1.31079434625795,0,11,0,0,11,0,0,11,0,0.348636363636364,11,0.100403277744395,0,11,0,0,11,0,0,11,0,0.424454545454545,11,0.67303632213209,0,11,0,0,11,0,0,11,0,0.613636363636364,0.613636363636364
"SMC05199 2011-07-06",0,11,0,0.0303181818181818,11,0.201108066833368,0.386363636363636,11,1.1481209945741,0,11,0,0,11,0,0,11,0,0,11,0,0,11,0,0,11,0,0,11,0,0,11,0,0.0303181818181818,11,0.201108066833368,0,11,0,0,11,0,0.416681818181818,0.416681818181818
"SMC05243 2010-06-10",0,11,0,0,11,0,1.5,11,0,0,11,0,0,11,0,0,11,0,0,11,0,0,11,0,0,11,0,0,11,0,0,11,0,0,11,0,0,11,0,0,11,0,1.5,1.5
"SMC05402 2011-07-28",0,11,0,0,11,0,0,11,0,0,11,0,0,11,0,0,11,0,0,11,0,0,11,0,0,11,0,0,11,0,0,11,0,0,11,0,0,11,0,0,11,0,0,0
"SMC05407 2011-07-21",0,11,0,0,11,0,0.545454545454545,11,1.35680105059994,0,11,0,0,11,0,0,11,0,0,11,0,0,11,0,0,11,0,0,11,0,0,11,0,0,11,0,0,11,0,0,11,0,0.545454545454545,0.545454545454545
"SMC05524 2011-06-30",0,11,0,0,11,0,0.75,11,1.34164078649987,0,11,0,0,11,0,0.3335,11,0,0,11,0,0,11,0,0,11,0,1.27272727272727,11,0.960586941784695,0.181818181818182,11,0.504524979109513,0,11,0,0,11,0,1.5,11,0,0.75,0.75
"SMC05702 2010-06-07",0,11,0,0.242545454545455,11,0.311555277453442,0.409090909090909,11,1.03132747642849,0,11,0,0,11,0,0,11,0,0,11,0,0,11,0,0.242545454545455,11,0.311555277453442,0,11,0,0.394045454545455,11,0.168006818043468,0,11,0,0,11,0,0.272727272727273,11,0.756787468664269,0.651636363636364,0.651636363636364
"SMC05759 2010-06-21",0,11,0,0,11,0,0,11,0,0,11,0,0,11,0,0,11,0,0,11,0,0,11,0,0,11,0,0,11,0,0,11,0,0,11,0,0,11,0,0,11,0,0,0
"SMC06019 2010-06-17",0,11,0,0.136363636363636,11,0.904534033733291,0,11,0,0,11,0,0,11,0,0,11,0,0,11,0,0,11,0,0,11,0,0.545454545454545,11,0.970004686024295,0,11,0,0,11,0,0,11,0,1.36363636363636,11,0.904534033733291,0.136363636363636,0.136363636363636
"SMC06216 2009-05-26",0,11,0,0,11,0,0.340909090909091,11,1.03132747642849,0,11,0,0,11,0,0,11,0,0,11,0,0,11,0,0,11,0,0,11,0,0,11,0,0,11,0,0,11,0,0,11,0,0.340909090909091,0.340909090909091
"SMC06458 2010-06-06",0,11,0,1,11,0,0.454545454545455,11,0.301511344577764,0,11,0,0,11,0,0,11,0,0.545454545454545,11,0.301511344577764,0,11,0,0,11,0,0.0681818181818182,11,0.452267016866645,0,11,0,0,11,0,0,11,0,1.5,11,0,1.45454545454545,1.45454545454545
"SMC06467 2010-06-28",0,11,0,0,11,0,0,11,0,0,11,0,0,11,0,0,11,0,0,11,0,0,11,0,0,11,0,0,11,0,0,11,0,0,11,0,0,11,0,0,11,0,0,0
"SMC06653 2010-07-01",0,11,0,0,11,0,0,11,0,0,11,0,0,11,0,0,11,0,0,11,0,0,11,0,0.2425,11,0.621349177194273,0,11,0,0.197045454545455,11,0.533859617230121,0,11,0,0,11,0,0,11,0,0,0
"SMC06714 2010-06-06",0,11,0,0.3335,11,0.421847839866462,0,11,0,0,11,0,0,11,0,0,11,0,0,11,0,0.371363636363636,11,0.251158950033277,0,11,0,0,11,0,0,11,0,0,11,0,0,11,0,0,11,0,0.3335,0.3335
"SMC06863 2011-07-21",0,11,0,0,11,0,0.0681818181818182,11,0.452267016866645,0,11,0,0,11,0,0,11,0,0,11,0,0,11,0,0,11,0,0,11,0,0.3335,11,0,0,11,0,0,11,0,0.0454545454545455,11,0.301511344577764,0.0681818181818182,0.0681818181818182
"SMC06926 2009-07-01",0,11,0,0.197045454545455,11,0.611542223324842,0,11,0,0,11,0,0,11,0,0,11,0,0.0303181818181818,11,0.201108066833368,0,11,0,0.318181818181818,11,0.636038878171338,0,11,0,0,11,0,0,11,0,0.0909090909090909,11,0.404519917477945,0.886363636363636,11,1.47247472582106,0.197045454545455,0.197045454545455
"SMC08150 2010-06-03",0.401590909090909,11,0.968469598715604,0,11,0,0.204545454545455,11,0.700649049745371,0,11,0,0,11,0,0,11,0,0.3335,11,0,0,11,0,0,11,0,0,11,0,0,11,0,0,11,0,1.39395454545455,11,0.380667953614552,0.219772727272727,11,0.484689872730257,0.204545454545455,0.204545454545455
"SMC08335 2010-07-07",0,11,0,0,11,0,0,11,0,0,11,0,0,11,0,0,11,0,0,11,0,0,11,0,0,11,0,0.0681818181818182,11,0.452267016866645,0,11,0,0,11,0,0,11,0,0.106090909090909,11,0.373436157376818,0,0
"SMC08426 2010-06-08",0,11,0,0,11,0,0,11,0,0.0454545454545455,11,0.301511344577764,0.0303181818181818,11,0.201108066833368,0,11,0,0,11,0,0.492454545454545,11,0.44376490499936,0,11,0,0.0681818181818182,11,0.452267016866645,0,11,0,0,11,0,0.0909545454545455,11,0.311555277453442,0.136363636363636,11,0.606779876216918,0.0757727272727273,0.0757727272727273
"SMC08766 2009-05-26",0,11,0,0,11,0,0.136363636363636,11,0.606779876216918,0,11,0,0,11,0,0,11,0,0,11,0,0,11,0,1.5,11,0,0,11,0,0,11,0,0,11,0,0,11,0,0,11,0,0.136363636363636,0.136363636363636
"SMC08845 2009-06-22",0,11,0,0.121272727272727,11,0.336518161066045,1.5,11,0,0,11,0,0,11,0,0,11,0,0.151590909090909,11,0.348329389567351,0,11,0,0.409181818181818,11,0.173903578299742,1.06072727272727,11,0.395075780993055,0.530318181818182,11,0.201108066833368,0,11,0,0,11,0,0.985045454545455,11,0.348033462341038,1.62127272727273,1.62127272727273
"SMC09162 2011-08-01",0,11,0,0.0303181818181818,11,0.201108066833368,0.0909090909090909,11,0.404519917477945,0,11,0,0,11,0,0,11,0,0,11,0,0,11,0,0,11,0,0,11,0,0,11,0,0,11,0,0,11,0,0,11,0,0.121227272727273,0.121227272727273
"SMC09286 2010-06-09",0.5,11,0,0,11,0,1.5,11,0,0,11,0,0,11,0,0,11,0,0,11,0,0,11,0,0.3335,11,0,0,11,0,0.3335,11,0,0,11,0,0,11,0,1,11,0,1.5,1.5
"SMC09534 2009-06-17",0,11,0,0,11,0,0.204545454545455,11,0.970004686024295,0,11,0,0,11,0,0,11,0,0.3335,11,0,0,11,0,0,11,0,0.136363636363636,11,0.606779876216918,0,11,0,0,11,0,0,11,0,1.5,11,0,0.204545454545455,0.204545454545455
"SMC09564 2010-06-01",0,11,0,0,11,0,0.545454545454545,11,1.24133359372454,0,11,0,0,11,0,0,11,0,0,11,0,0,11,0,0,11,0,0,11,0,0,11,0,0,11,0,0,11,0,0,11,0,0.545454545454545,0.545454545454545
"SMC09591 2010-06-03",0,11,0,0,11,0,0.0681818181818182,11,0.452267016866645,0,11,0,0,11,0,0,11,0,0,11,0,0,11,0,0,11,0,0,11,0,0,11,0,0,11,0,0,11,0,0,11,0,0.0681818181818182,0.0681818181818182
"SMC09698 2010-06-09",0,11,0,0.485090909090909,11,0.458596951185203,0.0681818181818182,11,0.452267016866645,0,11,0,0,11,0,0,11,0,0,11,0,0,11,0,0,11,0,0,11,0,0.0606363636363636,11,0.269814784957789,0,11,0,0,11,0,0,11,0,0.553272727272727,0.553272727272727
"SMC10146 2011-06-28",0,11,0,0,11,0,0,11,0,0,11,0,0,11,0,0,11,0,0,11,0,0,11,0,0,11,0,0,11,0,0.3335,11,0,0,11,0,0,11,0,0,11,0,0,0
"SMC10189 2010-06-24",0,11,0,0,11,0,0,11,0,0,11,0,0,11,0,0,11,0,0,11,0,0,11,0,0,11,0,0,11,0,0.742681818181818,11,0.173903578299742,0,11,0,0.742681818181818,11,0.173903578299742,0,11,0,0,0
"SMC10685 2010-07-01",0,11,0,0,11,0,0,11,0,0,11,0,0,11,0,0,11,0,0,11,0,0,11,0,0,11,0,0,11,0,0.272863636363636,11,0.269814784957789,0,11,0,0,11,0,0.303181818181818,11,0.201108066833368,0,0
"SMC11394 2011-06-30",0,11,0,0,11,0,0,11,0,0,11,0,0,11,0,0,11,0,0,11,0,0,11,0,0,11,0,0,11,0,0,11,0,0,11,0,0,11,0,0,11,0,0,0
"SMC11581 2009-06-29",0,11,0,1,11,0,0,11,0,0,11,0,0,11,0,0,11,0,0,11,0,0,11,0,1,11,0,0,11,0,0,11,0,0,11,0,0,11,0,1.5,11,0,1,1
"SMC11727 2010-06-09",0,11,0,0,11,0,0.0681818181818182,11,0.452267016866645,0,11,0,0,11,0,0.3335,11,0,0,11,0,0,11,0,0,11,0,0,11,0,0,11,0,0,11,0,0,11,0,0,11,0,0.0681818181818182,0.0681818181818182
"SMC12862 2011-06-27",0,11,0,0.0909545454545455,11,0.311555277453442,0,11,0,0,11,0,0,11,0,0,11,0,0,11,0,0,11,0,0.0909545454545455,11,0.311555277453442,0.0681818181818182,11,0.452267016866645,0.0303181818181818,11,0.201108066833368,0,11,0,0,11,0,1.5,11,0,0.0909545454545455,0.0909545454545455
"SMC15677 2009-06-29",0,11,0,1,11,0,0,11,0,0,11,0,0,11,0,0,11,0,0,11,0,0,11,0,0.954545454545455,11,0.301511344577764,0,11,0,0,11,0,0,11,0,0,11,0,1.5,11,0,1,1
"SMC16266 2011-08-01",0,11,0,0.181909090909091,11,0.348329389567351,0.0681818181818182,11,0.452267016866645,0,11,0,0,11,0,0,11,0,0,11,0,0,11,0,0,11,0,0,11,0,0.0606363636363636,11,0.269814784957789,0,11,0,0,11,0,0.197,11,0.467138309283236,0.250090909090909,0.250090909090909
"SMC16832 2010-06-18",0,11,0,0.667,11,0,0,11,0,0,11,0,0,11,0,0,11,0,0.3335,11,0,0,11,0,0,11,0,0,11,0,0.667,11,0,0,11,0,0,11,0,0,11,0,0.667,0.667
"SMC16980 2011-07-06",0,11,0,0,11,0,0.136363636363636,11,0.904534033733291,0,11,0,0,11,0,0,11,0,0,11,0,0,11,0,0,11,0,0,11,0,0.151590909090909,11,0.348329389567351,0,11,0,0,11,0,0.0681818181818182,11,0.452267016866645,0.136363636363636,0.136363636363636
"SMC17056 2009-07-02",0,11,0,0,11,0,0,11,0,0,11,0,0,11,0,0,11,0,0,11,0,0,11,0,0,11,0,0,11,0,0,11,0,0,11,0,0,11,0,0,11,0,0,0
"SMC20032 2010-06-18",0.272727272727273,11,1.21355975243384,0.667,11,0,0.204545454545455,11,0.970004686024295,0,11,0,0,11,0,0,11,0,0,11,0,0,11,0,0,11,0,0,11,0,0.667,11,0,0,11,0,0,11,0,0,11,0,0.871545454545455,0.871545454545455
"SMC21822 2010-06-21",0,11,0,0,11,0,0.659090909090909,11,1.05528970602217,0,11,0,0,11,0,0,11,0,0,11,0,0,11,0,0,11,0,0,11,0,0,11,0,0,11,0,0,11,0,0.272727272727273,11,0.756787468664269,0.659090909090909,0.659090909090909
"SMC24222 2010-06-21",0,11,0,0,11,0,0.704545454545455,11,1.13618180363404,0,11,0,0,11,0,0,11,0,0,11,0,0,11,0,0,11,0,0,11,0,0,11,0,0,11,0,0,11,0,0,11,0,0.704545454545455,0.704545454545455
"SMC25288 2011-06-30",0,11,0,0,11,0,0.0681818181818182,11,0.452267016866645,0,11,0,0,11,0,0,11,0,0,11,0,0,11,0,0,11,0,0,11,0,0,11,0,0,11,0,0,11,0,0,11,0,0.0681818181818182,0.0681818181818182
"SMC26288 2009-05-12",0,11,0,0,11,0,0,11,0,0,11,0,0,11,0,0,11,0,0,11,0,0,11,0,0,11,0,0,11,0,0,11,0,0,11,0,0,11,0,0,11,0,0,0
"SMC26909 2010-05-31",0,11,0,0,11,0,1.5,11,0,0,11,0,0,11,0,0,11,0,0,11,0,0,11,0,0,11,0,0,11,0,0.0303181818181818,11,0.201108066833368,0,11,0,0,11,0,0,11,0,1.5,1.5
"SMC27709 2010-05-31",0,11,0,0,11,0,1.5,11,0,0,11,0,0,11,0,0,11,0,0,11,0,0,11,0,0,11,0,0,11,0,0.3335,11,0,0,11,0,0,11,0,0,11,0,1.5,1.5
"SMC32718 2010-06-03",0,11,0,0,11,0,0.0681818181818182,11,0.452267016866645,0,11,0,0,11,0,0,11,0,0,11,0,0,11,0,0,11,0,0,11,0,0.5,11,0,0,11,0,0,11,0,0.204545454545455,11,0.700649049745371,0.0681818181818182,0.0681818181818182
"SMC32897 2010-06-21",0,11,0,0.303181818181818,11,0.201108066833368,0.863636363636364,11,0.983962305264698,0,11,0,0,11,0,0,11,0,0,11,0,0,11,0,0,11,0,0.340909090909091,11,1.03132747642849,0.522727272727273,11,0.150755672288882,0,11,0,0,11,0,0.75,11,0,1.16681818181818,1.16681818181818
"SMC34888 2010-06-24",0,11,0,0,11,0,0,11,0,0,11,0,0,11,0,0,11,0,0,11,0,0,11,0,0,11,0,0,11,0,0.3335,11,0,0,11,0,0,11,0,0,11,0,0,0
"SMC35697 2010-06-10",0,11,0,0,11,0,1.29545454545455,11,0.970004686024295,0,11,0,0,11,0,0,11,0,0.121227272727273,11,0.424059279732531,0,11,0,0,11,0,0,11,0,0,11,0,0,11,0,0,11,0,0.393954545454545,11,0.715267845571916,1.29545454545455,1.29545454545455
"SMCR8_020 2011-07-12",0,11,0,0,11,0,0.0681818181818182,11,0.452267016866645,0,11,0,0,11,0,0,11,0,0,11,0,0,11,0,0,11,0,0,11,0,0,11,0,0,11,0,0,11,0,0,11,0,0.0681818181818182,0.0681818181818182
"SMCR8_026 2009-05-31",0,6,NA,0,6,NA,0.389083333333333,6,NA,0,6,NA,0,6,NA,0,6,NA,0,6,NA,0,6,NA,0,6,NA,0,6,NA,0,6,NA,0,6,NA,0,6,NA,0,6,NA,0.389083333333333,0.389083333333333
"SMCR8_105 2011-07-14",0,11,0,0,11,0,0.674272727272727,11,1.24600291842647,0,11,0,0,11,0,0,11,0,0.924409090909091,11,0.579264674942607,0,11,0,0,11,0,0.0681818181818182,11,0.452267016866645,0,11,0,0,11,0,0,11,0,0,11,0,0.674272727272727,0.674272727272727
"SMCR8_116 2011-07-25",0,11,0,0,11,0,1.5,11,0,0,11,0,0,11,0,0,11,0,0,11,0,0,11,0,0,11,0,0,11,0,0.0303181818181818,11,0.201108066833368,0,11,0,0,11,0,0,11,0,1.5,1.5
"SMCR8_124 2009-06-24",0,11,0,0,11,0,0,11,0,0,11,0,0,11,0,0,11,0,0,11,0,0,11,0,0,11,0,0,11,0,0.3335,11,0,0,11,0,0,11,0,0,11,0,0,0
"SMCR8_131 2009-06-16",0,11,0,0,11,0,0,11,0,0,11,0,0,11,0,0,11,0,0,11,0,0,11,0,0,11,0,0,11,0,0,11,0,0,11,0,0,11,0,0,11,0,0,0
"SMCR8_175 2009-06-09",0,11,0,0.667,11,0,1.5,10,NA,0,11,0,0,11,0,0,11,0,0.606363636363636,11,0.402216133666737,0,11,0,0.667,11,0,0.3,10,NA,0,11,0,0,11,0,0,11,0,1.42427272727273,11,0.502317900066554,2.167,2.167
"SMCR8_179 2009-06-01",0,11,0,0,11,0,0.0303181818181818,11,0.201108066833368,0,11,0,0,11,0,0,11,0,0,11,0,0,11,0,0,11,0,0,11,0,0,11,0,0,11,0,0,11,0,0,11,0,0.0303181818181818,0.0303181818181818
"SMCR8_184 2009-07-07",0,11,0,0,11,0,0,11,0,0,11,0,0,11,0,0,11,0,0,11,0,0,11,0,0,11,0,0,11,0,0,11,0,0,11,0,0,11,0,0,11,0,0,0
"SMCR8_191 2009-06-02",0,11,0,0,11,0,0.0606363636363636,11,0.402216133666737,0,11,0,0,11,0,0,11,0,0,11,0,0,11,0,0,11,0,0,11,0,0,11,0,0,11,0,0,11,0,0.10005,10,NA,0.0606363636363636,0.0606363636363636
"SMCR8_196 2009-05-24",0,11,0,0,11,0,0,11,0,0,11,0,0,11,0,0,11,0,0,11,0,0,11,0,0,11,0,0.0606363636363636,11,0.269814784957789,0,11,0,0,11,0,0,11,0,0,11,0,0,0
"SMCR8_197 2009-06-04",0,11,0,0.3335,11,0,0,11,0,0,11,0,0,11,0,0,11,0,0,11,0,0,11,0,0,11,0,0,11,0,0.3335,11,0,0,11,0,0,11,0,0.667,11,0,0.3335,0.3335
"SMCR8_197 2011-07-11",0,11,0,0.3335,11,0,0,11,0,0,11,0,0,11,0,0,11,0,0,11,0,0,11,0,0.303181818181818,11,0.201108066833368,0,11,0,0.0303181818181818,11,0.201108066833368,0,11,0,0,11,0,0,11,0,0.3335,0.3335
"SMCR8_207 2009-06-07",0,11,0,0,11,0,0.106090909090909,11,0.373436157376818,0,11,0,0,11,0,0,11,0,0,11,0,0,11,0,0,11,0,0,11,0,0.3335,11,0,0,11,0,0,11,0,0,11,0,0.106090909090909,0.106090909090909
"SMCR8_218 2009-06-23",0,11,0,0,11,0,0,11,0,0,11,0,0,11,0,0,11,0,0,11,0,0,11,0,0,11,0,0,11,0,0,11,0,0,11,0,0,11,0,0,11,0,0,0
"SMCR8_219 2009-07-06",0,11,0,0,11,0,0,11,0,0,11,0,0,11,0,0,11,0,0,11,0,0,11,0,0,11,0,0,11,0,0,11,0,0,11,0,0,11,0,0,11,0,0,0
"SMCR8_229 2009-06-01",0,10,NA,0,11,0,0.424454545454545,11,0.43132875038547,0,10,NA,0,10,NA,0,10,NA,0,10,NA,0,10,NA,0,11,0,0,11,0,0,11,0,0,10,NA,0,10,NA,0,11,0,0.424454545454545,0.424454545454545
"SMCR8_240 2010-06-23",0,11,0,0,11,0,0,11,0,0,11,0,0,11,0,0,11,0,0,11,0,0,11,0,0,11,0,0,11,0,0,11,0,0,11,0,0,11,0,0,11,0,0,0
"SMCR8_254 2009-06-16",0,11,0,0,11,0,0,11,0,0,11,0,0,11,0,0,11,0,0,11,0,0,11,0,0,11,0,0,11,0,0,11,0,0,11,0,0,11,0,0,11,0,0,0
"SMCR8_254 2011-07-19",0,11,0,0,11,0,0,11,0,0,11,0,0,11,0,0,11,0,0,11,0,0,11,0,0,11,0,0,11,0,0,11,0,0,11,0,0,11,0,0,11,0,0,0
"SMCR8_262 2009-06-07",0,11,0,0.121272727272727,11,0.336518161066045,1.5,11,0,0,11,0,0,11,0,0,11,0,0,11,0,0,11,0,0,11,0,0,11,0,0.3335,11,0,0,11,0,0,11,0,0,11,0,1.62127272727273,1.62127272727273
"SMCR8_274 2010-06-17",0.667,11,0,0,11,0,0.204545454545455,11,0.700649049745371,0,11,0,0,11,0,0,11,0,0,11,0,0,11,0,0,11,0,0,11,0,0.242545454545455,11,0.67303632213209,0,11,0,0,11,0,0,11,0,0.204545454545455,0.204545454545455
"SMCR8_275 2009-06-09",0,11,0,0.363818181818182,11,0.201108066833368,1.5,11,0,0,11,0,0,11,0,0,11,0,0,11,0,0,11,0,0.667,10,NA,0,11,0,0.3335,11,0,0,11,0,0,11,0,1.5,11,0,1.86381818181818,1.86381818181818
"SMCR8_289 2009-06-03",0,11,0,0,11,0,0.0303181818181818,11,0.201108066833368,0,11,0,0,11,0,0,11,0,0,11,0,0,11,0,0,11,0,0,11,0,0.3335,11,0,0,11,0,0,11,0,0,11,0,0.0303181818181818,0.0303181818181818
"SMCR8_299 2009-06-09",0,11,0,0.667,11,0,0.667,11,0,0,11,0,0,11,0,0,11,0,0,11,0,0,11,0,0.667,11,0,0,11,0,0.667,11,0,0,11,0,0,11,0,0.0303181818181818,11,0.201108066833368,1.334,1.334
"SMCR8_312 2009-06-14",0,11,0,0,11,0,0.0303181818181818,11,0.201108066833368,0,11,0,0,11,0,0,11,0,0,11,0,0,11,0,0,11,0,0,11,0,0,11,0,0,11,0,0,11,0,0,11,0,0.0303181818181818,0.0303181818181818
"SMCR8_312 2011-07-26",0,11,0,0,11,0,1.02272727272727,11,1.21355975243384,0,11,0,0,11,0,0,11,0,0,11,0,0,11,0,0,11,0,0,11,0,0,11,0,0,11,0,0,11,0,0,11,0,1.02272727272727,1.02272727272727
"SMCR8_317 2009-06-03",0,11,0,0,11,0,0,11,0,0,11,0,0,11,0,0,11,0,0,11,0,0,11,0,0,11,0,0,11,0,0,11,0,0,11,0,0,11,0,0,11,0,0,0
"SMCR8_327 2009-06-28",0,11,0,0,11,0,0,11,0,0,11,0,0,11,0,0,11,0,0,11,0,0,11,0,0,11,0,0,11,0,0,11,0,0,11,0,0,11,0,0,11,0,0,0
"SMCR8_333 2009-06-17",0,11,0,0,11,0,0,11,0,0,11,0,0,11,0,0,11,0,0,11,0,0,11,0,0,11,0,0,11,0,0,11,0,0,11,0,0,11,0,0,11,0,0,0
"SMCR8_339 2009-06-08",0,9,NA,0,10,NA,0.75,9,NA,0,9,NA,0,9,NA,0,9,NA,0,9,NA,0,9,NA,0,10,NA,0,10,NA,0,10,NA,0,9,NA,0,9,NA,0,10,NA,0.75,0.75
"SMCR8_339 2011-07-25",0,11,0,0,11,0,1.22727272727273,11,1.21355975243384,0,11,0,0,11,0,0,11,0,0,11,0,0,11,0,0,11,0,0,11,0,0,11,0,0,11,0,0,11,0,0,11,0,1.22727272727273,1.22727272727273
"SMCR8_344 2009-06-15",0,11,0,0,11,0,0,11,0,0,11,0,0,11,0,0,11,0,0,11,0,0,11,0,0,11,0,0,11,0,0,11,0,0,11,0,0,11,0,0,11,0,0,0
"SMCR8_356 2010-06-10",0,11,0,0,11,0,0.204545454545455,11,0.970004686024295,0,11,0,0,11,0,0,11,0,0,11,0,0,11,0,0,11,0,0,11,0,0,11,0,0,11,0,0,11,0,0,11,0,0.204545454545455,0.204545454545455
"SMCR8_376 2009-06-11",0,11,0,0.3335,11,0,0.181909090909091,11,0.458596951185203,0,11,0,0,11,0,0,11,0,0,11,0,0,11,0,0,11,0,0,11,0,0.3335,11,0,0,11,0,0,11,0,0,11,0,0.515409090909091,0.515409090909091
"SMCR8_396 2010-05-27",0,11,0,0,11,0,0.340909090909091,11,1.23029929839709,0,11,0,0,11,0,0,11,0,0,11,0,0,11,0,0,11,0,0,11,0,0,11,0,0,11,0,0,11,0,0,11,0,0.340909090909091,0.340909090909091
"SMCR8_404 2011-06-15",0,11,0,0.3335,11,0,0,11,0,0,11,0,0,11,0,0,11,0,0,11,0,0,11,0,0.0303181818181818,11,0.201108066833368,0,11,0,0.3335,11,0,0,11,0,0,11,0,0,11,0,0.3335,0.3335
"SMCR8_407 2010-06-21",0,11,0,0,11,0,0.409090909090909,11,1.03132747642849,0,11,0,0,11,0,0,11,0,0,11,0,0,11,0,0,11,0,0,11,0,0.3335,11,0,0,11,0,0,11,0,0,11,0,0.409090909090909,0.409090909090909
"SMCR8_415 2009-07-08",0,11,0,0,11,0,0.0909545454545455,11,0.43132875038547,0,11,0,0,11,0,0,11,0,0,11,0,0,11,0,0,11,0,0,11,0,0,11,0,0,11,0,0,11,0,0,11,0,0.0909545454545455,0.0909545454545455
"SMCR8_418 2009-06-08",0,11,0,0.667,11,0,1.27272727272727,11,0.789130706998069,0,11,0,0,11,0,0,11,0,1,10,NA,0,11,0,0.454772727272727,11,0.539629569915579,0,9,NA,0,8,NA,0,11,0,0,11,0,0,9,NA,1.93972727272727,1.93972727272727
"SMCR8_418 2011-07-13",0,11,0,0,11,0,1.43181818181818,11,0.452267016866645,0,11,0,0,11,0,0,11,0,0.682136363636364,11,0.100403277744395,0,11,0,0,11,0,0.113636363636364,11,0.517862740677313,0,11,0,0,11,0,0,11,0,0,11,0,1.43181818181818,1.43181818181818
"SMCR8_436 2010-06-23",0,11,0,0,11,0,0,11,0,0,11,0,0,11,0,0,11,0,0,11,0,0,11,0,0,11,0,0,11,0,0,11,0,0,11,0,0,11,0,0,11,0,0,0
"SMCR8_439 2011-06-08",0,11,0,0.667,11,0,1.5,11,0,0,11,0,0,11,0,0,11,0,0,11,0,0,11,0,0,11,0,0,11,0,0,11,0,0,11,0,0,11,0,0,11,0,2.167,2.167
"SMCR8_445 2010-06-24",0,11,0,0,11,0,0,11,0,0,11,0,0,11,0,0,11,0,0,11,0,0,11,0,0,11,0,0,11,0,0,11,0,0,11,0,0,11,0,0,11,0,0,0
"SMCR8_453 2011-07-12",0,11,0,0,11,0,0.272727272727273,11,1.01129979369486,0,11,0,0,11,0,0,11,0,0,11,0,0,11,0,0,11,0,0,11,0,0.0303181818181818,11,0.201108066833368,0,11,0,0,11,0,0,11,0,0.272727272727273,0.272727272727273
"SMCR8_467 2011-06-09",0,11,0,0,11,0,1.5,11,0,0,11,0,0,11,0,0,11,0,0,11,0,0,11,0,0,11,0,0,11,0,0.667,11,0,0,11,0,0,11,0,0,11,0,1.5,1.5
"SMCR8_474 2009-07-05",0,11,0,0.272863636363636,11,0.500755048084209,0.181909090909091,11,0.623110554906883,0,11,0,0,11,0,0,11,0,0,11,0,0,11,0,0,11,0,0,11,0,0,11,0,0,11,0,0,11,0,0,11,0,0.454772727272727,0.454772727272727
"SMCR8_483 2011-06-06",0,11,0,0,11,0,0.886363636363636,11,1.31079434625795,0,11,0,0,11,0,0,11,0,0,11,0,0,11,0,0,11,0,0,11,0,0.121272727272727,11,0.336518161066045,0,11,0,0,11,0,0,11,0,0.886363636363636,0.886363636363636
"SMCR8_494 2011-06-20",0,11,0,0,11,0,0.136363636363636,11,0.904534033733291,0,11,0,0,11,0,0,11,0,0,11,0,0,11,0,0,11,0,0,11,0,0,11,0,0,11,0,0,11,0,0,11,0,0.136363636363636,0.136363636363636
"SMCR8_501 2011-06-14",0,11,0,0,11,0,0.204545454545455,11,0.700649049745371,0,11,0,0,11,0,0,11,0,0,11,0,0,11,0,0,11,0,0,11,0,0,11,0,0,11,0,0,11,0,0,11,0,0.204545454545455,0.204545454545455
"SMCR8_511 2011-06-09",0,11,0,0,11,0,1.5,11,0,0,11,0,0,11,0,0,11,0,0,11,0,0,11,0,0,11,0,0,11,0,0,11,0,0,11,0,0,11,0,0,11,0,1.5,1.5
"SMCR8_512 2011-07-19",0,11,0,0,11,0,0,11,0,0,11,0,0,11,0,0,11,0,0,11,0,0,11,0,0,11,0,0,11,0,0,11,0,0,11,0,0,11,0,0,11,0,0,0
"SMCR8_513 2009-06-22",0,11,0,0,11,0,0.0303181818181818,11,0.201108066833368,0,11,0,0,11,0,0,11,0,0,11,0,0,11,0,0,11,0,0,11,0,0,11,0,0,11,0,0,11,0,0,11,0,0.0303181818181818,0.0303181818181818
"SMCR8_521 2011-06-06",0,11,0,0,11,0,1.43181818181818,11,0.452267016866645,0,11,0,0,11,0,0.3335,11,0,0.3335,11,0,0,11,0,0,11,0,0,11,0,0,11,0,0,11,0,0,11,0,0,11,0,1.43181818181818,1.43181818181818
"SMCR8_528 2011-07-11",0,11,0,0,11,0,0.204545454545455,11,0.970004686024295,0,11,0,0,11,0,0,11,0,0,11,0,0,11,0,0,11,0,0,11,0,0,11,0,0,11,0,0,11,0,0,11,0,0.204545454545455,0.204545454545455
"SMCR8_533 2011-06-07",0,11,0,0,11,0,0.204545454545455,11,0.700649049745371,0,11,0,0,11,0,0,11,0,0,11,0,0,11,0,0,11,0,0,11,0,0,11,0,0,11,0,0,11,0,0,11,0,0.204545454545455,0.204545454545455
"SMCR8_549 2011-06-13",0,11,0,0.363818181818182,11,0.201108066833368,1.5,11,0,0,11,0,0,11,0,0,11,0,0.3335,11,0,0,11,0,0,11,0,0,11,0,0,11,0,0,11,0,0,11,0,0,11,0,1.86381818181818,1.86381818181818
"SMCR8_558 2011-08-08",0,11,0,0.3335,11,0,1.36363636363636,11,0.904534033733291,0,11,0,0,11,0,0,11,0,0,11,0,0,11,0,0.3335,11,0,0.136363636363636,11,0.904534033733291,0,11,0,0,11,0,0,11,0,0,11,0,1.69713636363636,1.69713636363636
"SMCR8_566 2011-06-15",0,11,0,0,11,0,1.5,11,0,0,11,0,0,11,0,0,11,0,0,11,0,0.606363636363636,11,0.402216133666737,0,11,0,0,11,0,0,11,0,0,11,0,0,11,0,0,11,0,1.5,1.5
"SMCR8_572 2009-06-30",0,11,0,0,11,0,0.5917,10,NA,0,11,0,0,11,0,0,11,0,0,11,0,0,11,0,0.212227272727273,11,0.336518161066045,0,11,0,0,11,0,0,11,0,0,11,0,0,11,0,0.5917,0.5917
"SMCR8_575 2011-06-07",0,11,0,0,11,0,0,11,0,0,11,0,0,11,0,0,11,0,0,11,0,0,11,0,0,11,0,0,11,0,0,11,0,0,11,0,0,11,0,0,11,0,0,0
"SMCR8_590 2011-07-20",0,11,0,0,11,0,0,11,0,0,11,0,0,11,0,0,11,0,0,11,0,0,11,0,0,11,0,0,11,0,0,11,0,0,11,0,0,11,0,0,11,0,0,0
"SMCR8_593 2011-06-13",0,11,0,0.363818181818182,11,0.201108066833368,1.5,11,0,0,11,0,0,11,0,0,11,0,0,11,0,0,11,0,0,11,0,0,11,0,0.3335,11,0,0,11,0,0,11,0,0,11,0,1.86381818181818,1.86381818181818
"SMCR8_594 2011-06-20",0,11,0,0,11,0,0.0681818181818182,11,0.452267016866645,0,11,0,0,11,0,0,11,0,0,11,0,0,11,0,0,11,0,0,11,0,0,11,0,0,11,0,0,11,0,0,11,0,0.0681818181818182,0.0681818181818182
"SMCR8_598 2010-06-15",0,11,0,0,11,0,0,11,0,0,11,0,0,11,0,0,11,0,0,11,0,0,11,0,0,11,0,1.5,11,0,0,11,0,0,11,0,0,11,0,1.5,11,0,0,0
"SMCR8_600 2009-06-28",0,11,0,0,11,0,0.667,11,0,0,11,0,0,11,0,0,11,0,0,11,0,0,11,0,0,11,0,0,11,0,0,11,0,0,11,0,0,11,0,0,11,0,0.667,0.667
"SMCR8_601 2009-06-24",0,11,0,0.667,11,0,0,11,0,0,11,0,0,11,0,0,11,0,0,11,0,0,11,0,0,11,0,0,11,0,0,11,0,0,11,0,0,11,0,0,8,NA,0.667,0.667
"SMCR8_605 2009-07-01",0,11,0,0.667,11,0,0.333363636363636,11,1.22023678775138,0,11,0,0,11,0,0,11,0,0,11,0,0,11,0,0,10,NA,0,10,NA,0,10,NA,0,11,0,0,11,0,0,11,0,1.00036363636364,1.00036363636364
"SMCR8_607 2011-07-19",0,11,0,0,11,0,0,11,0,0,11,0,0,11,0,0,11,0,0,11,0,0,11,0,0,11,0,0,11,0,0,11,0,0,11,0,0,11,0,0,11,0,0,0
"SMCR8_613 2009-06-29",0,11,0,0,11,0,0,11,0,0,11,0,0,11,0,0,11,0,0,11,0,0,11,0,0,11,0,0,11,0,0,11,0,0,11,0,0,11,0,0,11,0,0,0
"SMCR8_618 2011-07-19",0,11,0,0,11,0,0,11,0,0,11,0,0,11,0,0,11,0,0,11,0,0,11,0,0,11,0,0,11,0,0,11,0,0,11,0,0,11,0,0,11,0,0,0
"SMCR8_622 2011-06-16",0,11,0,0,11,0,0.886363636363636,11,1.47247472582106,0,11,0,0,11,0,0,11,0,0,11,0,0,11,0,0,11,0,0,11,0,0,11,0,0,11,0,0,11,0,0,11,0,0.886363636363636,0.886363636363636
"SMCR8_629 2011-07-14",0,11,0,0,11,0,0.136363636363636,11,0.606779876216918,0,11,0,0,11,0,0,11,0,0,11,0,0,11,0,0,11,0,0,11,0,0,11,0,0,11,0,0,11,0,0,11,0,0.136363636363636,0.136363636363636
"SMCR8_633 2011-07-26",0,11,0,0.667,11,0,0.886363636363636,11,0.983962305264698,0,11,0,0,11,0,0,11,0,0,11,0,0,11,0,0,11,0,0,11,0,0.363818181818182,11,0.201108066833368,0,11,0,0,11,0,0,11,0,1.55336363636364,1.55336363636364
"SMCR8_688 2009-07-01",0,11,0,0.667,11,0,1.0667,10,NA,0,11,0,0,11,0,0,11,0,0,11,0,0,11,0,0,11,0,0,11,0,0,11,0,0,11,0,0,11,0,0,10,NA,1.7337,1.7337
"VA_RC 2010-06-02",0,11,0,0,11,0,0.636363636363636,11,1.05744116535239,0,11,0,0,11,0,0,11,0,0,11,0,0,11,0,0.227318181818182,11,0.453985742667602,0.0454545454545455,11,0.301511344577764,0,11,0,0,11,0,0,11,0,0,11,0,0.636363636363636,0.636363636363636
"WN_RD 2010-05-27",0,11,0,0,11,0,1.5,11,0,0,11,0,0,11,0,0,11,0,0,11,0,0,11,0,0,11,0,0,11,0,0,11,0,0,11,0,0,11,0,0,11,0,1.5,1.5
"WN_RD1 2010-05-27",0,11,0,0,11,0,1.5,11,0,0,11,0,0,11,0,0,11,0,0,11,0,0,11,0,0,11,0,0,11,0,0,11,0,0,11,0,0,11,0,0,11,0,1.5,1.5
